{
  "gretelarmfeg": 0.0008280637,
  "anlizapasaje1234": 0.0005466135,
  "honeyjean24": 0.0000839471,
  "jeanieviv84": 0.0009734179,
  "diosarich": 0.0006756477,
  "vinzie1": 0.0008236538,
  "wanderelle": 0.0001874935,
  "krissymayol": 0.0005959897,
  "desyah07": 0.0006274747,
  "gracefulwrites": 0.0007087656,
  "katiekate86": 0.0009673134,
  "celestyne15": 0.0009714409,
  "antonette": 0.0000241348,
  "superkristhel": 0.0008440688,
  "hopefulsoul": 0.000337054,
  "ronimarie82": 0.0000862259,
  "dreamrona": 0.0002223668,
  "luthis26": 0.000627654,
  "izyllah-aeon": 0.0006944127,
  "sethjournals": 0.0009994104,
  "yhanyx87": 0.0005916291,
  "saijan19": 0.000227224,
  "rizz26": 0.0009588126,
  "lj1728": 0.0001391974,
  "lolitaanana001": 0.0007604048,
  "vvodjiu": 0.000285198,
  "segundolhou29": 0.0004480828,
  "suteru": 0.0001385412,
  "heymariel": 0.0001852095,
  "jocabanero4": 0.0007450069,
  "sammify": 0.0001195829,
  "rabino7515": 0.0000280817,
  "arriane001": 0.0005129584,
  "daileen23": 0.0002316823
}