{
  "gretelarmfeg": 0.0007514224,
  "anlizapasaje1234": 0.0005466135,
  "honeyjean24": 0.0009212979,
  "jeanieviv84": 0.0009421783,
  "diosarich": 0.0007147345,
  "vinzie1": 0.0009604977,
  "wanderelle": 0.0009226686,
  "krissymayol": 0.0008549765,
  "desyah07": 0.0004318377,
  "gracefulwrites": 0.0008029259,
  "katiekate86": 0.0007222736,
  "celestyne15": 0.0000129068,
  "antonette": 0.0002752238,
  "superkristhel": 0.0008440688,
  "hopefulsoul": 0.0009098451,
  "ronimarie82": 0.0006584521,
  "dreamrona": 0.0002047773,
  "luthis26": 0.0000913985,
  "izyllah-aeon": 0.0002300441,
  "sethjournals": 0.0009994104,
  "yhanyx87": 0.0009987187,
  "saijan19": 0.000091502,
  "rizz26": 0.0006312206,
  "lj1728": 0.000324762,
  "lolitaanana001": 0.0005945006,
  "vvodjiu": 0.0004350391,
  "segundolhou29": 0.0004480828,
  "suteru": 0.0005895688,
  "heymariel": 0.0004340559,
  "jocabanero4": 0.0006433388,
  "sammify": 0.000299261,
  "rabino7515": 0.0003701123,
  "arriane001": 0.0009358943,
  "daileen23": 0.0009401343,
  "blueoctopus": 0.0009471124,
  "crstypatata": 0.0007047615,
  "mayt": 0.0003737323,
  "joanna112890": 0.0008726586,
  "hmayak": 0.0004814875,
  "olang23": 0.0006504411,
  "rodavlas": 0.000682828,
  "levieshome": 0.000375772,
  "serram007": 0.0002007046
}