{
  "gretelarmfeg": 0.0000820379,
  "anlizapasaje1234": 0.0005466135,
  "honeyjean24": 0.0003203247,
  "jeanieviv84": 0.0007758572,
  "diosarich": 0.0002811633,
  "vinzie1": 0.0002676759,
  "wanderelle": 0.0009952083,
  "krissymayol": 0.0002578594,
  "desyah07": 0.0006251514,
  "gracefulwrites": 0.0004578953,
  "katiekate86": 0.0004637673,
  "celestyne15": 0.0001243434,
  "antonette": 0.0005910494,
  "superkristhel": 0.0008440688,
  "hopefulsoul": 0.0004875557,
  "ronimarie82": 0.0003535407,
  "dreamrona": 0.0001871103,
  "luthis26": 0.0002162188,
  "izyllah-aeon": 0.0007491848,
  "sethjournals": 0.0009994104,
  "yhanyx87": 0.0007766535,
  "saijan19": 0.0006313982,
  "rizz26": 0.0008440194,
  "lj1728": 0.0000082453,
  "lolitaanana001": 0.0002642205,
  "vvodjiu": 0.0001848122,
  "segundolhou29": 0.0004480828,
  "suteru": 0.0000606329,
  "heymariel": 0.0004139743,
  "jocabanero4": 0.0007450069,
  "sammify": 0.0006166831,
  "rabino7515": 0.0004393495,
  "arriane001": 0.000219237,
  "daileen23": 0.0009645758
}