{
  "gretelarmfeg": 0.0009026016,
  "anlizapasaje1234": 0.0002320322,
  "honeyjean24": 0.0005623843,
  "jeanieviv84": 0.0003446051,
  "diosarich": 0.0008983076,
  "vinzie1": 0.0005337551,
  "wanderelle": 0.0006094314,
  "krissymayol": 0.0008228939,
  "desyah07": 0.0009686662,
  "gracefulwrites": 0.0004718043,
  "katiekate86": 0.0008929707,
  "celestyne15": 0.0004140318,
  "antonette": 0.0004729926,
  "superkristhel": 0.0008440688,
  "hopefulsoul": 0.0005433112,
  "ronimarie82": 0.0001359258,
  "dreamrona": 0.0000378437,
  "luthis26": 0.0002539098,
  "izyllah-aeon": 0.0006950174,
  "sethjournals": 0.0009994104,
  "yhanyx87": 0.0009046944,
  "saijan19": 0.0004407886,
  "rizz26": 0.0008368472
}