{
  "gretelarmfeg": 0.000600218,
  "anlizapasaje1234": 0.0005466135,
  "honeyjean24": 0.0005928895,
  "jeanieviv84": 0.0001875266,
  "diosarich": 0.0001845911,
  "vinzie1": 0.0009913677,
  "wanderelle": 0.0005736339,
  "krissymayol": 0.0005561253,
  "desyah07": 0.0008156187,
  "gracefulwrites": 0.0003524208,
  "katiekate86": 0.0006819951,
  "celestyne15": 0.0003524229,
  "antonette": 0.0007069132,
  "superkristhel": 0.0008440688,
  "hopefulsoul": 0.0009334945,
  "ronimarie82": 0.0007491914,
  "dreamrona": 0.0000287863,
  "luthis26": 0.0003736709,
  "izyllah-aeon": 0.000458083,
  "sethjournals": 0.0009994104,
  "yhanyx87": 0.0006621587,
  "saijan19": 0.0004212194,
  "rizz26": 0.0009999405,
  "lj1728": 0.0000088986,
  "lolitaanana001": 0.0007123629,
  "vvodjiu": 0.0006179785,
  "segundolhou29": 0.0003262069,
  "suteru": 0.0001359031,
  "heymariel": 0.0007877802
}