{
  "gretelarmfeg": 0.0004920493,
  "anlizapasaje1234": 0.0005466135,
  "honeyjean24": 0.0008321061,
  "jeanieviv84": 0.0004532082,
  "diosarich": 0.000568708,
  "vinzie1": 0.0002046229,
  "wanderelle": 0.000965264,
  "krissymayol": 0.0005761372,
  "desyah07": 0.0008323592,
  "gracefulwrites": 0.0003492593,
  "katiekate86": 0.0000792056,
  "celestyne15": 0.0000491718,
  "antonette": 0.0002752238,
  "superkristhel": 0.0008440688,
  "hopefulsoul": 0.0004949546,
  "ronimarie82": 0.0003103622,
  "dreamrona": 0.0006520114,
  "luthis26": 0.0000913985,
  "izyllah-aeon": 0.000028392,
  "sethjournals": 0.0009994104,
  "yhanyx87": 0.0000221614,
  "saijan19": 0.000611326,
  "rizz26": 0.0000293347,
  "lj1728": 0.0000167736,
  "lolitaanana001": 0.0003912458,
  "vvodjiu": 0.0002696635,
  "segundolhou29": 0.0004480828,
  "suteru": 0.0005326793,
  "heymariel": 0.0001173612,
  "jocabanero4": 0.0006433388,
  "sammify": 0.0007444372,
  "rabino7515": 0.0002042983,
  "arriane001": 0.0000744979,
  "daileen23": 0.0005322063,
  "blueoctopus": 0.0007472283,
  "crstypatata": 0.0009737749,
  "mayt": 0.0009451283,
  "joanna112890": 0.0009347613,
  "hmayak": 0.0003902825,
  "olang23": 0.0006504411,
  "rodavlas": 0.000682828,
  "levieshome": 0.000375772,
  "serram007": 0.0002007046,
  "jovan1978": 0.0000120916,
  "mdsahin111": 0.000396539
}