{
  "gretelarmfeg": 0.000572631,
  "anlizapasaje1234": 0.0001839298,
  "honeyjean24": 0.0006371051,
  "jeanieviv84": 0.000632506,
  "diosarich": 0.0003194128,
  "vinzie1": 0.0000837896,
  "wanderelle": 0.0000093982,
  "krissymayol": 0.0003941195,
  "desyah07": 0.0004117522,
  "gracefulwrites": 0.0008065294,
  "katiekate86": 0.0000154184,
  "celestyne15": 0.0006641858,
  "antonette": 0.000781735,
  "superkristhel": 0.0008195644,
  "hopefulsoul": 0.0000520657,
  "ronimarie82": 0.0008148815,
  "dreamrona": 0.0000509171,
  "luthis26": 0.0006224989,
  "izyllah-aeon": 0.000356135,
  "sethjournals": 0.0009994104,
  "yhanyx87": 0.00095884
}