{
  "gretelarmfeg": 0.0006363626,
  "anlizapasaje1234": 0.0005466135,
  "honeyjean24": 0.0008659831,
  "jeanieviv84": 0.0009822849,
  "diosarich": 0.0007493239,
  "vinzie1": 0.0007166926,
  "wanderelle": 0.0000390627,
  "krissymayol": 0.0000799344,
  "desyah07": 0.000171747,
  "gracefulwrites": 0.0006072086,
  "katiekate86": 0.0007527807,
  "celestyne15": 0.0000135331,
  "antonette": 0.0002752238,
  "superkristhel": 0.0008440688,
  "hopefulsoul": 0.0006237,
  "ronimarie82": 0.0005471746,
  "dreamrona": 0.0001004823,
  "luthis26": 0.0000913985,
  "izyllah-aeon": 0.0005081498,
  "sethjournals": 0.0009994104,
  "yhanyx87": 0.0006810102,
  "saijan19": 0.0006494633,
  "rizz26": 0.0003342108,
  "lj1728": 0.0001598233,
  "lolitaanana001": 0.0000462077,
  "vvodjiu": 0.0002937351,
  "segundolhou29": 0.0004480828,
  "suteru": 0.0000731548,
  "heymariel": 0.0003782121,
  "jocabanero4": 0.0006433388,
  "sammify": 0.0004486314,
  "rabino7515": 0.0001784178,
  "arriane001": 0.0006729726,
  "daileen23": 0.0001117742,
  "blueoctopus": 0.0003642947,
  "crstypatata": 0.0009374988,
  "mayt": 0.0005551664,
  "joanna112890": 0.0008410564,
  "hmayak": 0.0001058702,
  "olang23": 0.0006504411,
  "rodavlas": 0.000682828,
  "levieshome": 0.000375772,
  "serram007": 0.0002007046,
  "jovan1978": 0.0000179954
}