{
  "gretelarmfeg": 0.000442851,
  "anlizapasaje1234": 0.0005466135,
  "honeyjean24": 0.0000437473,
  "jeanieviv84": 0.0008107987,
  "diosarich": 0.0007646301,
  "vinzie1": 0.0006406172,
  "wanderelle": 0.000167605,
  "krissymayol": 0.0001076207,
  "desyah07": 0.0002765612,
  "gracefulwrites": 0.0004424021,
  "katiekate86": 0.0006883579,
  "celestyne15": 0.0002316753,
  "antonette": 0.0008818199,
  "superkristhel": 0.0008440688,
  "hopefulsoul": 0.0005260041,
  "ronimarie82": 0.0002088436,
  "dreamrona": 0.000018383,
  "luthis26": 0.0000913985,
  "izyllah-aeon": 0.0008193078,
  "sethjournals": 0.0009994104,
  "yhanyx87": 0.0005382025,
  "saijan19": 0.0002161251,
  "rizz26": 0.0001965294,
  "lj1728": 0.0008934783,
  "lolitaanana001": 0.0007110607,
  "vvodjiu": 0.0001080788,
  "segundolhou29": 0.0004480828,
  "suteru": 0.0002611034,
  "heymariel": 0.0001689712,
  "jocabanero4": 0.0004410341,
  "sammify": 0.0007284487,
  "rabino7515": 0.0003467289,
  "arriane001": 0.0006699325,
  "daileen23": 0.0003620833,
  "blueoctopus": 0.0005861545,
  "crstypatata": 0.0001666703,
  "mayt": 0.0003045618
}