{
  "gretelarmfeg": 0.0007239126,
  "anlizapasaje1234": 0.0004351102,
  "honeyjean24": 0.0000951956,
  "jeanieviv84": 0.0008467663,
  "diosarich": 0.0007267537,
  "vinzie1": 0.0003575291,
  "wanderelle": 0.0004423197,
  "krissymayol": 0.0008544809,
  "desyah07": 0.0003095225,
  "gracefulwrites": 0.0002309505,
  "katiekate86": 0.000766526,
  "celestyne15": 0.0006260481,
  "antonette": 0.000617343,
  "superkristhel": 0.0002453969,
  "hopefulsoul": 0.0009951227,
  "ronimarie82": 0.0002438365,
  "dreamrona": 0.00099474,
  "luthis26": 0.0004852526,
  "izyllah-aeon": 0.0009896799,
  "sethjournals": 0.0003123663
}