{
  "gretelarmfeg": 0.0000379907,
  "anlizapasaje1234": 0.0005242919,
  "honeyjean24": 0.0003354077,
  "jeanieviv84": 0.0006174588,
  "diosarich": 0.0000943503,
  "vinzie1": 0.000476379,
  "wanderelle": 0.0002714735,
  "krissymayol": 0.0008358637,
  "desyah07": 0.0009352383,
  "gracefulwrites": 0.0006946353,
  "katiekate86": 0.0005162668,
  "celestyne15": 0.0008724137,
  "antonette": 0.0007144399,
  "superkristhel": 0.0008440688,
  "hopefulsoul": 0.0002264774,
  "ronimarie82": 0.0008224943,
  "dreamrona": 0.0002557622,
  "luthis26": 0.0004432632,
  "izyllah-aeon": 0.0002866333,
  "sethjournals": 0.0009994104,
  "yhanyx87": 0.0004567631,
  "saijan19": 0.0007710472,
  "rizz26": 0.0007322539,
  "lj1728": 0.0006884531,
  "lolitaanana001": 0.0008970014
}