{
  "gretelarmfeg": 0.0007862296,
  "anlizapasaje1234": 0.0005466135,
  "honeyjean24": 0.0005619784,
  "jeanieviv84": 0.0003786212,
  "diosarich": 0.0006016211,
  "vinzie1": 0.0002672217,
  "wanderelle": 0.0005368946,
  "krissymayol": 0.0007295853,
  "desyah07": 0.0009014256,
  "gracefulwrites": 0.0006535597,
  "katiekate86": 0.0004785939,
  "celestyne15": 0.0004827238,
  "antonette": 0.0002752238,
  "superkristhel": 0.0008440688,
  "hopefulsoul": 0.0001203209,
  "ronimarie82": 0.0001949382,
  "dreamrona": 0.0004503252,
  "luthis26": 0.0000913985,
  "izyllah-aeon": 0.0000525041,
  "sethjournals": 0.0009994104,
  "yhanyx87": 0.000799092,
  "saijan19": 0.0008980495,
  "rizz26": 0.000666565,
  "lj1728": 0.0005724641,
  "lolitaanana001": 0.000160556,
  "vvodjiu": 0.0000981155,
  "segundolhou29": 0.0004480828,
  "suteru": 0.0004200907,
  "heymariel": 0.0007684332,
  "jocabanero4": 0.0006433388,
  "sammify": 0.0006104854,
  "rabino7515": 0.0003786609,
  "arriane001": 0.0003751773,
  "daileen23": 0.0002734172,
  "blueoctopus": 0.0001638573,
  "crstypatata": 0.0008011637,
  "mayt": 0.0003470877,
  "joanna112890": 0.0007576709,
  "hmayak": 0.0003539444,
  "olang23": 0.0006504411,
  "rodavlas": 0.000682828,
  "levieshome": 0.000375772,
  "serram007": 0.0002007046,
  "jovan1978": 0.0001396065
}