{
  "gretelarmfeg": 0.0007616157,
  "anlizapasaje1234": 0.0005466135,
  "honeyjean24": 0.0001219888,
  "jeanieviv84": 0.0004359706,
  "diosarich": 0.0006633001,
  "vinzie1": 0.0006265891,
  "wanderelle": 0.0007198612,
  "krissymayol": 0.000064016,
  "desyah07": 0.0004449744,
  "gracefulwrites": 0.0005662951,
  "katiekate86": 0.0007837756,
  "celestyne15": 0.0009321918,
  "antonette": 0.0001013363,
  "superkristhel": 0.0008440688,
  "hopefulsoul": 0.00041458,
  "ronimarie82": 0.0006117548,
  "dreamrona": 0.000173307,
  "luthis26": 0.0000913985,
  "izyllah-aeon": 0.0005797842,
  "sethjournals": 0.0009994104,
  "yhanyx87": 0.0006978404,
  "saijan19": 0.0009913757,
  "rizz26": 0.0009433513,
  "lj1728": 0.0003219225,
  "lolitaanana001": 0.0008946007,
  "vvodjiu": 0.0007262994,
  "segundolhou29": 0.0004480828,
  "suteru": 0.0009504377,
  "heymariel": 0.0006592723,
  "jocabanero4": 0.0003338976,
  "sammify": 0.0009624184,
  "rabino7515": 0.0003313122,
  "arriane001": 0.0006604378,
  "daileen23": 0.0001309015,
  "blueoctopus": 0.0003266214,
  "crstypatata": 0.0007068306,
  "mayt": 0.0006537405,
  "joanna112890": 0.0006041863,
  "hmayak": 0.0004174448
}