{
  "gretelarmfeg": 0.2210723774,
  "anlizapasaje1234": 0.0005466135,
  "honeyjean24": 0.0020916071,
  "jeanieviv84": 0.0813102057,
  "diosarich": 0.1603728771,
  "vinzie1": 0.1608162286,
  "wanderelle": 0.0204589651,
  "krissymayol": 0.020803441,
  "desyah07": 0.0086810136,
  "gracefulwrites": 0.0067493026,
  "katiekate86": 0.1005983891,
  "celestyne15": 0.0104359781,
  "antonette": 0.0211899046,
  "superkristhel": 0.0008440688,
  "hopefulsoul": 0.0392109736,
  "ronimarie82": 0.0309568629,
  "dreamrona": 0.0403576061,
  "luthis26": 0.0208029273,
  "izyllah-aeon": 0.019536668,
  "sethjournals": 0.0009994104,
  "yhanyx87": 0.003626099,
  "saijan19": 0.0103630989,
  "rizz26": 0.0070590822,
  "lj1728": 0.0310177836,
  "lolitaanana001": 0.0103789793,
  "vvodjiu": 0.0509063897,
  "segundolhou29": 0.0004480828,
  "suteru": 0.2011254507,
  "heymariel": 0.0106830474,
  "jocabanero4": 0.0007450069,
  "sammify": 0.0043403938,
  "rabino7515": 0.0106060312,
  "arriane001": 0.0058022161,
  "daileen23": 0.005532623
}