{
  "gretelarmfeg": 0.0000293948,
  "anlizapasaje1234": 0.0005466135,
  "honeyjean24": 0.0000421627,
  "jeanieviv84": 0.0006444622,
  "diosarich": 0.0004818384,
  "vinzie1": 0.0008763982,
  "wanderelle": 0.0001322883,
  "krissymayol": 0.0000787008,
  "desyah07": 0.000267935,
  "gracefulwrites": 0.0004358942,
  "katiekate86": 0.0001846707,
  "celestyne15": 0.0001811637,
  "antonette": 0.0008570647,
  "superkristhel": 0.0008440688,
  "hopefulsoul": 0.0004231193,
  "ronimarie82": 0.0001095635,
  "dreamrona": 0.0006987228,
  "luthis26": 0.0000913985,
  "izyllah-aeon": 0.0000275329,
  "sethjournals": 0.0009994104,
  "yhanyx87": 0.0009336115,
  "saijan19": 0.0001984528,
  "rizz26": 0.0001840531,
  "lj1728": 0.0006934859,
  "lolitaanana001": 0.0005335156,
  "vvodjiu": 0.0008256949,
  "segundolhou29": 0.0004480828,
  "suteru": 0.0000813945,
  "heymariel": 0.0001151323,
  "jocabanero4": 0.0006254584,
  "sammify": 0.0005049112,
  "rabino7515": 0.0002848854,
  "arriane001": 0.0001389825,
  "daileen23": 0.0003182988,
  "blueoctopus": 0.0003039922,
  "crstypatata": 0.0000203647,
  "mayt": 0.0001552333
}