{
  "gretelarmfeg": 0.0008380849,
  "anlizapasaje1234": 0.0005466135,
  "honeyjean24": 0.0005537927,
  "jeanieviv84": 0.0004357592,
  "diosarich": 0.0001632993,
  "vinzie1": 0.0007180567,
  "wanderelle": 0.0002298899,
  "krissymayol": 0.0008394962,
  "desyah07": 0.0000772416,
  "gracefulwrites": 0.0007889085,
  "katiekate86": 0.0007599191,
  "celestyne15": 0.0003238781,
  "antonette": 0.0000496429,
  "superkristhel": 0.0008440688,
  "hopefulsoul": 0.0005987272,
  "ronimarie82": 0.0009552533,
  "dreamrona": 0.0004228479,
  "luthis26": 0.0000913985,
  "izyllah-aeon": 0.0006986453,
  "sethjournals": 0.0009994104,
  "yhanyx87": 0.0006039059,
  "saijan19": 0.0007458135,
  "rizz26": 0.000918292,
  "lj1728": 0.0001781577,
  "lolitaanana001": 0.000092643,
  "vvodjiu": 0.0003887835,
  "segundolhou29": 0.0004480828,
  "suteru": 0.0000883369,
  "heymariel": 0.0009128824,
  "jocabanero4": 0.0006433388,
  "sammify": 0.0006812741,
  "rabino7515": 0.0002527508,
  "arriane001": 0.0001199833,
  "daileen23": 0.0008066265,
  "blueoctopus": 0.0004739134,
  "crstypatata": 0.0006110901,
  "mayt": 0.0004325577,
  "joanna112890": 0.0006549379,
  "hmayak": 0.0000660705,
  "olang23": 0.0006504411,
  "rodavlas": 0.000682828,
  "levieshome": 0.000375772,
  "serram007": 0.0002007046
}