{
  "gretelarmfeg": 0.0003902822,
  "anlizapasaje1234": 0.0005466135,
  "honeyjean24": 0.0003187083,
  "jeanieviv84": 0.0003780026,
  "diosarich": 0.0001502578,
  "vinzie1": 0.0003925554,
  "wanderelle": 0.0002682841,
  "krissymayol": 0.000421491,
  "desyah07": 0.0003001512,
  "gracefulwrites": 0.0002088198,
  "katiekate86": 0.0002901208,
  "celestyne15": 0.0001870907,
  "antonette": 0.0003344913,
  "superkristhel": 0.0008440688,
  "hopefulsoul": 0.0003247267,
  "ronimarie82": 0.00081662,
  "dreamrona": 0.0001979426,
  "luthis26": 0.0000913985,
  "izyllah-aeon": 0.0007089224,
  "sethjournals": 0.0009994104,
  "yhanyx87": 0.000044073,
  "saijan19": 0.000266002,
  "rizz26": 0.0007640348,
  "lj1728": 0.0001447365,
  "lolitaanana001": 0.0008757163,
  "vvodjiu": 0.000891119,
  "segundolhou29": 0.0004480828,
  "suteru": 0.0007211041,
  "heymariel": 0.0000134939,
  "jocabanero4": 0.0008121992,
  "sammify": 0.0009339828,
  "rabino7515": 0.000924476,
  "arriane001": 0.0009578637,
  "daileen23": 0.0008861546,
  "blueoctopus": 0.0007377267,
  "crstypatata": 0.0005683366,
  "mayt": 0.0006054818,
  "joanna112890": 0.0006883414
}