{
  "gretelarmfeg": 0.0000503362,
  "anlizapasaje1234": 0.0005466135,
  "honeyjean24": 0.000839253,
  "jeanieviv84": 0.0005010709,
  "diosarich": 0.0001674322,
  "vinzie1": 0.0003508153,
  "wanderelle": 0.0009349532,
  "krissymayol": 0.0009510577,
  "desyah07": 0.0007890496,
  "gracefulwrites": 0.000082293,
  "katiekate86": 0.0007697637,
  "celestyne15": 0.0003604491,
  "antonette": 0.0001237301,
  "superkristhel": 0.0008440688,
  "hopefulsoul": 0.0005132737,
  "ronimarie82": 0.000047852,
  "dreamrona": 0.0003475657,
  "luthis26": 0.000785498,
  "izyllah-aeon": 0.0008444492,
  "sethjournals": 0.0009994104,
  "yhanyx87": 0.0009946,
  "saijan19": 0.000601806,
  "rizz26": 0.0006984508,
  "lj1728": 0.0000796021,
  "lolitaanana001": 0.0001448768,
  "vvodjiu": 0.000510955,
  "segundolhou29": 0.000735076,
  "suteru": 0.0007304761,
  "heymariel": 0.0007783224
}