{
  "gretelarmfeg": 0.0002487476,
  "anlizapasaje1234": 0.0005466135,
  "honeyjean24": 0.0000579457,
  "jeanieviv84": 0.0000487403,
  "diosarich": 0.0001632619,
  "vinzie1": 0.0008830688,
  "wanderelle": 0.000381926,
  "krissymayol": 0.0009696505,
  "desyah07": 0.0004593622,
  "gracefulwrites": 0.0005816094,
  "katiekate86": 0.0007745602,
  "celestyne15": 0.0006481631,
  "antonette": 0.0005144847,
  "superkristhel": 0.0008440688,
  "hopefulsoul": 0.000803894,
  "ronimarie82": 0.0005804833,
  "dreamrona": 0.0009530734,
  "luthis26": 0.0000913985,
  "izyllah-aeon": 0.0006941014,
  "sethjournals": 0.0009994104,
  "yhanyx87": 0.000688749,
  "saijan19": 0.000824051,
  "rizz26": 0.0006644326,
  "lj1728": 0.0008116563,
  "lolitaanana001": 0.000621332,
  "vvodjiu": 0.0008331302,
  "segundolhou29": 0.0004480828,
  "suteru": 0.0009244985,
  "heymariel": 0.000768705,
  "jocabanero4": 0.0001882048,
  "sammify": 0.0008932103,
  "rabino7515": 0.0003873011,
  "arriane001": 0.0006917759,
  "daileen23": 0.0005542278,
  "blueoctopus": 0.0006643412,
  "crstypatata": 0.0004934913,
  "mayt": 0.0007978624
}