{
  "gretelarmfeg": 0.000106077,
  "anlizapasaje1234": 0.0005466135,
  "honeyjean24": 0.0001953272,
  "jeanieviv84": 0.0007960115,
  "diosarich": 0.0003117031,
  "vinzie1": 0.0009009052,
  "wanderelle": 0.0002904064,
  "krissymayol": 0.0003595325,
  "desyah07": 0.0008367009,
  "gracefulwrites": 0.0008617347,
  "katiekate86": 0.00070025,
  "celestyne15": 0.0001299813,
  "antonette": 0.0002177907,
  "superkristhel": 0.0008440688,
  "hopefulsoul": 0.0009370984,
  "ronimarie82": 0.0009584461,
  "dreamrona": 0.0000733585,
  "luthis26": 0.0000913985,
  "izyllah-aeon": 0.0006740889,
  "sethjournals": 0.0009994104,
  "yhanyx87": 0.000702526,
  "saijan19": 0.0007772456,
  "rizz26": 0.0004953993,
  "lj1728": 0.0006103468,
  "lolitaanana001": 0.0008497014,
  "vvodjiu": 0.0009976122,
  "segundolhou29": 0.0004480828,
  "suteru": 0.0008065636,
  "heymariel": 1.197e-7,
  "jocabanero4": 0.0009168008,
  "sammify": 0.0005837891,
  "rabino7515": 0.0000163159,
  "arriane001": 0.0005041553,
  "daileen23": 0.0000290413,
  "blueoctopus": 0.0005623511,
  "crstypatata": 0.0000493204,
  "mayt": 0.0001261991,
  "joanna112890": 0.00072985
}