{
  "gretelarmfeg": 0.0000468914,
  "anlizapasaje1234": 0.0000566884,
  "honeyjean24": 0.0003390129,
  "jeanieviv84": 0.0007134749,
  "diosarich": 0.0002699142,
  "vinzie1": 0.0004805579,
  "wanderelle": 0.0004423197,
  "krissymayol": 0.0001322147,
  "desyah07": 0.0002727744,
  "gracefulwrites": 0.0009531885,
  "katiekate86": 0.0001734283,
  "celestyne15": 0.0001052899,
  "antonette": 0.0000087206,
  "superkristhel": 0.0004396107,
  "hopefulsoul": 0.0009500544,
  "ronimarie82": 0.0004374766,
  "dreamrona": 0.000949531,
  "luthis26": 0.0008716428,
  "izyllah-aeon": 0.000525766,
  "sethjournals": 0.0009994104
}