{
  "gretelarmfeg": 0.0009995177,
  "anlizapasaje1234": 0.0005466135,
  "honeyjean24": 0.0003419779,
  "jeanieviv84": 0.0004910214,
  "diosarich": 0.0003743815,
  "vinzie1": 0.0006159875,
  "wanderelle": 0.0007789462,
  "krissymayol": 0.0001693592,
  "desyah07": 0.0003083848,
  "gracefulwrites": 0.0002135763,
  "katiekate86": 0.0007137683,
  "celestyne15": 0.000724158,
  "antonette": 0.0002367966,
  "superkristhel": 0.0008440688,
  "hopefulsoul": 0.0000680786,
  "ronimarie82": 0.0003655301,
  "dreamrona": 0.0008011008,
  "luthis26": 0.0000913985,
  "izyllah-aeon": 0.0001685816,
  "sethjournals": 0.0009994104,
  "yhanyx87": 0.0007886673,
  "saijan19": 0.0000208178,
  "rizz26": 0.0005474725,
  "lj1728": 0.0000157925,
  "lolitaanana001": 0.0008798444,
  "vvodjiu": 0.0000388521,
  "segundolhou29": 0.0004480828,
  "suteru": 0.0009820683,
  "heymariel": 0.0004271771,
  "jocabanero4": 0.0001986957,
  "sammify": 0.0008088135,
  "rabino7515": 0.0000413321,
  "arriane001": 0.0005152432,
  "daileen23": 0.0005086189,
  "blueoctopus": 0.0009151314,
  "crstypatata": 0.0009633051,
  "mayt": 0.0008883552,
  "joanna112890": 0.0002430124,
  "hmayak": 0.0005009556
}