{
  "gretelarmfeg": 0.0004577211,
  "anlizapasaje1234": 0.0005466135,
  "honeyjean24": 0.0004039188,
  "jeanieviv84": 0.0008112287,
  "diosarich": 0.0008002257,
  "vinzie1": 0.0004708946,
  "wanderelle": 0.0002054507,
  "krissymayol": 0.0006736596,
  "desyah07": 0.0008860032,
  "gracefulwrites": 0.0006523049,
  "katiekate86": 0.0000036655,
  "celestyne15": 0.0001737426,
  "antonette": 0.0001406815,
  "superkristhel": 0.0008440688,
  "hopefulsoul": 0.000737147,
  "ronimarie82": 0.0001809157,
  "dreamrona": 0.0007058401,
  "luthis26": 0.0007353367,
  "izyllah-aeon": 0.0006510122,
  "sethjournals": 0.0009994104,
  "yhanyx87": 0.0006174412,
  "saijan19": 0.0007360729,
  "rizz26": 0.0008466387,
  "lj1728": 0.0002937612,
  "lolitaanana001": 0.0008190342,
  "vvodjiu": 0.0000182872,
  "segundolhou29": 0.0004480828,
  "suteru": 0.0006025437,
  "heymariel": 0.0003564513,
  "jocabanero4": 0.0004880095,
  "sammify": 0.0007024392,
  "rabino7515": 0.0001246025,
  "arriane001": 0.0005609548,
  "daileen23": 0.000268782,
  "blueoctopus": 0.0002635178
}