{
  "gretelarmfeg": 0.0007062979,
  "anlizapasaje1234": 0.0008016683,
  "honeyjean24": 0.0001267391,
  "jeanieviv84": 0.0008821993,
  "diosarich": 0.0004184947,
  "vinzie1": 0.0002486963,
  "wanderelle": 0.0000025563,
  "krissymayol": 0.0009697638,
  "desyah07": 0.0003141667,
  "gracefulwrites": 0.0002324022,
  "katiekate86": 0.0007657208,
  "celestyne15": 0.000604258,
  "antonette": 0.0004595342,
  "superkristhel": 0.0008440688,
  "hopefulsoul": 0.0009156229,
  "ronimarie82": 0.0001442129,
  "dreamrona": 0.0007426218,
  "luthis26": 0.0002770065,
  "izyllah-aeon": 0.0009091681,
  "sethjournals": 0.0009994104,
  "yhanyx87": 0.0001861302,
  "saijan19": 0.000637886,
  "rizz26": 0.0008272069
}