{
  "gretelarmfeg": 0.0006430869,
  "anlizapasaje1234": 0.0009103223,
  "honeyjean24": 0.0003806844,
  "jeanieviv84": 0.0005982855,
  "diosarich": 0.0008959031,
  "vinzie1": 0.0009258047,
  "wanderelle": 0.0003766306,
  "krissymayol": 0.0003766247,
  "desyah07": 0.0005035317,
  "gracefulwrites": 0.0001273277,
  "katiekate86": 0.0007568671
}