{
  "gretelarmfeg": 0.0002664358,
  "anlizapasaje1234": 0.0005466135,
  "honeyjean24": 0.000669631,
  "jeanieviv84": 0.0001292885,
  "diosarich": 0.0001150613,
  "vinzie1": 0.0001649673,
  "wanderelle": 0.0002104955,
  "krissymayol": 0.0008785063,
  "desyah07": 0.0005197048,
  "gracefulwrites": 0.0001204067,
  "katiekate86": 0.0006763911,
  "celestyne15": 0.0005142209,
  "antonette": 0.0001266785,
  "superkristhel": 0.0008440688,
  "hopefulsoul": 0.0001351677,
  "ronimarie82": 0.0000033826,
  "dreamrona": 0.0009629896,
  "luthis26": 0.0000913985,
  "izyllah-aeon": 0.0007725563,
  "sethjournals": 0.0009994104,
  "yhanyx87": 0.0003444165,
  "saijan19": 0.0002359894,
  "rizz26": 0.0001952971,
  "lj1728": 0.0007353883,
  "lolitaanana001": 0.0002542038,
  "vvodjiu": 0.000289027,
  "segundolhou29": 0.0004480828,
  "suteru": 0.0009651664,
  "heymariel": 0.0000728458,
  "jocabanero4": 0.0006433388,
  "sammify": 0.0009009198,
  "rabino7515": 0.0003396297,
  "arriane001": 0.0006631646,
  "daileen23": 0.0007977777,
  "blueoctopus": 0.0006864783,
  "crstypatata": 0.0005783327,
  "mayt": 0.0003722006,
  "joanna112890": 0.0000873432,
  "hmayak": 0.0000095938,
  "olang23": 0.0006504411,
  "rodavlas": 0.000682828,
  "levieshome": 0.000375772,
  "serram007": 0.0002007046
}