{
  "gretelarmfeg": 0.0008100111,
  "anlizapasaje1234": 0.0005466135,
  "honeyjean24": 0.0009180715,
  "jeanieviv84": 0.0003842577,
  "diosarich": 0.000431734,
  "vinzie1": 0.0001129322,
  "wanderelle": 0.0008352902,
  "krissymayol": 0.0008001285,
  "desyah07": 0.0007649797,
  "gracefulwrites": 0.0000585675,
  "katiekate86": 0.0007574672,
  "celestyne15": 0.0004380318,
  "antonette": 0.0005904888,
  "superkristhel": 0.0008440688,
  "hopefulsoul": 0.000855751,
  "ronimarie82": 0.0000306861,
  "dreamrona": 0.0001921427,
  "luthis26": 0.0000913985,
  "izyllah-aeon": 0.0005515775,
  "sethjournals": 0.0009994104,
  "yhanyx87": 0.0009530495,
  "saijan19": 0.0005499138,
  "rizz26": 0.0007895348,
  "lj1728": 0.0003245093,
  "lolitaanana001": 0.0008155291,
  "vvodjiu": 0.0000241225,
  "segundolhou29": 0.0004480828,
  "suteru": 0.0007305827,
  "heymariel": 0.0003624162,
  "jocabanero4": 0.0003637837,
  "sammify": 0.0006219636,
  "rabino7515": 0.0005091122,
  "arriane001": 0.0002510145,
  "daileen23": 0.0008335979,
  "blueoctopus": 0.0001006928,
  "crstypatata": 0.0004036661,
  "mayt": 0.0005298274
}