{
  "gretelarmfeg": 0.0006554727,
  "anlizapasaje1234": 0.0005466135,
  "honeyjean24": 0.0003573934,
  "jeanieviv84": 0.0005376829,
  "diosarich": 0.0006493183,
  "vinzie1": 0.0003621741,
  "wanderelle": 0.0008796849,
  "krissymayol": 0.0006161714,
  "desyah07": 0.0002462615,
  "gracefulwrites": 0.0001649148,
  "katiekate86": 0.0005207841,
  "celestyne15": 0.0004971309,
  "antonette": 0.0009089261,
  "superkristhel": 0.0008440688,
  "hopefulsoul": 0.0004235803,
  "ronimarie82": 0.0005114843,
  "dreamrona": 0.0006764031,
  "luthis26": 0.0000913985,
  "izyllah-aeon": 0.0003440692,
  "sethjournals": 0.0009994104,
  "yhanyx87": 0.0002818852,
  "saijan19": 0.0005704354,
  "rizz26": 0.0001759154,
  "lj1728": 0.0005027016,
  "lolitaanana001": 0.0000161223,
  "vvodjiu": 0.0009441272,
  "segundolhou29": 0.0004480828,
  "suteru": 0.0003958846,
  "heymariel": 0.0000201378,
  "jocabanero4": 0.0006433388,
  "sammify": 0.0009174611,
  "rabino7515": 0.0002012344,
  "arriane001": 0.000699238,
  "daileen23": 0.0004432499,
  "blueoctopus": 0.0003217271,
  "crstypatata": 0.0000594162,
  "mayt": 0.0008209249,
  "joanna112890": 0.000836016,
  "hmayak": 0.0004953272,
  "olang23": 0.0006504411,
  "rodavlas": 0.000682828,
  "levieshome": 0.000375772,
  "serram007": 0.0002007046
}