{
  "gretelarmfeg": 0.0003308799,
  "anlizapasaje1234": 0.0005466135,
  "honeyjean24": 0.0008739653,
  "jeanieviv84": 0.0004519199,
  "diosarich": 0.0004325174,
  "vinzie1": 0.0006515767,
  "wanderelle": 0.0004428087,
  "krissymayol": 0.0007346347,
  "desyah07": 0.0008292785,
  "gracefulwrites": 0.0001108161,
  "katiekate86": 0.0002098933,
  "celestyne15": 0.0006983044,
  "antonette": 0.0000868196,
  "superkristhel": 0.0008440688,
  "hopefulsoul": 0.000674795,
  "ronimarie82": 0.0003137503,
  "dreamrona": 0.0008123941,
  "luthis26": 0.0007076581,
  "izyllah-aeon": 0.0007466797,
  "sethjournals": 0.0009994104,
  "yhanyx87": 0.000140929,
  "saijan19": 0.000355135,
  "rizz26": 0.0004697193,
  "lj1728": 0.0002036024,
  "lolitaanana001": 0.0007679848,
  "vvodjiu": 0.0004635097,
  "segundolhou29": 0.0004480828,
  "suteru": 0.0007668901,
  "heymariel": 0.0009727598,
  "jocabanero4": 0.0007450069,
  "sammify": 0.0007188931,
  "rabino7515": 0.0009616271,
  "arriane001": 0.0004802468,
  "daileen23": 0.0002202616
}