{
  "gretelarmfeg": 0.000514865,
  "anlizapasaje1234": 0.0005466135,
  "honeyjean24": 0.0005622325,
  "jeanieviv84": 0.0006693628,
  "diosarich": 0.0000966802,
  "vinzie1": 0.0007493849,
  "wanderelle": 0.0002946211,
  "krissymayol": 0.0009106884,
  "desyah07": 0.0001086898,
  "gracefulwrites": 0.000812456,
  "katiekate86": 0.0007531874,
  "celestyne15": 0.0003230606,
  "antonette": 0.0001250417,
  "superkristhel": 0.0008440688,
  "hopefulsoul": 0.0006855742,
  "ronimarie82": 0.0000055802,
  "dreamrona": 0.0009319846,
  "luthis26": 0.0000913985,
  "izyllah-aeon": 0.0009993233,
  "sethjournals": 0.0009994104,
  "yhanyx87": 0.0000133251,
  "saijan19": 0.0007781651,
  "rizz26": 0.0009358112,
  "lj1728": 0.0006223081,
  "lolitaanana001": 0.0008045843,
  "vvodjiu": 0.0008940082,
  "segundolhou29": 0.0004480828,
  "suteru": 0.0007303539,
  "heymariel": 0.0009087042,
  "jocabanero4": 0.0006433388,
  "sammify": 0.0004755727,
  "rabino7515": 0.0002404876,
  "arriane001": 0.0006138232,
  "daileen23": 0.0007925231,
  "blueoctopus": 0.0002555585,
  "crstypatata": 0.000563718,
  "mayt": 0.0003821324,
  "joanna112890": 0.000140898,
  "hmayak": 0.0000554479,
  "olang23": 0.0006504411,
  "rodavlas": 0.000682828,
  "levieshome": 0.000375772,
  "serram007": 0.0002007046
}