{
  "gretelarmfeg": 0.0007072548,
  "anlizapasaje1234": 0.0005466135,
  "honeyjean24": 0.0001527114,
  "jeanieviv84": 0.0008224428,
  "diosarich": 0.000255235,
  "vinzie1": 0.0009041112,
  "wanderelle": 0.0007850022,
  "krissymayol": 0.0005660582,
  "desyah07": 0.000126956,
  "gracefulwrites": 0.0000871281,
  "katiekate86": 0.0001418303,
  "celestyne15": 0.0004528966,
  "antonette": 0.000585698,
  "superkristhel": 0.0008440688,
  "hopefulsoul": 0.0007047748,
  "ronimarie82": 0.0005243918,
  "dreamrona": 0.0004950854,
  "luthis26": 0.0002823581,
  "izyllah-aeon": 0.0004903767,
  "sethjournals": 0.0009994104,
  "yhanyx87": 0.0007206243,
  "saijan19": 0.000527341,
  "rizz26": 0.0009225922,
  "lj1728": 0.0009618572,
  "lolitaanana001": 0.0004851924,
  "vvodjiu": 0.0005997934,
  "segundolhou29": 0.0009483897
}