{
  "gretelarmfeg": 0.0003456798,
  "anlizapasaje1234": 0.0005466135,
  "honeyjean24": 0.000332169,
  "jeanieviv84": 0.0005912343,
  "diosarich": 0.0005327346,
  "vinzie1": 0.0001983925,
  "wanderelle": 0.0001262693,
  "krissymayol": 0.0003559294,
  "desyah07": 0.0009689645,
  "gracefulwrites": 0.0009539929,
  "katiekate86": 0.0005350219,
  "celestyne15": 0.000087541,
  "antonette": 0.0002752238,
  "superkristhel": 0.0008440688,
  "hopefulsoul": 0.0003333303,
  "ronimarie82": 0.0003113875,
  "dreamrona": 0.0007366008,
  "luthis26": 0.0000913985,
  "izyllah-aeon": 0.0002700436,
  "sethjournals": 0.0009994104,
  "yhanyx87": 0.0008636464,
  "saijan19": 0.0006926566,
  "rizz26": 0.0005807108,
  "lj1728": 0.0006635797,
  "lolitaanana001": 0.0006896061,
  "vvodjiu": 0.0008981976,
  "segundolhou29": 0.0004480828,
  "suteru": 0.0004492364,
  "heymariel": 0.0003540206,
  "jocabanero4": 0.0006433388,
  "sammify": 0.0008772806,
  "rabino7515": 0.0009179869,
  "arriane001": 0.0005497172,
  "daileen23": 0.0003584158,
  "blueoctopus": 0.0005714206,
  "crstypatata": 0.0007490948,
  "mayt": 0.0002775485,
  "joanna112890": 0.0002601844,
  "hmayak": 0.0000150621,
  "olang23": 0.0006504411,
  "rodavlas": 0.000682828,
  "levieshome": 0.000375772,
  "serram007": 0.0002007046,
  "jovan1978": 0.0003903122,
  "mdsahin111": 0.0003975177
}