{
  "gretelarmfeg": 0.0008960785,
  "anlizapasaje1234": 0.0005466135,
  "honeyjean24": 0.000995557,
  "jeanieviv84": 0.0006555881,
  "diosarich": 0.0001601888,
  "vinzie1": 0.0000613575,
  "wanderelle": 0.0002360247,
  "krissymayol": 0.0000096668,
  "desyah07": 0.00050099,
  "gracefulwrites": 0.0006176979,
  "katiekate86": 0.0009088609,
  "celestyne15": 0.0001404397,
  "antonette": 0.0000244797,
  "superkristhel": 0.0008440688,
  "hopefulsoul": 0.0006060326,
  "ronimarie82": 0.0002545926,
  "dreamrona": 0.0009554906,
  "luthis26": 0.0007222404,
  "izyllah-aeon": 0.0008181273,
  "sethjournals": 0.0009994104,
  "yhanyx87": 0.000103358,
  "saijan19": 0.0007528683,
  "rizz26": 0.0004600793,
  "lj1728": 0.0004769788,
  "lolitaanana001": 0.0003358777,
  "vvodjiu": 0.0002569308,
  "segundolhou29": 0.0006525767
}