{
  "gretelarmfeg": 0.0007552809,
  "anlizapasaje1234": 0.0005466135,
  "honeyjean24": 0.0008445308,
  "jeanieviv84": 0.0006397045,
  "diosarich": 0.0001305111,
  "vinzie1": 0.0005158802,
  "wanderelle": 0.0001631486,
  "krissymayol": 0.0001216245,
  "desyah07": 0.0008307742,
  "gracefulwrites": 0.000113931,
  "katiekate86": 0.0008576162,
  "celestyne15": 0.0007705213,
  "antonette": 0.0002567768,
  "superkristhel": 0.0008440688,
  "hopefulsoul": 0.0009379907,
  "ronimarie82": 0.0008073067,
  "dreamrona": 0.0006486944,
  "luthis26": 0.0009270994,
  "izyllah-aeon": 0.0008875744,
  "sethjournals": 0.0009994104,
  "yhanyx87": 0.0004233643,
  "saijan19": 0.0007160289,
  "rizz26": 0.0007838578,
  "lj1728": 0.0008060491,
  "lolitaanana001": 0.0009893995,
  "vvodjiu": 0.000114449,
  "segundolhou29": 0.0008894033,
  "suteru": 0.0008494006,
  "heymariel": 0.0002183705
}