{
  "gretelarmfeg": 0.0004539752,
  "anlizapasaje1234": 0.0005466135,
  "honeyjean24": 0.000931591,
  "jeanieviv84": 0.0007724662,
  "diosarich": 3.7e-7,
  "vinzie1": 0.000884442,
  "wanderelle": 0.0006461404,
  "krissymayol": 0.0003601623,
  "desyah07": 0.000193405,
  "gracefulwrites": 0.0006194268,
  "katiekate86": 0.0000104991,
  "celestyne15": 0.0008598509,
  "antonette": 0.0002752238,
  "superkristhel": 0.0008440688,
  "hopefulsoul": 0.0002116176,
  "ronimarie82": 0.0005850069,
  "dreamrona": 0.0004155762,
  "luthis26": 0.0000913985,
  "izyllah-aeon": 0.000511353,
  "sethjournals": 0.0009994104,
  "yhanyx87": 0.0005231813,
  "saijan19": 0.0009515401,
  "rizz26": 0.0001350005,
  "lj1728": 0.0001963021,
  "lolitaanana001": 0.0004087332,
  "vvodjiu": 0.0005099934,
  "segundolhou29": 0.0004480828,
  "suteru": 0.0001511458,
  "heymariel": 0.0008743868,
  "jocabanero4": 0.0006433388,
  "sammify": 0.0003899586,
  "rabino7515": 0.0008322493,
  "arriane001": 0.0006846546,
  "daileen23": 0.0002012872,
  "blueoctopus": 0.0002036252,
  "crstypatata": 0.000864951,
  "mayt": 0.0005893448,
  "joanna112890": 0.0006577367,
  "hmayak": 0.0001854418,
  "olang23": 0.0006504411,
  "rodavlas": 0.000682828,
  "levieshome": 0.000375772,
  "serram007": 0.0002007046,
  "jovan1978": 0.0006248726,
  "mdsahin111": 0.0009983405
}