{
  "gretelarmfeg": 0.0005281422,
  "anlizapasaje1234": 0.0005466135,
  "honeyjean24": 0.0009454628,
  "jeanieviv84": 0.0009975177,
  "diosarich": 0.0005339265,
  "vinzie1": 0.0007254622,
  "wanderelle": 0.0009895873,
  "krissymayol": 0.000679618,
  "desyah07": 0.0003305195,
  "gracefulwrites": 0.0004903449,
  "katiekate86": 0.0005598056,
  "celestyne15": 0.000061138,
  "antonette": 0.0006399946,
  "superkristhel": 0.0008440688,
  "hopefulsoul": 0.000048504,
  "ronimarie82": 0.0004901802,
  "dreamrona": 0.000814869,
  "luthis26": 0.0003501669,
  "izyllah-aeon": 0.0004592076,
  "sethjournals": 0.0009994104,
  "yhanyx87": 0.0008642386,
  "saijan19": 0.0006298311,
  "rizz26": 0.0004107378,
  "lj1728": 0.0003798677,
  "lolitaanana001": 0.0003741982,
  "vvodjiu": 0.0006127511
}