{
  "gretelarmfeg": 0.0006955917,
  "anlizapasaje1234": 0.0005466135,
  "honeyjean24": 0.0002452254,
  "jeanieviv84": 0.0007052704,
  "diosarich": 0.0000895833,
  "vinzie1": 0.0001226339,
  "wanderelle": 0.0005294956,
  "krissymayol": 0.0003554772,
  "desyah07": 0.000123262,
  "gracefulwrites": 0.0000781094,
  "katiekate86": 0.0003290111,
  "celestyne15": 0.0009982873,
  "antonette": 0.0000554326,
  "superkristhel": 0.0008440688,
  "hopefulsoul": 0.0006514917,
  "ronimarie82": 0.000577148,
  "dreamrona": 0.0000439364,
  "luthis26": 0.0000913985,
  "izyllah-aeon": 0.0006664037,
  "sethjournals": 0.0009994104,
  "yhanyx87": 0.0006625686,
  "saijan19": 0.0003973184,
  "rizz26": 0.0009386335,
  "lj1728": 0.0000571585,
  "lolitaanana001": 0.0005329728,
  "vvodjiu": 0.000472841,
  "segundolhou29": 0.0004480828,
  "suteru": 0.0006145773,
  "heymariel": 0.0009948985,
  "jocabanero4": 0.0007518067,
  "sammify": 0.0000598622,
  "rabino7515": 0.0003153527,
  "arriane001": 0.0006547486,
  "daileen23": 0.0006623123,
  "blueoctopus": 0.0000808124,
  "crstypatata": 0.0005071347,
  "mayt": 0.0006989146
}