{
  "gretelarmfeg": 0.0005273712,
  "anlizapasaje1234": 0.0003330026,
  "honeyjean24": 0.0003546882,
  "jeanieviv84": 0.000981012,
  "diosarich": 0.0001938969,
  "vinzie1": 0.0009407271,
  "wanderelle": 0.0007261505,
  "krissymayol": 0.0005474586,
  "desyah07": 0.0002781486,
  "gracefulwrites": 0.0009562609,
  "katiekate86": 0.0001810072,
  "celestyne15": 0.000096603,
  "antonette": 0.0009422388,
  "superkristhel": 0.0003993331,
  "hopefulsoul": 0.0009157368,
  "ronimarie82": 0.0003944623,
  "dreamrona": 0.0009145421,
  "luthis26": 0.0007813691,
  "izyllah-aeon": 0.000604499,
  "sethjournals": 0.0009994104,
  "yhanyx87": 0.0003593747
}