{
  "gretelarmfeg": 0.0005033515,
  "anlizapasaje1234": 0.0005466135,
  "honeyjean24": 0.0008783888,
  "jeanieviv84": 0.0002709992,
  "diosarich": 0.0004253595,
  "vinzie1": 0.0004242971,
  "wanderelle": 0.0001238738,
  "krissymayol": 0.0001776389,
  "desyah07": 0.0002167582,
  "gracefulwrites": 0.0006408899,
  "katiekate86": 0.0005175265,
  "celestyne15": 0.0009897197,
  "antonette": 0.0002752238,
  "superkristhel": 0.0008440688,
  "hopefulsoul": 0.0007127169,
  "ronimarie82": 0.000581059,
  "dreamrona": 0.0008991127,
  "luthis26": 0.0000913985,
  "izyllah-aeon": 0.0000682442,
  "sethjournals": 0.0009994104,
  "yhanyx87": 0.0004935959,
  "saijan19": 0.0006918409,
  "rizz26": 0.0003558623,
  "lj1728": 0.0000721333,
  "lolitaanana001": 0.0002917235,
  "vvodjiu": 0.0000401947,
  "segundolhou29": 0.0004480828,
  "suteru": 0.0008973902,
  "heymariel": 0.0003476922,
  "jocabanero4": 0.0006433388,
  "sammify": 0.0000292684,
  "rabino7515": 0.0001317638,
  "arriane001": 0.0004990962,
  "daileen23": 0.0000703208,
  "blueoctopus": 0.0007954613,
  "crstypatata": 0.0007986007,
  "mayt": 0.0004101754,
  "joanna112890": 0.0008063843,
  "hmayak": 0.0000802358,
  "olang23": 0.0006504411,
  "rodavlas": 0.000682828,
  "levieshome": 0.000375772,
  "serram007": 0.0002007046,
  "jovan1978": 0.0002194415
}