{
  "gretelarmfeg": 0.0007727293,
  "anlizapasaje1234": 0.0005466135,
  "honeyjean24": 0.00014275,
  "jeanieviv84": 0.0006119493,
  "diosarich": 0.0007254522,
  "vinzie1": 0.0001274702,
  "wanderelle": 0.0007233255,
  "krissymayol": 0.0007915982,
  "desyah07": 0.0002690137,
  "gracefulwrites": 0.0004299948,
  "katiekate86": 0.0007729288,
  "celestyne15": 0.0002149359,
  "antonette": 0.0002752238,
  "superkristhel": 0.0008440688,
  "hopefulsoul": 0.0005705209,
  "ronimarie82": 0.0003752189,
  "dreamrona": 0.0000674408,
  "luthis26": 0.0000913985,
  "izyllah-aeon": 0.0009520829,
  "sethjournals": 0.0009994104,
  "yhanyx87": 0.0006583204,
  "saijan19": 0.0009915352,
  "rizz26": 0.0001314312,
  "lj1728": 0.0007471948,
  "lolitaanana001": 0.0004508213,
  "vvodjiu": 0.0006538423,
  "segundolhou29": 0.0004480828,
  "suteru": 0.0006162485,
  "heymariel": 0.0005653622,
  "jocabanero4": 0.0006433388,
  "sammify": 0.0000582051,
  "rabino7515": 0.0003312797,
  "arriane001": 0.0005554613,
  "daileen23": 0.000774884,
  "blueoctopus": 0.0006674757,
  "crstypatata": 0.0001463345,
  "mayt": 0.0007510535,
  "joanna112890": 0.0001429745,
  "hmayak": 0.0003017941,
  "olang23": 0.0006504411,
  "rodavlas": 0.000682828,
  "levieshome": 0.000375772,
  "serram007": 0.0002007046,
  "jovan1978": 0.0006981199
}