{
  "gretelarmfeg": 0.0005374126,
  "anlizapasaje1234": 0.0005466135,
  "honeyjean24": 0.0001506559,
  "jeanieviv84": 0.0002631761,
  "diosarich": 0.0000414863,
  "vinzie1": 0.0004330232,
  "wanderelle": 0.0004047303,
  "krissymayol": 0.000961014,
  "desyah07": 0.0008414486,
  "gracefulwrites": 0.0008683622,
  "katiekate86": 0.0004963209,
  "celestyne15": 0.0003210413,
  "antonette": 0.0004853782,
  "superkristhel": 0.0008440688,
  "hopefulsoul": 0.0009230982,
  "ronimarie82": 0.0003422823,
  "dreamrona": 0.0002895615,
  "luthis26": 0.0000669592,
  "izyllah-aeon": 0.0004349566,
  "sethjournals": 0.0009994104,
  "yhanyx87": 0.000830205,
  "saijan19": 0.0003355214,
  "rizz26": 0.0009805204,
  "lj1728": 0.0000684644,
  "lolitaanana001": 0.0007012858,
  "vvodjiu": 0.0003441186,
  "segundolhou29": 0.0004480828,
  "suteru": 0.0002150575,
  "heymariel": 0.0004579373,
  "jocabanero4": 0.0005555748,
  "sammify": 0.0001617587,
  "rabino7515": 0.0001158767,
  "arriane001": 0.0005562027,
  "daileen23": 0.0000241981,
  "blueoctopus": 0.0007496306,
  "crstypatata": 0.0000618148
}