{
  "gretelarmfeg": 0.0001890576,
  "anlizapasaje1234": 0.0005466135,
  "honeyjean24": 0.000599212,
  "jeanieviv84": 0.0002790253,
  "diosarich": 0.0004645681,
  "vinzie1": 0.000707267,
  "wanderelle": 0.0008782181,
  "krissymayol": 0.0004240459,
  "desyah07": 0.0002817312,
  "gracefulwrites": 0.000942657,
  "katiekate86": 0.000262907,
  "celestyne15": 0.0009756011,
  "antonette": 0.0005926685,
  "superkristhel": 0.0008440688,
  "hopefulsoul": 0.000187321,
  "ronimarie82": 0.0003894241,
  "dreamrona": 0.0007048296,
  "luthis26": 0.0000913985,
  "izyllah-aeon": 0.0008891485,
  "sethjournals": 0.0009994104,
  "yhanyx87": 0.0006911493,
  "saijan19": 0.0000701161,
  "rizz26": 0.0001315474,
  "lj1728": 0.0001035046,
  "lolitaanana001": 0.0003712965,
  "vvodjiu": 0.0004461042,
  "segundolhou29": 0.0004480828,
  "suteru": 0.0000100811,
  "heymariel": 0.0005977802,
  "jocabanero4": 0.0002854824,
  "sammify": 0.0009692694,
  "rabino7515": 0.0000174577,
  "arriane001": 0.0005026187,
  "daileen23": 0.0003320369,
  "blueoctopus": 0.0009744262,
  "crstypatata": 0.00036602,
  "mayt": 0.0002176269,
  "joanna112890": 0.0009866256,
  "hmayak": 0.0002996594,
  "olang23": 0.0003651769
}