{
  "gretelarmfeg": 0.0007329075,
  "anlizapasaje1234": 0.0005466135,
  "honeyjean24": 0.0007342435,
  "jeanieviv84": 0.0003162536,
  "diosarich": 0.0001223126,
  "vinzie1": 0.0006390547,
  "wanderelle": 0.0005379353,
  "krissymayol": 0.0009821172,
  "desyah07": 0.000858215,
  "gracefulwrites": 0.0003756275,
  "katiekate86": 0.0007592173,
  "celestyne15": 0.0003275021,
  "antonette": 0.0000845615,
  "superkristhel": 0.0008440688,
  "hopefulsoul": 0.000909381,
  "ronimarie82": 0.0006147934,
  "dreamrona": 0.000817592,
  "luthis26": 0.0000913985,
  "izyllah-aeon": 0.0005690975,
  "sethjournals": 0.0009994104,
  "yhanyx87": 0.0005178956,
  "saijan19": 0.0009001956,
  "rizz26": 0.0006593561,
  "lj1728": 0.0007224657,
  "lolitaanana001": 0.0003906376,
  "vvodjiu": 0.0009318941,
  "segundolhou29": 0.0004480828,
  "suteru": 0.0004939819,
  "heymariel": 0.0000025531,
  "jocabanero4": 0.0005694869,
  "sammify": 0.0007410193,
  "rabino7515": 0.0005494248,
  "arriane001": 0.0002690517,
  "daileen23": 0.0003573383,
  "blueoctopus": 0.0006550858,
  "crstypatata": 0.0007893675,
  "mayt": 0.0006890085,
  "joanna112890": 0.0006092161,
  "hmayak": 0.0007345837
}