{
  "gretelarmfeg": 0.0003791188,
  "anlizapasaje1234": 0.0005466135,
  "honeyjean24": 0.0001153279,
  "jeanieviv84": 0.0004867179,
  "diosarich": 0.0003634547,
  "vinzie1": 0.0005665502,
  "wanderelle": 0.0002546189,
  "krissymayol": 0.0003867854,
  "desyah07": 0.0001364719,
  "gracefulwrites": 0.0003302064,
  "katiekate86": 0.0001621528,
  "celestyne15": 0.0006524313,
  "antonette": 0.0002752238,
  "superkristhel": 0.0008440688,
  "hopefulsoul": 0.0003225632,
  "ronimarie82": 0.0002096459,
  "dreamrona": 0.0006690309,
  "luthis26": 0.0000913985,
  "izyllah-aeon": 0.0009275656,
  "sethjournals": 0.0009994104,
  "yhanyx87": 0.0005962305,
  "saijan19": 0.0007570431,
  "rizz26": 0.000498356,
  "lj1728": 0.0000675872,
  "lolitaanana001": 0.0009339522,
  "vvodjiu": 0.000107905,
  "segundolhou29": 0.0004480828,
  "suteru": 0.0005441664,
  "heymariel": 0.0009696228,
  "jocabanero4": 0.0006433388,
  "sammify": 0.0008022318,
  "rabino7515": 0.0006555873,
  "arriane001": 0.0002493119,
  "daileen23": 0.0003027618,
  "blueoctopus": 0.0001816157,
  "crstypatata": 0.0005690256,
  "mayt": 0.000143551,
  "joanna112890": 0.000837806,
  "hmayak": 0.0000858622,
  "olang23": 0.0006504411,
  "rodavlas": 0.000682828,
  "levieshome": 0.000375772,
  "serram007": 0.0002007046,
  "jovan1978": 0.0002518997
}