{
  "gretelarmfeg": 0.0004963739,
  "anlizapasaje1234": 0.0005466135,
  "honeyjean24": 0.000422732,
  "jeanieviv84": 0.0005522356,
  "diosarich": 0.0006532262,
  "vinzie1": 0.0004794761,
  "wanderelle": 0.0009587777,
  "krissymayol": 0.0002413058,
  "desyah07": 0.000027671,
  "gracefulwrites": 0.0007596661,
  "katiekate86": 0.0002651955,
  "celestyne15": 0.0005040423,
  "antonette": 0.0005874371,
  "superkristhel": 0.0008440688,
  "hopefulsoul": 0.0002071481,
  "ronimarie82": 0.0006550099,
  "dreamrona": 0.000930354,
  "luthis26": 0.0002096558,
  "izyllah-aeon": 0.0003621883,
  "sethjournals": 0.0009994104,
  "yhanyx87": 0.0001126511,
  "saijan19": 0.0001131397,
  "rizz26": 0.0001272445,
  "lj1728": 0.0007999607,
  "lolitaanana001": 0.0005960942,
  "vvodjiu": 0.0005355523,
  "segundolhou29": 0.0004480828,
  "suteru": 0.0001279889,
  "heymariel": 0.0007833341,
  "jocabanero4": 0.0007450069,
  "sammify": 0.00013674,
  "rabino7515": 0.0007838363,
  "arriane001": 0.0008913925,
  "daileen23": 0.0006331041
}