{
  "gretelarmfeg": 0.0007537605,
  "anlizapasaje1234": 0.0004351102,
  "honeyjean24": 0.0006688842,
  "jeanieviv84": 0.0003396981,
  "diosarich": 0.0000311599,
  "vinzie1": 0.0001768318,
  "wanderelle": 0.0006588865,
  "krissymayol": 0.0006588719,
  "desyah07": 0.0006281703,
  "gracefulwrites": 0.0009703358,
  "katiekate86": 0.0005655865,
  "celestyne15": 0.0007901127,
  "antonette": 0.0004472714,
  "superkristhel": 0.0001632939,
  "hopefulsoul": 0.0003303138,
  "ronimarie82": 0.0001628742,
  "dreamrona": 0.0003302108,
  "luthis26": 0.0003250974,
  "izyllah-aeon": 0.0009130247
}