{
  "gretelarmfeg": 0.0000444347,
  "anlizapasaje1234": 0.0005466135,
  "honeyjean24": 0.0009760843,
  "jeanieviv84": 0.0004349075,
  "diosarich": 0.0008583595,
  "vinzie1": 0.0002925615,
  "wanderelle": 0.0006362646,
  "krissymayol": 0.0001711769,
  "desyah07": 0.0004354423,
  "gracefulwrites": 0.0008020258,
  "katiekate86": 0.0004757694,
  "celestyne15": 0.0002747987,
  "antonette": 0.0002752238,
  "superkristhel": 0.0008440688,
  "hopefulsoul": 0.000094773,
  "ronimarie82": 0.0003667275,
  "dreamrona": 0.0002530579,
  "luthis26": 0.0000913985,
  "izyllah-aeon": 0.0006822109,
  "sethjournals": 0.0009994104,
  "yhanyx87": 0.0004519059,
  "saijan19": 0.0004469913,
  "rizz26": 0.0006894505,
  "lj1728": 0.0003834813,
  "lolitaanana001": 0.0006004268,
  "vvodjiu": 0.0004321143,
  "segundolhou29": 0.0004480828,
  "suteru": 0.0000345479,
  "heymariel": 0.0003824997,
  "jocabanero4": 0.0006433388,
  "sammify": 0.0006492333,
  "rabino7515": 0.0005644901,
  "arriane001": 0.0001842163,
  "daileen23": 0.0004276265,
  "blueoctopus": 0.000610479,
  "crstypatata": 0.0009627509,
  "mayt": 0.0005883822,
  "joanna112890": 0.0004646304,
  "hmayak": 0.000758373,
  "olang23": 0.0006504411,
  "rodavlas": 0.000682828,
  "levieshome": 0.000375772,
  "serram007": 0.0002007046,
  "jovan1978": 0.0009106101,
  "mdsahin111": 0.0004531422
}