{
  "gretelarmfeg": 0.0006851214,
  "anlizapasaje1234": 0.0007934026,
  "honeyjean24": 0.0002360571,
  "jeanieviv84": 0.0008311759,
  "diosarich": 0.0002956936,
  "vinzie1": 0.0006614394,
  "wanderelle": 0.0000155961,
  "krissymayol": 0.0000091317,
  "desyah07": 0.0007420216,
  "gracefulwrites": 0.0005531359,
  "katiekate86": 0.0008343961,
  "celestyne15": 0.000816317,
  "antonette": 0.0005160435,
  "superkristhel": 0.0008440688,
  "hopefulsoul": 0.0003369577,
  "ronimarie82": 0.000670862,
  "dreamrona": 0.0007223414,
  "luthis26": 0.0003296075,
  "izyllah-aeon": 0.0003068933,
  "sethjournals": 0.0009994104,
  "yhanyx87": 0.00092941,
  "saijan19": 0.0001443487,
  "rizz26": 0.0001233759
}