{
  "gretelarmfeg": 0.0002150775,
  "anlizapasaje1234": 0.0005466135,
  "honeyjean24": 0.0006818927,
  "jeanieviv84": 0.000704874,
  "diosarich": 0.000602109,
  "vinzie1": 0.0007388751,
  "wanderelle": 0.0003752041,
  "krissymayol": 0.0000438097,
  "desyah07": 0.0009262213,
  "gracefulwrites": 0.00043127,
  "katiekate86": 0.0006050596,
  "celestyne15": 0.0002294067,
  "antonette": 0.0006413028,
  "superkristhel": 0.0008440688,
  "hopefulsoul": 0.0007386829,
  "ronimarie82": 0.000984921,
  "dreamrona": 0.0001913453,
  "luthis26": 0.0000913985,
  "izyllah-aeon": 0.0001227358,
  "sethjournals": 0.0009994104,
  "yhanyx87": 0.0003322753,
  "saijan19": 0.0008205145,
  "rizz26": 0.0004386294,
  "lj1728": 0.0009426888,
  "lolitaanana001": 0.0000484075,
  "vvodjiu": 0.0003622283,
  "segundolhou29": 0.0004480828,
  "suteru": 0.0004065026,
  "heymariel": 0.000307878,
  "jocabanero4": 0.0001797954,
  "sammify": 0.0003547702,
  "rabino7515": 0.000825264,
  "arriane001": 0.0009103998,
  "daileen23": 0.0009325637,
  "blueoctopus": 0.0009763302,
  "crstypatata": 0.0000834277,
  "mayt": 0.0003495775
}