{
  "gretelarmfeg": 0.0004876967,
  "anlizapasaje1234": 0.0005466135,
  "honeyjean24": 0.0006433759,
  "jeanieviv84": 0.0008060543,
  "diosarich": 0.0008428378,
  "vinzie1": 0.0004818712,
  "wanderelle": 0.000976679,
  "krissymayol": 0.000978199,
  "desyah07": 0.0006530771,
  "gracefulwrites": 0.0002244211,
  "katiekate86": 0.0005886715,
  "celestyne15": 0.0008203331,
  "antonette": 0.0007924415,
  "superkristhel": 0.0008440688,
  "hopefulsoul": 0.000219196,
  "ronimarie82": 0.0004772384,
  "dreamrona": 0.0003908125,
  "luthis26": 0.0000913985,
  "izyllah-aeon": 0.0003551394,
  "sethjournals": 0.0009994104,
  "yhanyx87": 0.00095487,
  "saijan19": 0.0001205286,
  "rizz26": 0.0009211636,
  "lj1728": 0.0001935376,
  "lolitaanana001": 0.0001053835,
  "vvodjiu": 0.0007645944,
  "segundolhou29": 0.0004480828,
  "suteru": 0.0004047579,
  "heymariel": 0.0007256372,
  "jocabanero4": 0.0004372075,
  "sammify": 0.0008088938,
  "rabino7515": 0.0008264317,
  "arriane001": 0.0004095121,
  "daileen23": 0.000785693,
  "blueoctopus": 0.0001704812,
  "crstypatata": 0.0009086012,
  "mayt": 0.0000174279
}