{
  "gretelarmfeg": 0.0003997881,
  "anlizapasaje1234": 0.0005466135,
  "honeyjean24": 0.0007002388,
  "jeanieviv84": 0.0009452554,
  "diosarich": 0.0007297634,
  "vinzie1": 0.0008339698,
  "wanderelle": 0.0001130837,
  "krissymayol": 0.0009424963,
  "desyah07": 0.0002997694,
  "gracefulwrites": 0.000716449,
  "katiekate86": 0.0005436876,
  "celestyne15": 0.0005358716,
  "antonette": 0.0009936196,
  "superkristhel": 0.0008440688,
  "hopefulsoul": 0.0007086473,
  "ronimarie82": 0.0001664712,
  "dreamrona": 0.0007619683,
  "luthis26": 0.0006831012,
  "izyllah-aeon": 0.0001000082,
  "sethjournals": 0.0009994104,
  "yhanyx87": 0.0002692267,
  "saijan19": 0.0001912768,
  "rizz26": 0.0005067952,
  "lj1728": 0.0008718527,
  "lolitaanana001": 0.0009815852,
  "vvodjiu": 0.0000610033,
  "segundolhou29": 0.0009228051
}