{
  "gretelarmfeg": 0.9074312782,
  "anlizapasaje1234": 0.0005466135,
  "honeyjean24": 0.0088524277,
  "jeanieviv84": 0.3331225329,
  "diosarich": 0.8153977218,
  "vinzie1": 0.6622410539,
  "wanderelle": 0.083410829,
  "krissymayol": 0.084285033,
  "desyah07": 0.0341771395,
  "gracefulwrites": 0.0256122498,
  "katiekate86": 0.414134243,
  "celestyne15": 0.0420554013,
  "antonette": 0.0836674509,
  "superkristhel": 0.0008440688,
  "hopefulsoul": 0.1582623762,
  "ronimarie82": 0.1253112931,
  "dreamrona": 0.4099705287,
  "luthis26": 0.0000913985,
  "izyllah-aeon": 0.077589313,
  "sethjournals": 0.0009994104,
  "yhanyx87": 0.0123238519,
  "saijan19": 0.0418357084,
  "rizz26": 0.0254947567,
  "lj1728": 0.4889550603,
  "lolitaanana001": 0.1637352901,
  "vvodjiu": 0.4923062573,
  "segundolhou29": 0.0004480828,
  "suteru": 0.8575398764,
  "heymariel": 0.0415067736,
  "jocabanero4": 0.0006433388,
  "sammify": 0.015163185,
  "rabino7515": 0.0415155379,
  "arriane001": 0.0416546453,
  "daileen23": 0.0480880514,
  "blueoctopus": 0.4781216304,
  "crstypatata": 0.1602010632,
  "mayt": 0.1598974918,
  "joanna112890": 0.024509462,
  "hmayak": 0.0165840446,
  "olang23": 0.0006504411,
  "rodavlas": 0.000682828,
  "levieshome": 0.000375772,
  "serram007": 0.0002007046
}