{
  "gretelarmfeg": 0.0007852498,
  "anlizapasaje1234": 0.0009797541,
  "honeyjean24": 0.0002660825,
  "jeanieviv84": 0.0007389015,
  "diosarich": 0.0004080753,
  "vinzie1": 0.0003732238,
  "wanderelle": 0.0001256335,
  "krissymayol": 0.0005101852,
  "desyah07": 0.0007222628,
  "gracefulwrites": 0.000535979,
  "katiekate86": 0.0007707105,
  "celestyne15": 0.0007786886,
  "antonette": 0.0002716745,
  "superkristhel": 0.0008440688,
  "hopefulsoul": 0.0004233886,
  "ronimarie82": 0.0009055472,
  "dreamrona": 0.0003375206,
  "luthis26": 0.0000271939,
  "izyllah-aeon": 0.0007336273,
  "sethjournals": 0.0009994104,
  "yhanyx87": 0.0002264125,
  "saijan19": 0.000698518,
  "rizz26": 0.0007413915
}