{
  "gretelarmfeg": 0.0004241175,
  "anlizapasaje1234": 0.0005466135,
  "honeyjean24": 0.0004607202,
  "jeanieviv84": 0.0000126575,
  "diosarich": 0.0001397779,
  "vinzie1": 0.000278173,
  "wanderelle": 0.0004906126,
  "krissymayol": 0.0007087988,
  "desyah07": 0.000844957,
  "gracefulwrites": 0.0006170355,
  "katiekate86": 0.0000790101,
  "celestyne15": 0.0004645285,
  "antonette": 0.000664105,
  "superkristhel": 0.0008440688,
  "hopefulsoul": 0.0002836633,
  "ronimarie82": 0.0001797416,
  "dreamrona": 0.000694039,
  "luthis26": 0.0000913985,
  "izyllah-aeon": 0.000247067,
  "sethjournals": 0.0009994104,
  "yhanyx87": 0.0002187879,
  "saijan19": 0.0008770249,
  "rizz26": 0.0001116234,
  "lj1728": 0.0003638921,
  "lolitaanana001": 0.000589606,
  "vvodjiu": 0.0009753316,
  "segundolhou29": 0.0004480828,
  "suteru": 0.00054829,
  "heymariel": 0.0002571322,
  "jocabanero4": 0.0003568973,
  "sammify": 0.0009794805,
  "rabino7515": 0.0000868027,
  "arriane001": 0.0000387398,
  "daileen23": 0.0009157104,
  "blueoctopus": 0.0000336506,
  "crstypatata": 0.0006632278,
  "mayt": 0.0006696661,
  "joanna112890": 0.000632838
}