{
  "gretelarmfeg": 0.000273335,
  "anlizapasaje1234": 0.0005466135,
  "honeyjean24": 0.0004178095,
  "jeanieviv84": 0.0001400237,
  "diosarich": 0.000417602,
  "vinzie1": 0.0003274169,
  "wanderelle": 0.0004362059,
  "krissymayol": 0.0005457145,
  "desyah07": 0.0000698668,
  "gracefulwrites": 0.0007923474,
  "katiekate86": 0.0004997612,
  "celestyne15": 0.0006313628,
  "antonette": 0.0007791991,
  "superkristhel": 0.0008440688,
  "hopefulsoul": 0.0001791669,
  "ronimarie82": 0.0006235996,
  "dreamrona": 0.0004859271,
  "luthis26": 0.0004271015,
  "izyllah-aeon": 0.0003001313,
  "sethjournals": 0.0009994104,
  "yhanyx87": 0.0003699344,
  "saijan19": 0.0003522294,
  "rizz26": 0.000321357,
  "lj1728": 0.0007732935,
  "lolitaanana001": 0.0003950517,
  "vvodjiu": 0.0008168165,
  "segundolhou29": 0.0008834276,
  "suteru": 0.0002583867,
  "heymariel": 6.515e-7,
  "jocabanero4": 0.0007266354
}