{
  "gretelarmfeg": 0.0000049382,
  "anlizapasaje1234": 0.0006804503,
  "honeyjean24": 0.0000624934,
  "jeanieviv84": 0.0001688913,
  "diosarich": 0.0003573549,
  "vinzie1": 0.0005546718,
  "wanderelle": 0.0004423197,
  "krissymayol": 0.0008519538,
  "desyah07": 0.0001489967,
  "gracefulwrites": 0.0001100594,
  "katiekate86": 0.000362176,
  "celestyne15": 0.0005398894,
  "antonette": 0.0001746024,
  "superkristhel": 0.000020379,
  "hopefulsoul": 0.0008140221,
  "ronimarie82": 0.0000174,
  "dreamrona": 0.0008132914,
  "luthis26": 0.000030179,
  "izyllah-aeon": 0.000976712,
  "sethjournals": 0.0009994104
}