{
  "gretelarmfeg": 0.0002553043,
  "anlizapasaje1234": 0.0005466135,
  "honeyjean24": 0.0009220647,
  "jeanieviv84": 0.0000328285,
  "diosarich": 0.000976781,
  "vinzie1": 0.0004265015,
  "wanderelle": 0.0005610415,
  "krissymayol": 0.0003149919,
  "desyah07": 0.0002140642,
  "gracefulwrites": 0.0004026213,
  "katiekate86": 0.0001367528,
  "celestyne15": 0.0009983743,
  "antonette": 0.0003169842,
  "superkristhel": 0.0008440688,
  "hopefulsoul": 0.0008465203,
  "ronimarie82": 0.0003846617,
  "dreamrona": 0.0003054286,
  "luthis26": 0.000017668,
  "izyllah-aeon": 0.0004718023,
  "sethjournals": 0.0009994104,
  "yhanyx87": 0.0008077727,
  "saijan19": 0.0004154194,
  "rizz26": 0.0002633756,
  "lj1728": 0.0009722479,
  "lolitaanana001": 0.0002832084,
  "vvodjiu": 0.0007854826,
  "segundolhou29": 0.0005547188
}