{
  "gretelarmfeg": 0.0001091876,
  "anlizapasaje1234": 0.0005466135,
  "honeyjean24": 0.0000607012,
  "jeanieviv84": 0.0005495645,
  "diosarich": 0.0000371547,
  "vinzie1": 0.0007554411,
  "wanderelle": 0.0007268561,
  "krissymayol": 0.0005388416,
  "desyah07": 0.0003901712,
  "gracefulwrites": 0.000528375,
  "katiekate86": 0.0000315134,
  "celestyne15": 0.0001688501,
  "antonette": 0.0002296846,
  "superkristhel": 0.0008440688,
  "hopefulsoul": 0.0003047696,
  "ronimarie82": 0.0009745037,
  "dreamrona": 0.0005681451,
  "luthis26": 0.0000913985,
  "izyllah-aeon": 0.0005188881,
  "sethjournals": 0.0009994104,
  "yhanyx87": 0.000609426,
  "saijan19": 0.0004960291,
  "rizz26": 0.0004019578,
  "lj1728": 0.0006748719,
  "lolitaanana001": 0.0000260322,
  "vvodjiu": 0.0003909142,
  "segundolhou29": 0.0004480828,
  "suteru": 0.0003966484,
  "heymariel": 0.0001727415,
  "jocabanero4": 0.0005284198,
  "sammify": 0.0001729779,
  "rabino7515": 0.0005107097,
  "arriane001": 0.000252489,
  "daileen23": 0.0001941388,
  "blueoctopus": 0.0009383568,
  "crstypatata": 0.000947338,
  "mayt": 0.0001457319
}