{
  "gretelarmfeg": 0.0000409187,
  "anlizapasaje1234": 0.0005670062,
  "honeyjean24": 0.0002407633,
  "jeanieviv84": 0.0007449879,
  "diosarich": 0.0002914447,
  "vinzie1": 0.0005434764,
  "wanderelle": 0.0004423197,
  "krissymayol": 0.0000330439,
  "desyah07": 0.0008754178,
  "gracefulwrites": 0.0006550982,
  "katiekate86": 0.0001795915,
  "celestyne15": 0.0009057469,
  "antonette": 0.0000092536,
  "superkristhel": 0.0009393422,
  "hopefulsoul": 0.0005496803,
  "ronimarie82": 0.0009370001,
  "dreamrona": 0.0005491059,
  "luthis26": 0.0008703671,
  "izyllah-aeon": 0.000330248,
  "sethjournals": 0.0009994104
}