{
  "gretelarmfeg": 0.0000294956,
  "anlizapasaje1234": 0.0005466135,
  "honeyjean24": 0.000494044,
  "jeanieviv84": 0.0002341809,
  "diosarich": 0.0004296875,
  "vinzie1": 0.0004217711,
  "wanderelle": 0.0000202837,
  "krissymayol": 0.000488038,
  "desyah07": 0.0005313023,
  "gracefulwrites": 0.0003743224,
  "katiekate86": 0.000830019,
  "celestyne15": 0.0003117235,
  "antonette": 0.0002752238,
  "superkristhel": 0.0008440688,
  "hopefulsoul": 0.0007000834,
  "ronimarie82": 0.0009288973,
  "dreamrona": 0.000997903,
  "luthis26": 0.0000913985,
  "izyllah-aeon": 0.0000080391,
  "sethjournals": 0.0009994104,
  "yhanyx87": 0.0008019593,
  "saijan19": 0.0001391467,
  "rizz26": 0.0002825125,
  "lj1728": 0.0000786268,
  "lolitaanana001": 0.0009804901,
  "vvodjiu": 0.0007467552,
  "segundolhou29": 0.0004480828,
  "suteru": 0.000746834,
  "heymariel": 0.000454357,
  "jocabanero4": 0.0006433388,
  "sammify": 0.0009987295,
  "rabino7515": 0.0007203852,
  "arriane001": 0.0000027762,
  "daileen23": 0.0003912782,
  "blueoctopus": 0.0000506952,
  "crstypatata": 0.0005120067,
  "mayt": 0.0009279464,
  "joanna112890": 0.0000190938,
  "hmayak": 0.0004744728,
  "olang23": 0.0006504411,
  "rodavlas": 0.000682828,
  "levieshome": 0.000375772,
  "serram007": 0.0002007046,
  "jovan1978": 0.0007742236,
  "mdsahin111": 0.0002735235
}