{
  "gretelarmfeg": 0.0004182235,
  "anlizapasaje1234": 0.0005466135,
  "honeyjean24": 0.0009487728,
  "jeanieviv84": 0.0002902054,
  "diosarich": 0.0007990013,
  "vinzie1": 0.0001495639,
  "wanderelle": 0.000648759,
  "krissymayol": 0.0004472135,
  "desyah07": 0.0009472973,
  "gracefulwrites": 0.0001963005,
  "katiekate86": 0.0003329438,
  "celestyne15": 0.0006992953,
  "antonette": 0.0001292469,
  "superkristhel": 0.0008440688,
  "hopefulsoul": 0.0003320763,
  "ronimarie82": 0.0004553062,
  "dreamrona": 0.0005371356,
  "luthis26": 0.0000913985,
  "izyllah-aeon": 0.000040912,
  "sethjournals": 0.0009994104,
  "yhanyx87": 0.000657745,
  "saijan19": 0.00095701,
  "rizz26": 0.0000825081,
  "lj1728": 0.0003687092,
  "lolitaanana001": 0.0002338074,
  "vvodjiu": 0.0001062308,
  "segundolhou29": 0.0004480828,
  "suteru": 0.0003640451,
  "heymariel": 0.000710225,
  "jocabanero4": 0.0004091081,
  "sammify": 0.000415262,
  "rabino7515": 0.0000651251,
  "arriane001": 0.0000297565,
  "daileen23": 0.0009409148,
  "blueoctopus": 0.0002296055,
  "crstypatata": 0.0001040136,
  "mayt": 0.0003088017
}