{
  "gretelarmfeg": 0.0000792856,
  "anlizapasaje1234": 0.0005466135,
  "honeyjean24": 0.0000146423,
  "jeanieviv84": 0.0001436004,
  "diosarich": 0.0004747617,
  "vinzie1": 0.0006229466,
  "wanderelle": 0.0002140522,
  "krissymayol": 0.0003717179,
  "desyah07": 0.0000822925,
  "gracefulwrites": 0.0002953991,
  "katiekate86": 0.0007909573,
  "celestyne15": 0.0006370748,
  "antonette": 0.0002876211,
  "superkristhel": 0.0008440688,
  "hopefulsoul": 0.0004967439,
  "ronimarie82": 0.0002029957,
  "dreamrona": 0.0008862827,
  "luthis26": 0.0000913985,
  "izyllah-aeon": 0.00012741,
  "sethjournals": 0.0009994104,
  "yhanyx87": 0.0000167268,
  "saijan19": 0.0007388763,
  "rizz26": 0.0008464539,
  "lj1728": 0.0004609118,
  "lolitaanana001": 0.0007179769,
  "vvodjiu": 0.0001202494,
  "segundolhou29": 0.0004480828,
  "suteru": 0.0006026532,
  "heymariel": 0.0004611587,
  "jocabanero4": 0.00064285,
  "sammify": 0.0001722456,
  "rabino7515": 0.0003665613,
  "arriane001": 0.0006788866,
  "daileen23": 0.0009467506,
  "blueoctopus": 0.000481819,
  "crstypatata": 0.0004367411,
  "mayt": 0.0004717792,
  "joanna112890": 0.0007138168
}