{
  "gretelarmfeg": 0.0009095001,
  "anlizapasaje1234": 0.0005466135,
  "honeyjean24": 0.0009955681,
  "jeanieviv84": 0.0001092704,
  "diosarich": 0.0009802855,
  "vinzie1": 0.0004409631,
  "wanderelle": 0.0009436054,
  "krissymayol": 0.0008133518,
  "desyah07": 0.0004666602,
  "gracefulwrites": 0.000591376,
  "katiekate86": 0.0002971351,
  "celestyne15": 0.0001164547,
  "antonette": 0.0008907351,
  "superkristhel": 0.0008440688,
  "hopefulsoul": 0.0009475258,
  "ronimarie82": 0.0001202859,
  "dreamrona": 0.0005414447,
  "luthis26": 0.0005742294,
  "izyllah-aeon": 0.0001608186,
  "sethjournals": 0.0009994104,
  "yhanyx87": 0.0000677275,
  "saijan19": 0.00060645,
  "rizz26": 0.0003440898,
  "lj1728": 0.0003536523,
  "lolitaanana001": 0.0002342636,
  "vvodjiu": 0.0003298333,
  "segundolhou29": 0.0004128394
}