{
  "gretelarmfeg": 0.0009110476,
  "anlizapasaje1234": 0.0002816747,
  "honeyjean24": 0.0002317736,
  "jeanieviv84": 0.0007322142,
  "diosarich": 0.0007736033,
  "vinzie1": 0.0003308932,
  "wanderelle": 0.0007973249,
  "krissymayol": 0.0008484955,
  "desyah07": 0.0007042723,
  "gracefulwrites": 0.0005244792,
  "katiekate86": 0.0007379166,
  "celestyne15": 0.0007933522,
  "antonette": 0.0003929315,
  "superkristhel": 0.0008440688,
  "hopefulsoul": 0.0002849351,
  "ronimarie82": 0.0006057915,
  "dreamrona": 0.0004311289,
  "luthis26": 0.0001979399,
  "izyllah-aeon": 0.0009595951,
  "sethjournals": 0.0009994104,
  "yhanyx87": 0.0005020355,
  "saijan19": 0.0000350879,
  "rizz26": 0.0000409444
}