{
  "gretelarmfeg": 0.0000699417,
  "anlizapasaje1234": 0.0005466135,
  "honeyjean24": 0.0007834006,
  "jeanieviv84": 0.0008074923,
  "diosarich": 0.0001782822,
  "vinzie1": 0.0000795562,
  "wanderelle": 0.0003439067,
  "krissymayol": 0.0006992218,
  "desyah07": 0.0004443107,
  "gracefulwrites": 0.0008217106,
  "katiekate86": 0.0004688272,
  "celestyne15": 0.0008227798,
  "antonette": 0.0000927425,
  "superkristhel": 0.0008440688,
  "hopefulsoul": 0.0002317291,
  "ronimarie82": 0.0002058125,
  "dreamrona": 0.0000272083,
  "luthis26": 0.0007041562,
  "izyllah-aeon": 0.0001398075,
  "sethjournals": 0.0009994104,
  "yhanyx87": 0.0009905895,
  "saijan19": 0.0008055462,
  "rizz26": 0.0001213769,
  "lj1728": 0.0000960783,
  "lolitaanana001": 0.0007397012,
  "vvodjiu": 0.0007898588,
  "segundolhou29": 0.0004480828,
  "suteru": 0.0005743098,
  "heymariel": 0.000064211,
  "jocabanero4": 0.0007450069,
  "sammify": 0.0003505713,
  "rabino7515": 0.0009736312,
  "arriane001": 0.0009859682,
  "daileen23": 0.0007143971
}