{
  "gretelarmfeg": 0.0008654254,
  "anlizapasaje1234": 0.0005133728,
  "honeyjean24": 0.0000754298,
  "jeanieviv84": 0.0008638574,
  "diosarich": 0.0000948186,
  "vinzie1": 0.0005584614,
  "wanderelle": 0.0007937771,
  "krissymayol": 0.00031806,
  "desyah07": 0.0009096723,
  "gracefulwrites": 0.0009257006,
  "katiekate86": 0.0007341278,
  "celestyne15": 0.0003624769,
  "antonette": 0.0001705237,
  "superkristhel": 0.0008440688,
  "hopefulsoul": 0.0001354492,
  "ronimarie82": 0.0003962781,
  "dreamrona": 0.0008288245,
  "luthis26": 0.0009053007,
  "izyllah-aeon": 0.0004361876,
  "sethjournals": 0.0009994104,
  "yhanyx87": 0.0007076704,
  "saijan19": 0.0005322862,
  "rizz26": 7.403e-7,
  "lj1728": 0.0002456909
}