{
  "gretelarmfeg": 0.000786925,
  "anlizapasaje1234": 0.0004351102,
  "honeyjean24": 0.0004839782,
  "jeanieviv84": 0.000645594,
  "diosarich": 0.0002015968,
  "vinzie1": 0.0009597973,
  "wanderelle": 0.0004750374,
  "krissymayol": 0.0004750243,
  "desyah07": 0.0008935535,
  "gracefulwrites": 0.0004194569,
  "katiekate86": 0.000729556,
  "celestyne15": 0.0004237977,
  "antonette": 0.0006177095,
  "superkristhel": 0.0002491275,
  "hopefulsoul": 0.0005991637,
  "ronimarie82": 0.0002489469,
  "dreamrona": 0.0005991194,
  "luthis26": 0.0004976135
}