{
  "gretelarmfeg": 0.0005788145,
  "anlizapasaje1234": 0.0007537898,
  "honeyjean24": 0.0003746626,
  "jeanieviv84": 0.0006080963,
  "diosarich": 0.0004104698,
  "vinzie1": 0.0003700067,
  "wanderelle": 0.0000674111,
  "krissymayol": 0.0001707527,
  "desyah07": 0.0002571675,
  "gracefulwrites": 0.0009388387,
  "katiekate86": 0.0001182483,
  "celestyne15": 0.0000660975,
  "antonette": 0.0007491556,
  "superkristhel": 0.0008440688,
  "hopefulsoul": 0.0008249102,
  "ronimarie82": 0.0002807222,
  "dreamrona": 0.0006351889,
  "luthis26": 0.0005464195,
  "izyllah-aeon": 0.0003790542,
  "sethjournals": 0.0009994104,
  "yhanyx87": 0.0008827292,
  "saijan19": 0.0006700177,
  "rizz26": 0.000406627
}