{
  "gretelarmfeg": 0.0008166521,
  "anlizapasaje1234": 0.0005466135,
  "honeyjean24": 0.0003882286,
  "jeanieviv84": 0.0008111176,
  "diosarich": 0.000933122,
  "vinzie1": 0.0006097332,
  "wanderelle": 0.0007086046,
  "krissymayol": 0.0009455471,
  "desyah07": 0.000548282,
  "gracefulwrites": 0.0003944171,
  "katiekate86": 0.0002098517,
  "celestyne15": 0.0009771938,
  "antonette": 0.000913065,
  "superkristhel": 0.0008440688,
  "hopefulsoul": 0.0006929268,
  "ronimarie82": 0.0008709562,
  "dreamrona": 0.0007213842,
  "luthis26": 0.0000913985,
  "izyllah-aeon": 0.0002470067,
  "sethjournals": 0.0009994104,
  "yhanyx87": 0.0003103428,
  "saijan19": 0.0004859802,
  "rizz26": 0.0008715048,
  "lj1728": 0.0003828888,
  "lolitaanana001": 0.0003721846,
  "vvodjiu": 0.0004512034,
  "segundolhou29": 0.0004480828,
  "suteru": 0.0003046618,
  "heymariel": 0.0007600413,
  "jocabanero4": 0.0000906385,
  "sammify": 0.0001883431,
  "rabino7515": 0.000566241,
  "arriane001": 0.000278376,
  "daileen23": 0.0005837913,
  "blueoctopus": 0.0008493992,
  "crstypatata": 0.0005557832,
  "mayt": 0.0005533578,
  "joanna112890": 0.0009465916
}