{
  "gretelarmfeg": 0.0004588926,
  "anlizapasaje1234": 0.0004407373,
  "honeyjean24": 0.000528589,
  "jeanieviv84": 0.0000898158,
  "diosarich": 0.0002946911,
  "vinzie1": 0.0002325074,
  "wanderelle": 0.0008572018,
  "krissymayol": 0.0008782394,
  "desyah07": 0.0009023123,
  "gracefulwrites": 0.0004231894,
  "katiekate86": 0.0007341178,
  "celestyne15": 0.0003945106,
  "antonette": 0.0004030568,
  "superkristhel": 0.0008440688,
  "hopefulsoul": 0.0004904375,
  "ronimarie82": 0.0001126916,
  "dreamrona": 0.0005291413,
  "luthis26": 0.0002125383,
  "izyllah-aeon": 0.0006140509,
  "sethjournals": 0.0009994104,
  "yhanyx87": 0.0009287538,
  "saijan19": 0.0005650918,
  "rizz26": 0.0009677694
}