{
  "gretelarmfeg": 0.0009777887,
  "anlizapasaje1234": 0.0005466135,
  "honeyjean24": 0.0001944055,
  "jeanieviv84": 0.000181297,
  "diosarich": 0.0008737877,
  "vinzie1": 0.0008660994,
  "wanderelle": 0.0007936554,
  "krissymayol": 0.0000229492,
  "desyah07": 0.0007757253,
  "gracefulwrites": 0.0008150453,
  "katiekate86": 0.0000262294,
  "celestyne15": 0.0000590024,
  "antonette": 0.0009854872,
  "superkristhel": 0.0008440688,
  "hopefulsoul": 0.0000973097,
  "ronimarie82": 0.0000539001,
  "dreamrona": 0.0002320735,
  "luthis26": 0.0000913985,
  "izyllah-aeon": 0.000236568,
  "sethjournals": 0.0009994104,
  "yhanyx87": 0.0006418274,
  "saijan19": 0.0005285222,
  "rizz26": 0.0002992695,
  "lj1728": 0.0003542155,
  "lolitaanana001": 0.0006347948,
  "vvodjiu": 0.0008959099,
  "segundolhou29": 0.0004480828,
  "suteru": 0.0001434806,
  "heymariel": 0.0008458284,
  "jocabanero4": 0.0003731643,
  "sammify": 0.0000641953,
  "rabino7515": 0.0006615994,
  "arriane001": 0.000326089,
  "daileen23": 0.0000489918,
  "blueoctopus": 0.0002724297,
  "crstypatata": 0.0007735454,
  "mayt": 0.0007747346,
  "joanna112890": 0.0001874647
}