{
  "gretelarmfeg": 0.0008369081,
  "anlizapasaje1234": 0.0005466135,
  "honeyjean24": 0.0004570909,
  "jeanieviv84": 0.0009110405,
  "diosarich": 0.0005492255,
  "vinzie1": 0.0007905264,
  "wanderelle": 0.0009755533,
  "krissymayol": 0.0006939742,
  "desyah07": 0.0000091959,
  "gracefulwrites": 0.0007432031,
  "katiekate86": 0.000059474,
  "celestyne15": 0.0007737357,
  "antonette": 0.0003239004,
  "superkristhel": 0.0008440688,
  "hopefulsoul": 0.0009006848,
  "ronimarie82": 0.0000248428,
  "dreamrona": 0.0009311687,
  "luthis26": 0.0000913985,
  "izyllah-aeon": 0.0008321382,
  "sethjournals": 0.0009994104,
  "yhanyx87": 0.0001990757,
  "saijan19": 0.0006205809,
  "rizz26": 0.0007040838,
  "lj1728": 0.0001983093,
  "lolitaanana001": 0.0007243821,
  "vvodjiu": 0.0008516015,
  "segundolhou29": 0.0004480828,
  "suteru": 0.0009732698,
  "heymariel": 0.0008262953,
  "jocabanero4": 0.0004290757,
  "sammify": 0.0001890391,
  "rabino7515": 0.0002813451,
  "arriane001": 0.0001382202,
  "daileen23": 0.0009542039,
  "blueoctopus": 0.0005297393,
  "crstypatata": 0.0008194465,
  "mayt": 0.0000620555
}