{
  "gretelarmfeg": 0.0006789216,
  "anlizapasaje1234": 0.0005466135,
  "honeyjean24": 0.0007562762,
  "jeanieviv84": 0.0002001392,
  "diosarich": 0.0007473797,
  "vinzie1": 0.0002501182,
  "wanderelle": 0.000541242,
  "krissymayol": 0.0007426168,
  "desyah07": 0.0003908746,
  "gracefulwrites": 0.0007825541,
  "katiekate86": 0.0003273354,
  "celestyne15": 0.0007120686,
  "antonette": 0.0000359119,
  "superkristhel": 0.0008440688,
  "hopefulsoul": 0.0004677933,
  "ronimarie82": 0.0006161575,
  "dreamrona": 0.0008460869,
  "luthis26": 0.0006701773,
  "izyllah-aeon": 0.0005415032,
  "sethjournals": 0.0009994104,
  "yhanyx87": 0.0004097136,
  "saijan19": 0.0009045481,
  "rizz26": 0.0002258506,
  "lj1728": 0.0000840679,
  "lolitaanana001": 0.0009993806,
  "vvodjiu": 0.0009377955,
  "segundolhou29": 0.0004480828,
  "suteru": 0.0004386008,
  "heymariel": 0.0000335728,
  "jocabanero4": 0.000388455,
  "sammify": 0.0001549272,
  "rabino7515": 0.0001356258,
  "arriane001": 0.0005676461,
  "daileen23": 0.0005333752
}