{
  "gretelarmfeg": 0.0007270023,
  "anlizapasaje1234": 0.000809475,
  "honeyjean24": 0.0006188224,
  "jeanieviv84": 0.0009272565,
  "diosarich": 0.0003536448,
  "vinzie1": 0.0008982348,
  "wanderelle": 0.0009918002,
  "krissymayol": 0.0009365327,
  "desyah07": 0.0002905384,
  "gracefulwrites": 0.0007148154,
  "katiekate86": 0.0007074715,
  "celestyne15": 0.0005940389,
  "antonette": 0.0004116704,
  "superkristhel": 0.0008440688,
  "hopefulsoul": 0.0008975606,
  "ronimarie82": 0.0006216515,
  "dreamrona": 0.0007603094,
  "luthis26": 0.0002324789,
  "izyllah-aeon": 0.0009118268,
  "sethjournals": 0.0009994104,
  "yhanyx87": 0.000283383,
  "saijan19": 0.0001325568,
  "rizz26": 0.0003305898
}