{
  "gretelarmfeg": 0.0004860756,
  "anlizapasaje1234": 0.0005466135,
  "honeyjean24": 0.0005507456,
  "jeanieviv84": 0.0007458235,
  "diosarich": 0.0004271884,
  "vinzie1": 0.0009990283,
  "wanderelle": 0.0001463632,
  "krissymayol": 0.0001019248,
  "desyah07": 0.0009413109,
  "gracefulwrites": 0.0006848917,
  "katiekate86": 0.000651657,
  "celestyne15": 0.0000053259,
  "antonette": 0.0002752238,
  "superkristhel": 0.0008440688,
  "hopefulsoul": 0.0006047861,
  "ronimarie82": 0.0008256657,
  "dreamrona": 0.0003917359,
  "luthis26": 0.0000913985,
  "izyllah-aeon": 0.000703856,
  "sethjournals": 0.0009994104,
  "yhanyx87": 0.0000713203,
  "saijan19": 0.0002032988,
  "rizz26": 0.0004914902,
  "lj1728": 0.0009839438,
  "lolitaanana001": 0.0003752299,
  "vvodjiu": 0.0005986404,
  "segundolhou29": 0.0004480828,
  "suteru": 0.0006046737,
  "heymariel": 0.0004143793,
  "jocabanero4": 0.0006433388,
  "sammify": 0.0007570713,
  "rabino7515": 0.0003213374,
  "arriane001": 0.0006576691,
  "daileen23": 0.0006865919,
  "blueoctopus": 0.0001334042,
  "crstypatata": 0.0005249883,
  "mayt": 0.0001829703,
  "joanna112890": 0.0002207363,
  "hmayak": 0.0000423283,
  "olang23": 0.0006504411,
  "rodavlas": 0.000682828,
  "levieshome": 0.000375772,
  "serram007": 0.0002007046
}