{
  "gretelarmfeg": 0.0008408577,
  "anlizapasaje1234": 0.0006923153,
  "honeyjean24": 0.0002929781,
  "jeanieviv84": 0.0005865558,
  "diosarich": 0.0006634128,
  "vinzie1": 0.000442072,
  "wanderelle": 0.0004861851,
  "krissymayol": 0.0005121201,
  "desyah07": 0.0009581168,
  "gracefulwrites": 0.0007150135,
  "katiekate86": 0.0003734501,
  "celestyne15": 0.0009220653,
  "antonette": 0.000040126,
  "superkristhel": 0.0008440688,
  "hopefulsoul": 0.0005450292,
  "ronimarie82": 0.0009309276,
  "dreamrona": 0.0001519266,
  "luthis26": 0.0008488806,
  "izyllah-aeon": 0.0004083053,
  "sethjournals": 0.0009994104,
  "yhanyx87": 0.000997082,
  "saijan19": 0.0003795728,
  "rizz26": 0.0002550241
}