{
  "gretelarmfeg": 0.0007729433,
  "anlizapasaje1234": 0.0005466135,
  "honeyjean24": 0.0006688746,
  "jeanieviv84": 0.0000679304,
  "diosarich": 0.0003591386,
  "vinzie1": 0.0007202683,
  "wanderelle": 0.0000079247,
  "krissymayol": 0.0007399999,
  "desyah07": 0.0004937642,
  "gracefulwrites": 0.0001005682,
  "katiekate86": 0.0003875575,
  "celestyne15": 0.0000839068,
  "antonette": 0.0000298826,
  "superkristhel": 0.0008440688,
  "hopefulsoul": 0.0003919123,
  "ronimarie82": 0.0002357765,
  "dreamrona": 0.0008737205,
  "luthis26": 0.0000913985,
  "izyllah-aeon": 0.0009939713,
  "sethjournals": 0.0009994104,
  "yhanyx87": 0.0003195951,
  "saijan19": 0.0001345649,
  "rizz26": 0.0001156847,
  "lj1728": 0.000160519,
  "lolitaanana001": 0.0005674231,
  "vvodjiu": 0.0003165511,
  "segundolhou29": 0.0004480828,
  "suteru": 0.0006336286,
  "heymariel": 0.0006092082,
  "jocabanero4": 0.0006433388,
  "sammify": 0.0006923921,
  "rabino7515": 0.0007958249,
  "arriane001": 0.000337356,
  "daileen23": 0.0004046097,
  "blueoctopus": 0.0009881167,
  "crstypatata": 0.0002641952,
  "mayt": 0.0000277886,
  "joanna112890": 0.0008214672,
  "hmayak": 0.0008198234,
  "olang23": 0.0006504411,
  "rodavlas": 0.000682828,
  "levieshome": 0.000375772,
  "serram007": 0.0002007046
}