{
  "gretelarmfeg": 0.0000653979,
  "anlizapasaje1234": 0.0005466135,
  "honeyjean24": 0.0006865668,
  "jeanieviv84": 0.000207866,
  "diosarich": 0.0003789809,
  "vinzie1": 0.0005784249,
  "wanderelle": 0.0000230938,
  "krissymayol": 0.0004797841,
  "desyah07": 0.0006630341,
  "gracefulwrites": 0.0002291671,
  "katiekate86": 0.0005453843,
  "celestyne15": 0.0000058395,
  "antonette": 0.0005903722,
  "superkristhel": 0.0008440688,
  "hopefulsoul": 0.0008612113,
  "ronimarie82": 0.0007519853,
  "dreamrona": 0.0006664879,
  "luthis26": 0.0000913985,
  "izyllah-aeon": 0.0005750612,
  "sethjournals": 0.0009994104,
  "yhanyx87": 0.0002465087,
  "saijan19": 0.0006427477,
  "rizz26": 0.000501225,
  "lj1728": 0.000114737,
  "lolitaanana001": 0.0005854237,
  "vvodjiu": 0.0008327883,
  "segundolhou29": 0.0004480828,
  "suteru": 0.0001432676,
  "heymariel": 0.0006743841,
  "jocabanero4": 0.0007317039,
  "sammify": 0.0002147527,
  "rabino7515": 0.0002056034,
  "arriane001": 0.0000970857,
  "daileen23": 0.0001379864,
  "blueoctopus": 0.0002117746,
  "crstypatata": 0.0000574959,
  "mayt": 0.0009512258,
  "joanna112890": 0.0004860111,
  "hmayak": 0.0006500026
}