{
  "gretelarmfeg": 0.0004285678,
  "anlizapasaje1234": 0.0005466135,
  "honeyjean24": 0.0001790446,
  "jeanieviv84": 0.0003501861,
  "diosarich": 0.0006327727,
  "vinzie1": 0.0009543471,
  "wanderelle": 0.000275195,
  "krissymayol": 0.0009528765,
  "desyah07": 0.0005539003,
  "gracefulwrites": 0.0006459955,
  "katiekate86": 0.0005053704,
  "celestyne15": 0.0009969029,
  "antonette": 0.000207345,
  "superkristhel": 0.0008440688,
  "hopefulsoul": 0.0007039997,
  "ronimarie82": 0.0005304275,
  "dreamrona": 0.0000673298,
  "luthis26": 0.0000913985,
  "izyllah-aeon": 0.0006936354,
  "sethjournals": 0.0009994104,
  "yhanyx87": 0.0004540086,
  "saijan19": 0.0007683181,
  "rizz26": 0.0007118628,
  "lj1728": 0.0007746473,
  "lolitaanana001": 0.0007372775,
  "vvodjiu": 0.0003553228,
  "segundolhou29": 0.0004480828,
  "suteru": 0.000094579,
  "heymariel": 0.0005504975,
  "jocabanero4": 0.0006433388,
  "sammify": 0.000586592,
  "rabino7515": 0.0008051799,
  "arriane001": 0.000395897,
  "daileen23": 0.0002670113,
  "blueoctopus": 0.0002630819,
  "crstypatata": 0.0004752381,
  "mayt": 0.000264536,
  "joanna112890": 0.0003115002,
  "hmayak": 0.0004904752,
  "olang23": 0.0006504411,
  "rodavlas": 0.000682828,
  "levieshome": 0.000375772,
  "serram007": 0.0002007046
}