{
  "gretelarmfeg": 0.0003682005,
  "anlizapasaje1234": 0.0005466135,
  "honeyjean24": 0.000546191,
  "jeanieviv84": 0.0004681463,
  "diosarich": 0.0009207366,
  "vinzie1": 0.0005523049,
  "wanderelle": 0.0006241372,
  "krissymayol": 0.0003933523,
  "desyah07": 0.0006320632,
  "gracefulwrites": 0.0004480905,
  "katiekate86": 0.0008557704,
  "celestyne15": 0.0005653829,
  "antonette": 0.0002752238,
  "superkristhel": 0.0008440688,
  "hopefulsoul": 0.0002610659,
  "ronimarie82": 0.00015247,
  "dreamrona": 0.0008212853,
  "luthis26": 0.0000913985,
  "izyllah-aeon": 0.000962423,
  "sethjournals": 0.0009994104,
  "yhanyx87": 0.0005631494,
  "saijan19": 0.0009404186,
  "rizz26": 0.0006824765,
  "lj1728": 0.0007010723,
  "lolitaanana001": 0.0002048302,
  "vvodjiu": 0.0007148319,
  "segundolhou29": 0.0004480828,
  "suteru": 0.0005133891,
  "heymariel": 0.0005512096,
  "jocabanero4": 0.0006433388,
  "sammify": 0.0007177598,
  "rabino7515": 0.0004400063,
  "arriane001": 0.0007478046,
  "daileen23": 0.0007083181,
  "blueoctopus": 0.0006134186,
  "crstypatata": 0.0008853052,
  "mayt": 0.0003708666,
  "joanna112890": 0.0003515553,
  "hmayak": 0.0006372016,
  "olang23": 0.0006504411,
  "rodavlas": 0.000682828,
  "levieshome": 0.000375772,
  "serram007": 0.0002007046,
  "jovan1978": 0.0002946831,
  "mdsahin111": 0.000802097
}