{
  "gretelarmfeg": 0.0003200874,
  "anlizapasaje1234": 0.0005466135,
  "honeyjean24": 0.0007464831,
  "jeanieviv84": 0.0009268528,
  "diosarich": 0.0007255618,
  "vinzie1": 0.0002177964,
  "wanderelle": 0.0005484705,
  "krissymayol": 0.0003579264,
  "desyah07": 0.0007765205,
  "gracefulwrites": 0.0003121728,
  "katiekate86": 0.0001333878,
  "celestyne15": 0.0009567617,
  "antonette": 0.0006981889,
  "superkristhel": 0.0008440688,
  "hopefulsoul": 0.0009860903,
  "ronimarie82": 0.0004864539,
  "dreamrona": 0.0008213341,
  "luthis26": 0.0000913985,
  "izyllah-aeon": 0.0003838117,
  "sethjournals": 0.0009994104,
  "yhanyx87": 0.0001995455,
  "saijan19": 0.0004046698,
  "rizz26": 0.0002550913,
  "lj1728": 0.0008203576,
  "lolitaanana001": 0.0004769278,
  "vvodjiu": 0.0009826031,
  "segundolhou29": 0.0004480828,
  "suteru": 0.0009052573,
  "heymariel": 0.0004418132,
  "jocabanero4": 0.0006433388,
  "sammify": 0.0001818615,
  "rabino7515": 0.0005315999,
  "arriane001": 0.0003095959,
  "daileen23": 0.0181652875,
  "blueoctopus": 0.1796688549,
  "crstypatata": 0.0604621328,
  "mayt": 0.060189159,
  "joanna112890": 0.0096181115,
  "hmayak": 0.0066691308,
  "olang23": 0.0006504411,
  "rodavlas": 0.000682828,
  "levieshome": 0.000375772,
  "serram007": 0.0002007046
}