{
  "gretelarmfeg": 0.2496471873,
  "anlizapasaje1234": 0.0005466135,
  "honeyjean24": 0.0035029521,
  "jeanieviv84": 0.1001460753,
  "diosarich": 0.0835266648,
  "vinzie1": 0.1994308037,
  "wanderelle": 0.0259685463,
  "krissymayol": 0.0258543574,
  "desyah07": 0.0104904502,
  "gracefulwrites": 0.0081091225,
  "katiekate86": 0.1246003637,
  "celestyne15": 0.0125464188,
  "antonette": 0.0259421999,
  "superkristhel": 0.0008440688,
  "hopefulsoul": 0.0009475258,
  "ronimarie82": 0.0375414086,
  "dreamrona": 0.0255460546,
  "luthis26": 0.0256233094,
  "izyllah-aeon": 0.0232860181,
  "sethjournals": 0.0009994104,
  "yhanyx87": 0.0035721065,
  "saijan19": 0.0131188856,
  "rizz26": 0.0078468475,
  "lj1728": 0.0252396997,
  "lolitaanana001": 0.0027246601,
  "vvodjiu": 0.0227413,
  "segundolhou29": 0.0053875295
}