{
  "gretelarmfeg": 0.0007505356,
  "anlizapasaje1234": 0.0005466135,
  "honeyjean24": 0.0006595949,
  "jeanieviv84": 0.0001389154,
  "diosarich": 0.0001916546,
  "vinzie1": 0.000991076,
  "wanderelle": 0.0002966317,
  "krissymayol": 0.0005604243,
  "desyah07": 0.0002664592,
  "gracefulwrites": 0.0009269099,
  "katiekate86": 0.0006414479,
  "celestyne15": 0.0004974213,
  "antonette": 0.0002752238,
  "superkristhel": 0.0008440688,
  "hopefulsoul": 0.0001660849,
  "ronimarie82": 0.000819853,
  "dreamrona": 0.0002854368,
  "luthis26": 0.0000913985,
  "izyllah-aeon": 0.0004040353,
  "sethjournals": 0.0009994104,
  "yhanyx87": 0.0003093824,
  "saijan19": 0.0002777636,
  "rizz26": 0.0009717209,
  "lj1728": 0.0008119092,
  "lolitaanana001": 0.0005839511,
  "vvodjiu": 0.0001020441,
  "segundolhou29": 0.0004480828,
  "suteru": 0.0009734057,
  "heymariel": 0.0007461467,
  "jocabanero4": 0.0006433388,
  "sammify": 0.0003562726,
  "rabino7515": 0.0002674014,
  "arriane001": 0.0005623367,
  "daileen23": 0.0001324292,
  "blueoctopus": 0.0009030798,
  "crstypatata": 0.0003272334,
  "mayt": 0.0008395575,
  "joanna112890": 0.0001102735,
  "hmayak": 0.0002417846,
  "olang23": 0.0006504411,
  "rodavlas": 0.000682828,
  "levieshome": 0.000375772,
  "serram007": 0.0002007046,
  "jovan1978": 0.00039652,
  "mdsahin111": 0.0001704233
}