{
  "gretelarmfeg": 0.0009503884,
  "anlizapasaje1234": 0.0005466135,
  "honeyjean24": 0.0005944901,
  "jeanieviv84": 0.0003208996,
  "diosarich": 0.0005984997,
  "vinzie1": 0.0004409354,
  "wanderelle": 0.0005223845,
  "krissymayol": 0.0001840232,
  "desyah07": 0.0005791027,
  "gracefulwrites": 0.0001709727,
  "katiekate86": 0.0006972194,
  "celestyne15": 0.0008387783,
  "antonette": 0.0007769803,
  "superkristhel": 0.0008440688,
  "hopefulsoul": 0.000157298,
  "ronimarie82": 0.0007561237,
  "dreamrona": 0.0005501619,
  "luthis26": 0.0000913985,
  "izyllah-aeon": 0.0000937963,
  "sethjournals": 0.0009994104,
  "yhanyx87": 0.0008124958,
  "saijan19": 0.0003941198,
  "rizz26": 0.0001848325,
  "lj1728": 0.0008235802,
  "lolitaanana001": 0.0003248666,
  "vvodjiu": 0.0004415706,
  "segundolhou29": 0.0004480828,
  "suteru": 0.0007785167,
  "heymariel": 0.0009208735,
  "jocabanero4": 0.0006420076,
  "sammify": 0.0004199745,
  "rabino7515": 0.0004469775,
  "arriane001": 0.0002212873,
  "daileen23": 0.0007128655,
  "blueoctopus": 0.0005010731,
  "crstypatata": 0.0003514893,
  "mayt": 0.0006209314
}