{
  "gretelarmfeg": 0.0000793489,
  "anlizapasaje1234": 0.0005466135,
  "honeyjean24": 0.0008150092,
  "jeanieviv84": 0.0003898043,
  "diosarich": 0.0005069988,
  "vinzie1": 0.0006785908,
  "wanderelle": 0.0009116417,
  "krissymayol": 0.0004839637,
  "desyah07": 0.0007777609,
  "gracefulwrites": 0.0003085411,
  "katiekate86": 0.0009396906,
  "celestyne15": 0.0002203553,
  "antonette": 0.0002752238,
  "superkristhel": 0.0008440688,
  "hopefulsoul": 0.0006087237,
  "ronimarie82": 0.0005089926,
  "dreamrona": 0.0004182842,
  "luthis26": 0.0000913985,
  "izyllah-aeon": 0.0005336756,
  "sethjournals": 0.0009994104,
  "yhanyx87": 0.000612525,
  "saijan19": 0.0005845986,
  "rizz26": 0.0001505239,
  "lj1728": 0.0000392554,
  "lolitaanana001": 0.0002977288,
  "vvodjiu": 0.0002923986,
  "segundolhou29": 0.0004480828,
  "suteru": 0.000127834,
  "heymariel": 0.0003085975,
  "jocabanero4": 0.0006433388,
  "sammify": 0.0000383262,
  "rabino7515": 0.0004437754,
  "arriane001": 0.0006943702,
  "daileen23": 0.000716141,
  "blueoctopus": 0.0000479305,
  "crstypatata": 0.0005890435,
  "mayt": 0.0004360179,
  "joanna112890": 0.0000684255,
  "hmayak": 0.0004869257,
  "olang23": 0.0006504411,
  "rodavlas": 0.000682828,
  "levieshome": 0.000375772,
  "serram007": 0.0002007046,
  "jovan1978": 0.0005097491,
  "mdsahin111": 0.0001895348
}