{
  "gretelarmfeg": 0.0008545134,
  "anlizapasaje1234": 0.0001816818,
  "honeyjean24": 0.0000499868,
  "jeanieviv84": 0.0008746796,
  "diosarich": 0.0009881344,
  "vinzie1": 0.0006190459,
  "wanderelle": 0.0005485637,
  "krissymayol": 0.0004127682,
  "desyah07": 0.0000439996,
  "gracefulwrites": 0.0000303927,
  "katiekate86": 0.0000940671,
  "celestyne15": 0.0004764843,
  "antonette": 0.0008354769,
  "superkristhel": 0.0008440688,
  "hopefulsoul": 0.0006709645,
  "ronimarie82": 0.0008384655,
  "dreamrona": 0.0006695901,
  "luthis26": 0.0006682393,
  "izyllah-aeon": 0.0006516846,
  "sethjournals": 0.0009994104,
  "yhanyx87": 0.0007168819,
  "saijan19": 0.0004111134
}