{
  "gretelarmfeg": 0.0001682018,
  "anlizapasaje1234": 0.0005466135,
  "honeyjean24": 0.0001822697,
  "jeanieviv84": 0.0004812934,
  "diosarich": 0.0003541606,
  "vinzie1": 0.0001415748,
  "wanderelle": 0.0001990902,
  "krissymayol": 0.0002553187,
  "desyah07": 0.0007890841,
  "gracefulwrites": 0.0008260992,
  "katiekate86": 0.0009031925,
  "celestyne15": 0.0001505636,
  "antonette": 0.0001051798,
  "superkristhel": 0.0008440688,
  "hopefulsoul": 0.0008357453,
  "ronimarie82": 0.0009148344,
  "dreamrona": 0.0002303032,
  "luthis26": 0.0000913985,
  "izyllah-aeon": 0.0001079834,
  "sethjournals": 0.0009994104,
  "yhanyx87": 0.0008890293,
  "saijan19": 0.0007316155,
  "rizz26": 0.0004717975,
  "lj1728": 0.0007697966,
  "lolitaanana001": 0.0000577907,
  "vvodjiu": 0.0001606605,
  "segundolhou29": 0.0004480828,
  "suteru": 0.0005599184,
  "heymariel": 0.0000274107,
  "jocabanero4": 0.0003011695,
  "sammify": 0.0000019924,
  "rabino7515": 0.0000597463,
  "arriane001": 0.0005259275,
  "daileen23": 0.0000685649,
  "blueoctopus": 0.0008062144,
  "crstypatata": 0.0001817859,
  "mayt": 0.0002647595
}