{
  "gretelarmfeg": 0.0001573537,
  "anlizapasaje1234": 0.0005466135,
  "honeyjean24": 0.0000795173,
  "jeanieviv84": 0.0007606489,
  "diosarich": 0.0002965913,
  "vinzie1": 0.0002249058,
  "wanderelle": 0.0001648501,
  "krissymayol": 0.0008803354,
  "desyah07": 0.0001422691,
  "gracefulwrites": 0.0003370461,
  "katiekate86": 0.0000205165,
  "celestyne15": 0.0002475732,
  "antonette": 0.000159417,
  "superkristhel": 0.0008440688,
  "hopefulsoul": 0.0003828725,
  "ronimarie82": 0.000591255,
  "dreamrona": 0.0007497778,
  "luthis26": 0.0000913985,
  "izyllah-aeon": 0.0001127458,
  "sethjournals": 0.0009994104,
  "yhanyx87": 0.0007006483,
  "saijan19": 0.0002130636,
  "rizz26": 0.0003676413,
  "lj1728": 0.0004430541,
  "lolitaanana001": 0.000990027,
  "vvodjiu": 0.0005257881,
  "segundolhou29": 0.0004480828,
  "suteru": 0.0005134188,
  "heymariel": 0.0007815039,
  "jocabanero4": 0.0006433388,
  "sammify": 0.0000851958,
  "rabino7515": 0.0009888803,
  "arriane001": 0.0006941081,
  "daileen23": 0.0007377632,
  "blueoctopus": 0.0005181881,
  "crstypatata": 0.0007089666,
  "mayt": 0.0004803998,
  "joanna112890": 0.0000059875,
  "hmayak": 0.0002794123,
  "olang23": 0.0006504411,
  "rodavlas": 0.000682828,
  "levieshome": 0.000375772,
  "serram007": 0.0002007046
}