{
  "gretelarmfeg": 0.0003751279,
  "anlizapasaje1234": 0.0005466135,
  "honeyjean24": 0.0004906718,
  "jeanieviv84": 0.0004786398,
  "diosarich": 0.0004798765,
  "vinzie1": 0.0006326815,
  "wanderelle": 0.0001102934,
  "krissymayol": 0.0005662442,
  "desyah07": 0.0002373998,
  "gracefulwrites": 0.0009159257,
  "katiekate86": 0.0001547021,
  "celestyne15": 0.00068912,
  "antonette": 0.0000252853,
  "superkristhel": 0.0008440688,
  "hopefulsoul": 0.0005249185,
  "ronimarie82": 0.0006269132,
  "dreamrona": 0.0006289332,
  "luthis26": 0.0006217601,
  "izyllah-aeon": 0.0000054431,
  "sethjournals": 0.0009994104,
  "yhanyx87": 0.0009434421,
  "saijan19": 0.0001885209,
  "rizz26": 0.0001216965,
  "lj1728": 0.0009327521,
  "lolitaanana001": 0.0003639053,
  "vvodjiu": 0.0006523294,
  "segundolhou29": 0.0004480828,
  "suteru": 0.0002348586,
  "heymariel": 0.0008782048,
  "jocabanero4": 0.0003903491,
  "sammify": 0.0002982336,
  "rabino7515": 0.0006616951,
  "arriane001": 0.0008295553,
  "daileen23": 0.0005396194,
  "blueoctopus": 0.0004785524
}