{
  "gretelarmfeg": 0.0005808349,
  "anlizapasaje1234": 0.0007829539,
  "honeyjean24": 0.0009969331,
  "jeanieviv84": 0.0005977883,
  "diosarich": 0.0004086696,
  "vinzie1": 0.0004923479,
  "wanderelle": 0.0007958179,
  "krissymayol": 0.0003900742,
  "desyah07": 0.0005706573,
  "gracefulwrites": 0.000671021,
  "katiekate86": 0.0009382222,
  "celestyne15": 0.0001880037,
  "antonette": 0.0002880953,
  "superkristhel": 0.0008440688,
  "hopefulsoul": 0.0000792683,
  "ronimarie82": 0.0003928163,
  "dreamrona": 0.0007423089,
  "luthis26": 0.000012485,
  "izyllah-aeon": 0.0009481758,
  "sethjournals": 0.0009994104,
  "yhanyx87": 0.0009718209,
  "saijan19": 0.0000331545,
  "rizz26": 0.0006807737,
  "lj1728": 0.0009540212,
  "lolitaanana001": 0.0005269449
}