{
  "gretelarmfeg": 0.0005529969,
  "anlizapasaje1234": 0.0005466135,
  "honeyjean24": 0.0009961746,
  "jeanieviv84": 0.0006130298,
  "diosarich": 0.0000093803,
  "vinzie1": 0.0004342499,
  "wanderelle": 0.0000687389,
  "krissymayol": 0.0002134724,
  "desyah07": 0.000013047,
  "gracefulwrites": 0.0002435423,
  "katiekate86": 0.000725687,
  "celestyne15": 0.0006308365,
  "antonette": 0.000120956,
  "superkristhel": 0.0008440688,
  "hopefulsoul": 0.0002929902,
  "ronimarie82": 0.0000786393,
  "dreamrona": 0.0008823943,
  "luthis26": 0.0000913985,
  "izyllah-aeon": 0.0005114064,
  "sethjournals": 0.0009994104,
  "yhanyx87": 0.0001956687,
  "saijan19": 0.0006662478,
  "rizz26": 0.0008066632,
  "lj1728": 0.0005401627,
  "lolitaanana001": 0.0008728738,
  "vvodjiu": 0.0001493568,
  "segundolhou29": 0.0004480828,
  "suteru": 0.0008205164,
  "heymariel": 0.0004616472,
  "jocabanero4": 0.0008314196,
  "sammify": 0.0005808225,
  "rabino7515": 0.0003832325,
  "arriane001": 0.0006872794,
  "daileen23": 0.000970255,
  "blueoctopus": 0.0006188344,
  "crstypatata": 0.000515811,
  "mayt": 0.0005569604,
  "joanna112890": 0.0007395564
}