{
  "gretelarmfeg": 0.0008832564,
  "anlizapasaje1234": 0.0008461744,
  "honeyjean24": 0.0003555555,
  "jeanieviv84": 0.0008769617,
  "diosarich": 0.0003233721,
  "vinzie1": 0.0005442587,
  "wanderelle": 0.0000717341,
  "krissymayol": 0.0001108839,
  "desyah07": 0.0002036995,
  "gracefulwrites": 0.0008991215,
  "katiekate86": 0.000986924,
  "celestyne15": 0.0000439189,
  "antonette": 0.0006474935,
  "superkristhel": 0.0008440688,
  "hopefulsoul": 0.0007873393,
  "ronimarie82": 0.0002338055,
  "dreamrona": 0.0007207513,
  "luthis26": 0.0004542864,
  "izyllah-aeon": 0.0006464728,
  "sethjournals": 0.0009994104,
  "yhanyx87": 0.0008797888,
  "saijan19": 0.0006723186,
  "rizz26": 0.0004268024
}