{
  "gretelarmfeg": 0.0002382135,
  "anlizapasaje1234": 0.0005466135,
  "honeyjean24": 0.0004590795,
  "jeanieviv84": 0.0009376125,
  "diosarich": 0.0008733986,
  "vinzie1": 0.0006634912,
  "wanderelle": 0.0000397983,
  "krissymayol": 0.0000721724,
  "desyah07": 0.0009048555,
  "gracefulwrites": 0.0006630704,
  "katiekate86": 0.0003265344,
  "celestyne15": 0.0006934304,
  "antonette": 0.0009065028,
  "superkristhel": 0.0008440688,
  "hopefulsoul": 0.000366529,
  "ronimarie82": 0.0003485724,
  "dreamrona": 0.0005493731,
  "luthis26": 0.0000913985,
  "izyllah-aeon": 0.0007695989,
  "sethjournals": 0.0009994104,
  "yhanyx87": 0.0006854108,
  "saijan19": 0.0001520214,
  "rizz26": 0.0003310254,
  "lj1728": 0.000579101,
  "lolitaanana001": 0.0004522551,
  "vvodjiu": 0.0009862193,
  "segundolhou29": 0.0004480828,
  "suteru": 0.0000492547,
  "heymariel": 0.0005826855,
  "jocabanero4": 0.0006769458,
  "sammify": 0.0003773877,
  "rabino7515": 0.0006448711,
  "arriane001": 0.0003185954,
  "daileen23": 0.0000445443,
  "blueoctopus": 0.0002764427,
  "crstypatata": 0.0004363826,
  "mayt": 0.0005306288
}