{
  "gretelarmfeg": 0.0008459093,
  "anlizapasaje1234": 0.0005466135,
  "honeyjean24": 0.0004299849,
  "jeanieviv84": 0.0002324786,
  "diosarich": 0.0004069805,
  "vinzie1": 0.0007087417,
  "wanderelle": 0.0003485908,
  "krissymayol": 0.0008554085,
  "desyah07": 0.000976458,
  "gracefulwrites": 0.0007199151,
  "katiekate86": 0.0007450899,
  "celestyne15": 0.0000470228,
  "antonette": 0.0003475671,
  "superkristhel": 0.0008440688,
  "hopefulsoul": 0.0007931403,
  "ronimarie82": 0.000116146,
  "dreamrona": 0.0006349252,
  "luthis26": 0.0009364911,
  "izyllah-aeon": 0.0002284507,
  "sethjournals": 0.0009994104,
  "yhanyx87": 0.0000396133,
  "saijan19": 0.0008075591,
  "rizz26": 0.0008782262,
  "lj1728": 0.000621129,
  "lolitaanana001": 0.0005994194,
  "vvodjiu": 0.0002046692,
  "segundolhou29": 0.0004480828,
  "suteru": 0.0000452453,
  "heymariel": 0.000209649,
  "jocabanero4": 0.0001355743,
  "sammify": 0.0004245092,
  "rabino7515": 0.0009294874,
  "arriane001": 0.0004632266,
  "daileen23": 0.0001640081,
  "blueoctopus": 0.000273088
}