{
  "gretelarmfeg": 0.0001439417,
  "anlizapasaje1234": 0.0005466135,
  "honeyjean24": 0.0002937934,
  "jeanieviv84": 0.0004822238,
  "diosarich": 0.0000772375,
  "vinzie1": 0.0001911834,
  "wanderelle": 0.0002557093,
  "krissymayol": 0.0006452973,
  "desyah07": 0.000758259,
  "gracefulwrites": 0.0007950073,
  "katiekate86": 0.0000042264,
  "celestyne15": 0.0008308899,
  "antonette": 0.0002752238,
  "superkristhel": 0.0008440688,
  "hopefulsoul": 0.0007846466,
  "ronimarie82": 0.0008478649,
  "dreamrona": 0.0000543846,
  "luthis26": 0.0000913985,
  "izyllah-aeon": 0.000487091,
  "sethjournals": 0.0009994104,
  "yhanyx87": 0.0007506015,
  "saijan19": 0.0002570292,
  "rizz26": 0.0002035555,
  "lj1728": 0.000232859,
  "lolitaanana001": 0.0006800117,
  "vvodjiu": 0.0005671612,
  "segundolhou29": 0.0004480828,
  "suteru": 0.0008707173,
  "heymariel": 0.0000141821,
  "jocabanero4": 0.0006433388,
  "sammify": 0.0002910454,
  "rabino7515": 0.0003780235,
  "arriane001": 0.0004317029,
  "daileen23": 0.0002674689,
  "blueoctopus": 0.0007480438,
  "crstypatata": 0.000103674,
  "mayt": 0.0005565521,
  "joanna112890": 0.0000417336,
  "hmayak": 0.0005048415,
  "olang23": 0.0006504411,
  "rodavlas": 0.000682828,
  "levieshome": 0.000375772,
  "serram007": 0.0002007046,
  "jovan1978": 0.0009277502,
  "mdsahin111": 0.0006248952
}