{
  "gretelarmfeg": 0.00093079,
  "anlizapasaje1234": 0.0005466135,
  "honeyjean24": 0.0008735878,
  "jeanieviv84": 0.0004727635,
  "diosarich": 0.0005845228,
  "vinzie1": 0.0006282229,
  "wanderelle": 0.0002850899,
  "krissymayol": 0.0009415935,
  "desyah07": 0.0003396478,
  "gracefulwrites": 0.0007354328,
  "katiekate86": 0.0006377876,
  "celestyne15": 0.0006106175,
  "antonette": 0.0001822738,
  "superkristhel": 0.0008440688,
  "hopefulsoul": 0.0001412669,
  "ronimarie82": 0.000198572,
  "dreamrona": 0.0007866302,
  "luthis26": 0.0000913985,
  "izyllah-aeon": 0.0002079385,
  "sethjournals": 0.0009994104,
  "yhanyx87": 0.0008342241,
  "saijan19": 0.0002733115,
  "rizz26": 0.0008210596,
  "lj1728": 0.0004848888,
  "lolitaanana001": 0.0001724516,
  "vvodjiu": 0.0003095164,
  "segundolhou29": 0.0004480828,
  "suteru": 0.0003775052,
  "heymariel": 0.0001752279,
  "jocabanero4": 0.0006433388,
  "sammify": 0.0007052527,
  "rabino7515": 0.0004564112,
  "arriane001": 0.0002216063,
  "daileen23": 0.0004798604,
  "blueoctopus": 0.0006450153,
  "crstypatata": 0.0008525843,
  "mayt": 0.0006518901,
  "joanna112890": 0.0004408306,
  "hmayak": 0.0002475009,
  "olang23": 0.0006504411,
  "rodavlas": 0.000682828,
  "levieshome": 0.000375772,
  "serram007": 0.0002007046
}