{
  "gretelarmfeg": 0.0003667895,
  "anlizapasaje1234": 0.0005466135,
  "honeyjean24": 0.0006784928,
  "jeanieviv84": 0.0008905887,
  "diosarich": 0.0004315606,
  "vinzie1": 0.0008001755,
  "wanderelle": 0.0007259208,
  "krissymayol": 0.0009396111,
  "desyah07": 0.000075336,
  "gracefulwrites": 0.0005458265,
  "katiekate86": 0.0006209674,
  "celestyne15": 0.0002411568,
  "antonette": 0.0002409244,
  "superkristhel": 0.0008440688,
  "hopefulsoul": 0.0008497911,
  "ronimarie82": 0.0003040261,
  "dreamrona": 0.000101505,
  "luthis26": 0.0008733617,
  "izyllah-aeon": 0.0002697978,
  "sethjournals": 0.0009994104,
  "yhanyx87": 0.0000962489,
  "saijan19": 0.0004968607,
  "rizz26": 0.0009776323,
  "lj1728": 0.0001622678,
  "lolitaanana001": 0.0004988368,
  "vvodjiu": 0.0005271085,
  "segundolhou29": 0.0004480828,
  "suteru": 0.0006940748,
  "heymariel": 0.000556255,
  "jocabanero4": 0.000888049,
  "sammify": 0.0000565847,
  "rabino7515": 0.000642897,
  "arriane001": 0.0003212272,
  "daileen23": 0.0003358722
}