{
  "gretelarmfeg": 0.0007997837,
  "anlizapasaje1234": 0.00017679,
  "honeyjean24": 0.0008325861,
  "jeanieviv84": 0.0006207871,
  "diosarich": 0.0007024118,
  "vinzie1": 0.0004115554,
  "wanderelle": 0.0008244441,
  "krissymayol": 0.0008244322,
  "desyah07": 0.0002917696,
  "gracefulwrites": 0.0004681822,
  "katiekate86": 0.0002254829,
  "celestyne15": 0.0001236566,
  "antonette": 0.0001185254
}