{
  "gretelarmfeg": 0.0000707775,
  "anlizapasaje1234": 0.0006121526,
  "honeyjean24": 0.0008521347,
  "jeanieviv84": 0.0003795693,
  "diosarich": 0.0000712759,
  "vinzie1": 0.0003279864,
  "wanderelle": 0.0009693352,
  "krissymayol": 0.0000308874,
  "desyah07": 0.0001820033,
  "gracefulwrites": 0.0003827154,
  "katiekate86": 0.0009318648,
  "celestyne15": 0.000031481,
  "antonette": 0.0005820825,
  "superkristhel": 0.0008440688,
  "hopefulsoul": 0.0007600951,
  "ronimarie82": 0.0006997339,
  "dreamrona": 0.0005900006,
  "luthis26": 0.0003855498,
  "izyllah-aeon": 0.000002701,
  "sethjournals": 0.0009994104,
  "yhanyx87": 0.0007666904,
  "saijan19": 0.0001210705,
  "rizz26": 0.0008894943
}