{
  "gretelarmfeg": 0.2332287727,
  "anlizapasaje1234": 0.0005466135,
  "honeyjean24": 0.0026533705,
  "jeanieviv84": 0.0857994777,
  "diosarich": 0.2095526986,
  "vinzie1": 0.1702743683,
  "wanderelle": 0.0215411516,
  "krissymayol": 0.0223756386,
  "desyah07": 0.0093951167,
  "gracefulwrites": 0.0070259703,
  "katiekate86": 0.1068168081,
  "celestyne15": 0.0113245448,
  "antonette": 0.0217321981,
  "superkristhel": 0.0008440688,
  "hopefulsoul": 0.0409321622,
  "ronimarie82": 0.0327942799,
  "dreamrona": 0.1056291364,
  "luthis26": 0.0000913985,
  "izyllah-aeon": 0.0204164054,
  "sethjournals": 0.0009994104,
  "yhanyx87": 0.0036599034,
  "saijan19": 0.010900956,
  "rizz26": 0.0069455341,
  "lj1728": 0.1257354848,
  "lolitaanana001": 0.0427893753,
  "vvodjiu": 0.1265171496,
  "segundolhou29": 0.0004480828,
  "suteru": 0.2204341237,
  "heymariel": 0.0107965761,
  "jocabanero4": 0.0006433388,
  "sammify": 0.0041333152,
  "rabino7515": 0.0108550401,
  "arriane001": 0.0113860463,
  "daileen23": 0.0297332183,
  "blueoctopus": 0.2950486068,
  "crstypatata": 0.0990205044,
  "mayt": 0.0987357018,
  "joanna112890": 0.0153750033,
  "hmayak": 0.010502167,
  "olang23": 0.0006504411,
  "rodavlas": 0.000682828,
  "levieshome": 0.000375772,
  "serram007": 0.0002007046
}