{
  "gretelarmfeg": 0.0008392232,
  "anlizapasaje1234": 0.0005466135,
  "honeyjean24": 0.000222296,
  "jeanieviv84": 0.0009055787,
  "diosarich": 0.0002543387,
  "vinzie1": 0.0003571009,
  "wanderelle": 0.0006462928,
  "krissymayol": 0.0000300476,
  "desyah07": 0.0001897199,
  "gracefulwrites": 0.0001305974,
  "katiekate86": 0.0005264746,
  "celestyne15": 0.0008279095,
  "antonette": 0.0004420845,
  "superkristhel": 0.0008440688,
  "hopefulsoul": 0.0002471735,
  "ronimarie82": 0.0004535224,
  "dreamrona": 0.0003688649,
  "luthis26": 0.0000492764,
  "izyllah-aeon": 0.0000790257,
  "sethjournals": 0.0009994104,
  "yhanyx87": 0.0001944944,
  "saijan19": 0.0009566774,
  "rizz26": 0.0004037287,
  "lj1728": 0.0008960271,
  "lolitaanana001": 0.0006764029,
  "vvodjiu": 0.0006829019,
  "segundolhou29": 0.0004480828,
  "suteru": 0.0009234156,
  "heymariel": 0.0000545475,
  "jocabanero4": 0.0007450069,
  "sammify": 0.0002486173,
  "rabino7515": 0.0009283798,
  "arriane001": 0.0009632168,
  "daileen23": 0.0006864557
}