{
  "gretelarmfeg": 0.0003254042,
  "anlizapasaje1234": 0.0005466135,
  "honeyjean24": 0.000669605,
  "jeanieviv84": 0.0008333363,
  "diosarich": 0.0000850936,
  "vinzie1": 0.0005944968,
  "wanderelle": 0.0003695786,
  "krissymayol": 0.0009996637,
  "desyah07": 0.0008908482,
  "gracefulwrites": 0.0004049705,
  "katiekate86": 0.0005466936,
  "celestyne15": 0.0004244304,
  "antonette": 0.0005720774,
  "superkristhel": 0.0008440688,
  "hopefulsoul": 0.0009434735,
  "ronimarie82": 0.0002553235,
  "dreamrona": 0.0005364726,
  "luthis26": 0.0000913985,
  "izyllah-aeon": 0.0006723726,
  "sethjournals": 0.0009994104,
  "yhanyx87": 0.0009293601,
  "saijan19": 0.0008177853,
  "rizz26": 0.0004482704,
  "lj1728": 0.0008195639,
  "lolitaanana001": 0.0007575683,
  "vvodjiu": 0.0005169541,
  "segundolhou29": 0.0004480828,
  "suteru": 0.0003275399,
  "heymariel": 0.0005229383,
  "jocabanero4": 0.0007417785,
  "sammify": 0.0006572157,
  "rabino7515": 0.0000885266,
  "arriane001": 0.0000422013,
  "daileen23": 0.0001307376,
  "blueoctopus": 0.0002388699,
  "crstypatata": 0.0007461584,
  "mayt": 0.0000305115
}