{
  "gretelarmfeg": 0.0005833158,
  "anlizapasaje1234": 0.0005466135,
  "honeyjean24": 0.0008314134,
  "jeanieviv84": 0.0004328706,
  "diosarich": 0.0005181574,
  "vinzie1": 0.0009434686,
  "wanderelle": 0.0006334699,
  "krissymayol": 0.0003799169,
  "desyah07": 0.0004964616,
  "gracefulwrites": 0.0008584847,
  "katiekate86": 0.0009159296,
  "celestyne15": 0.0004587554,
  "antonette": 0.0000280899,
  "superkristhel": 0.0008440688,
  "hopefulsoul": 0.0006939515,
  "ronimarie82": 0.0003088433,
  "dreamrona": 0.0009877139,
  "luthis26": 0.0000913985,
  "izyllah-aeon": 0.0001758112,
  "sethjournals": 0.0009994104,
  "yhanyx87": 0.000312732,
  "saijan19": 0.0004494784,
  "rizz26": 0.0007932165,
  "lj1728": 0.0000410622,
  "lolitaanana001": 0.000862246,
  "vvodjiu": 0.000146024,
  "segundolhou29": 0.0004480828,
  "suteru": 0.0009311379,
  "heymariel": 0.000496737,
  "jocabanero4": 0.0009560601,
  "sammify": 0.0009721918,
  "rabino7515": 0.0009167166,
  "arriane001": 0.0009557821,
  "daileen23": 0.0009061668,
  "blueoctopus": 0.0009188084,
  "crstypatata": 0.0009910913,
  "mayt": 0.0002204562
}