{
  "gretelarmfeg": 0.000584382,
  "anlizapasaje1234": 0.0005466135,
  "honeyjean24": 0.0007432127,
  "jeanieviv84": 0.0004127829,
  "diosarich": 0.0004821648,
  "vinzie1": 0.0005508976,
  "wanderelle": 0.0008735207,
  "krissymayol": 0.0005942904,
  "desyah07": 0.0005105246,
  "gracefulwrites": 0.0008751649,
  "katiekate86": 0.000010491,
  "celestyne15": 0.0006489592,
  "antonette": 0.00057468,
  "superkristhel": 0.0008440688,
  "hopefulsoul": 0.0007964994,
  "ronimarie82": 0.0000935679,
  "dreamrona": 0.0006599002,
  "luthis26": 0.0002802893,
  "izyllah-aeon": 0.0007080839,
  "sethjournals": 0.0009994104,
  "yhanyx87": 0.0005696871,
  "saijan19": 0.0005717311,
  "rizz26": 0.0007668776,
  "lj1728": 0.0005716033,
  "lolitaanana001": 0.0001394433,
  "vvodjiu": 0.0004959366
}