{
  "gretelarmfeg": 0.0006045408,
  "anlizapasaje1234": 0.0005466135,
  "honeyjean24": 0.0003313002,
  "jeanieviv84": 0.000971474,
  "diosarich": 0.0005064749,
  "vinzie1": 0.0006145784,
  "wanderelle": 0.0000873126,
  "krissymayol": 0.0006698656,
  "desyah07": 0.0001969482,
  "gracefulwrites": 0.0001288502,
  "katiekate86": 0.000430417,
  "celestyne15": 0.000391532,
  "antonette": 0.0008623988,
  "superkristhel": 0.0008440688,
  "hopefulsoul": 0.0006791636,
  "ronimarie82": 0.0009372201,
  "dreamrona": 0.0001204794,
  "luthis26": 0.0000913985,
  "izyllah-aeon": 0.0007552763,
  "sethjournals": 0.0009994104,
  "yhanyx87": 0.0007024509,
  "saijan19": 0.0006745836,
  "rizz26": 0.000283475,
  "lj1728": 0.000609184,
  "lolitaanana001": 0.0007278476,
  "vvodjiu": 0.0002312574,
  "segundolhou29": 0.0004480828,
  "suteru": 0.0001232739,
  "heymariel": 0.0009946083,
  "jocabanero4": 0.0008441035,
  "sammify": 0.0001682699,
  "rabino7515": 0.0003683297,
  "arriane001": 0.0006778924,
  "daileen23": 0.0003042181,
  "blueoctopus": 0.0007735856,
  "crstypatata": 0.0009379065,
  "mayt": 0.0007721584,
  "joanna112890": 0.0004329943,
  "hmayak": 0.000923395,
  "olang23": 0.0004113764,
  "rodavlas": 0.0008700601
}