{
  "gretelarmfeg": 0.0002465543,
  "anlizapasaje1234": 0.0005466135,
  "honeyjean24": 0.000486345,
  "jeanieviv84": 0.0006225363,
  "diosarich": 0.0000088497,
  "vinzie1": 0.0007579307,
  "wanderelle": 0.0006683525,
  "krissymayol": 0.0009123306,
  "desyah07": 0.0009382309,
  "gracefulwrites": 0.0006868367,
  "katiekate86": 0.0006488235,
  "celestyne15": 0.0004209339,
  "antonette": 0.0008844291,
  "superkristhel": 0.0008440688,
  "hopefulsoul": 0.0004770916,
  "ronimarie82": 0.0002596491,
  "dreamrona": 0.0003655771,
  "luthis26": 0.0000913985,
  "izyllah-aeon": 0.0003747572,
  "sethjournals": 0.0009994104,
  "yhanyx87": 0.0008450961,
  "saijan19": 0.0009658389,
  "rizz26": 0.0001573601,
  "lj1728": 0.0006455608,
  "lolitaanana001": 0.0001686078,
  "vvodjiu": 0.0006370992,
  "segundolhou29": 0.0004480828,
  "suteru": 0.0009930617,
  "heymariel": 0.0002001218,
  "jocabanero4": 0.0008687427,
  "sammify": 0.0001422016,
  "rabino7515": 0.0009975175,
  "arriane001": 0.0009939832,
  "daileen23": 0.0008352119,
  "blueoctopus": 0.0005362431,
  "crstypatata": 0.000393459,
  "mayt": 0.0003877088,
  "joanna112890": 0.0005646922,
  "hmayak": 0.0000773589
}