{
  "gretelarmfeg": 0.0004177807,
  "anlizapasaje1234": 0.0005466135,
  "honeyjean24": 0.0009241072,
  "jeanieviv84": 0.0004787517,
  "diosarich": 0.000407822,
  "vinzie1": 0.0001530619,
  "wanderelle": 0.0003548611,
  "krissymayol": 0.0008258871,
  "desyah07": 0.000608068,
  "gracefulwrites": 0.0009378569,
  "katiekate86": 0.0004711514,
  "celestyne15": 0.0000980961,
  "antonette": 0.0009458088,
  "superkristhel": 0.0008440688,
  "hopefulsoul": 0.000211376,
  "ronimarie82": 0.0001458624,
  "dreamrona": 0.0005180569,
  "luthis26": 0.0000913985,
  "izyllah-aeon": 0.0002115364,
  "sethjournals": 0.0009994104,
  "yhanyx87": 0.0003737479,
  "saijan19": 0.0008086002,
  "rizz26": 0.0001965391,
  "lj1728": 0.0008915098,
  "lolitaanana001": 0.0005843977,
  "vvodjiu": 0.0001924893,
  "segundolhou29": 0.0004480828,
  "suteru": 0.0001056331,
  "heymariel": 0.0007591838,
  "jocabanero4": 0.0006933507,
  "sammify": 0.0001959677,
  "rabino7515": 0.0002724641,
  "arriane001": 0.0006304526,
  "daileen23": 0.0007631359,
  "blueoctopus": 0.0004012534,
  "crstypatata": 0.0001405268,
  "mayt": 0.0000274821,
  "joanna112890": 0.0007830803,
  "hmayak": 0.0008452472
}