{
  "gretelarmfeg": 0.0008259488,
  "anlizapasaje1234": 0.0005466135,
  "honeyjean24": 0.0000930899,
  "jeanieviv84": 0.0002589589,
  "diosarich": 0.0007035017,
  "vinzie1": 0.0005016412,
  "wanderelle": 0.000779145,
  "krissymayol": 0.0009944594,
  "desyah07": 0.0000177793,
  "gracefulwrites": 0.0002406897,
  "katiekate86": 0.0005329736,
  "celestyne15": 0.0009876565,
  "antonette": 0.0002752238,
  "superkristhel": 0.0008440688,
  "hopefulsoul": 0.0009540423,
  "ronimarie82": 0.0008945462,
  "dreamrona": 0.0008094893,
  "luthis26": 0.0000913985,
  "izyllah-aeon": 0.0006193771,
  "sethjournals": 0.0009994104,
  "yhanyx87": 0.0007342566,
  "saijan19": 0.0005191256,
  "rizz26": 0.0007640714,
  "lj1728": 0.0004698617,
  "lolitaanana001": 0.0000235534,
  "vvodjiu": 0.0000577164,
  "segundolhou29": 0.0004480828,
  "suteru": 0.0003287307,
  "heymariel": 0.0002615981,
  "jocabanero4": 0.0006433388,
  "sammify": 0.0008933278,
  "rabino7515": 0.0008435158,
  "arriane001": 0.0006167986,
  "daileen23": 0.0007287104,
  "blueoctopus": 0.0004460456,
  "crstypatata": 0.0006508779,
  "mayt": 0.0001861108,
  "joanna112890": 0.0009608479,
  "hmayak": 0.0008183079,
  "olang23": 0.0006504411,
  "rodavlas": 0.000682828,
  "levieshome": 0.000375772,
  "serram007": 0.0002007046,
  "jovan1978": 0.0000397956,
  "mdsahin111": 0.0007825052
}