{
  "gretelarmfeg": 0.0003676366,
  "anlizapasaje1234": 0.0005466135,
  "honeyjean24": 0.0005269702,
  "jeanieviv84": 0.0009843333,
  "diosarich": 0.0006795254,
  "vinzie1": 0.0004201842,
  "wanderelle": 0.000079201,
  "krissymayol": 0.0006501938,
  "desyah07": 0.0009837631,
  "gracefulwrites": 0.0007190305,
  "katiekate86": 0.0009809985,
  "celestyne15": 0.0004468483,
  "antonette": 0.0008352004,
  "superkristhel": 0.0008440688,
  "hopefulsoul": 0.0005284184,
  "ronimarie82": 0.0000087349,
  "dreamrona": 0.0005372835,
  "luthis26": 0.0000913985,
  "izyllah-aeon": 0.000114231,
  "sethjournals": 0.0009994104,
  "yhanyx87": 0.0001806768,
  "saijan19": 0.0006705529,
  "rizz26": 0.0008844413,
  "lj1728": 0.0005674586,
  "lolitaanana001": 0.0009880971,
  "vvodjiu": 0.0007627684,
  "segundolhou29": 0.0004480828,
  "suteru": 0.0006839445,
  "heymariel": 0.0000559377,
  "jocabanero4": 0.000308335,
  "sammify": 0.0009578583,
  "rabino7515": 0.0004441251,
  "arriane001": 0.0002158412,
  "daileen23": 0.0009617645,
  "blueoctopus": 0.0004873947,
  "crstypatata": 0.0001303734,
  "mayt": 0.0009700882,
  "joanna112890": 0.0007742711,
  "hmayak": 0.0001531719,
  "olang23": 0.0005830757,
  "rodavlas": 0.0007459937
}