{
  "gretelarmfeg": 0.0008200415,
  "anlizapasaje1234": 0.0000158103,
  "honeyjean24": 0.0005010998,
  "jeanieviv84": 0.0007652474,
  "diosarich": 0.0006933297,
  "vinzie1": 0.0003280269,
  "wanderelle": 0.0007832579,
  "krissymayol": 0.0000668043,
  "desyah07": 0.0006984603,
  "gracefulwrites": 0.0002687309,
  "katiekate86": 0.0002148951,
  "celestyne15": 0.0002739553,
  "antonette": 0.0007625322,
  "superkristhel": 0.0008440688,
  "hopefulsoul": 0.0005274706,
  "ronimarie82": 0.0007764218,
  "dreamrona": 0.0001229744,
  "luthis26": 0.0005330457,
  "izyllah-aeon": 0.0007117944,
  "sethjournals": 0.0009994104,
  "yhanyx87": 0.0001929011,
  "saijan19": 0.0000275496,
  "rizz26": 0.0005683839
}