{
  "gretelarmfeg": 0.0008924505,
  "anlizapasaje1234": 0.0005466135,
  "honeyjean24": 0.0007171317,
  "jeanieviv84": 0.0002019094,
  "diosarich": 0.0007551414,
  "vinzie1": 0.0007582371,
  "wanderelle": 0.0004202658,
  "krissymayol": 0.0005183628,
  "desyah07": 0.0009135561,
  "gracefulwrites": 0.0004192029,
  "katiekate86": 0.0008681012,
  "celestyne15": 0.0005461194,
  "antonette": 0.0003954831,
  "superkristhel": 0.0008440688,
  "hopefulsoul": 0.0005217707,
  "ronimarie82": 0.0004435207,
  "dreamrona": 0.0004950481,
  "luthis26": 0.0000913985,
  "izyllah-aeon": 0.0003779637,
  "sethjournals": 0.0009994104,
  "yhanyx87": 0.0000223065,
  "saijan19": 0.0003421124,
  "rizz26": 0.0000258368,
  "lj1728": 0.0006392971,
  "lolitaanana001": 0.0003070251,
  "vvodjiu": 0.0009432211,
  "segundolhou29": 0.0004480828,
  "suteru": 0.000361766,
  "heymariel": 0.0004011883,
  "jocabanero4": 0.0006867669,
  "sammify": 0.0006293535,
  "rabino7515": 0.0003811319,
  "arriane001": 0.0006864353,
  "daileen23": 0.0004176844,
  "blueoctopus": 0.0008640596,
  "crstypatata": 0.0006765131,
  "mayt": 0.0007397012,
  "joanna112890": 0.0001726601
}