{
  "gretelarmfeg": 0.0002553959,
  "anlizapasaje1234": 0.0005466135,
  "honeyjean24": 0.0004516308,
  "jeanieviv84": 0.0001488553,
  "diosarich": 0.0009048802,
  "vinzie1": 0.0007114585,
  "wanderelle": 0.0005202313,
  "krissymayol": 0.0007132473,
  "desyah07": 0.0001752828,
  "gracefulwrites": 0.0008709102,
  "katiekate86": 0.0006497134,
  "celestyne15": 0.0002444931,
  "antonette": 0.0000011003,
  "superkristhel": 0.0008440688,
  "hopefulsoul": 0.0007746312,
  "ronimarie82": 0.000145149,
  "dreamrona": 0.0008813984,
  "luthis26": 0.0006366065,
  "izyllah-aeon": 0.0005089685,
  "sethjournals": 0.0009994104,
  "yhanyx87": 0.0005863104,
  "saijan19": 0.0003940609,
  "rizz26": 0.0003220057,
  "lj1728": 0.0001353265,
  "lolitaanana001": 0.000502182,
  "vvodjiu": 0.0005336786,
  "segundolhou29": 0.0004480828,
  "suteru": 0.0003085491,
  "heymariel": 0.0005703452,
  "jocabanero4": 0.0000452321,
  "sammify": 0.0008642357,
  "rabino7515": 0.0006828579,
  "arriane001": 0.0003412991,
  "daileen23": 0.0009525473
}