{
  "gretelarmfeg": 0.0006434663,
  "anlizapasaje1234": 0.0005466135,
  "honeyjean24": 0.0005390114,
  "jeanieviv84": 0.0003375934,
  "diosarich": 0.0006290307,
  "vinzie1": 0.0009058529,
  "wanderelle": 0.0005275871,
  "krissymayol": 0.0009764087,
  "desyah07": 0.0007179438,
  "gracefulwrites": 0.0005144167,
  "katiekate86": 0.0003346718,
  "celestyne15": 0.0006626116,
  "antonette": 0.0002752238,
  "superkristhel": 0.0008440688,
  "hopefulsoul": 0.0007698676,
  "ronimarie82": 0.0008269023,
  "dreamrona": 0.0008308519,
  "luthis26": 0.0000913985,
  "izyllah-aeon": 0.0007542487,
  "sethjournals": 0.0009994104,
  "yhanyx87": 0.0006719361,
  "saijan19": 0.0003928395,
  "rizz26": 0.0007689394,
  "lj1728": 0.0009352519,
  "lolitaanana001": 0.0005563436,
  "vvodjiu": 0.0001979452,
  "segundolhou29": 0.0004480828,
  "suteru": 0.0000444799,
  "heymariel": 0.0008150931,
  "jocabanero4": 0.0006433388,
  "sammify": 0.0007408937,
  "rabino7515": 0.0001048127,
  "arriane001": 0.0005740181,
  "daileen23": 0.000641701,
  "blueoctopus": 0.0007814969,
  "crstypatata": 0.0003478065,
  "mayt": 0.0007726931,
  "joanna112890": 0.0006647828,
  "hmayak": 0.0005752987,
  "olang23": 0.0006504411,
  "rodavlas": 0.000682828,
  "levieshome": 0.000375772,
  "serram007": 0.0002007046,
  "jovan1978": 0.000794339,
  "mdsahin111": 0.0007124559
}