{
  "gretelarmfeg": 0.0005842776,
  "anlizapasaje1234": 0.0005466135,
  "honeyjean24": 0.0003993943,
  "jeanieviv84": 0.0006378836,
  "diosarich": 0.0001768542,
  "vinzie1": 0.0006650529,
  "wanderelle": 0.0007030302,
  "krissymayol": 0.0009784859,
  "desyah07": 0.000579169,
  "gracefulwrites": 0.000417352,
  "katiekate86": 0.0002125855,
  "celestyne15": 0.0007766071,
  "antonette": 0.0009710784,
  "superkristhel": 0.0008440688,
  "hopefulsoul": 0.0004668965,
  "ronimarie82": 0.0005838058,
  "dreamrona": 0.0004179761,
  "luthis26": 0.0000913985,
  "izyllah-aeon": 0.0006870203,
  "sethjournals": 0.0009994104,
  "yhanyx87": 0.0007116895,
  "saijan19": 0.0004831094,
  "rizz26": 0.000858506,
  "lj1728": 0.0003021704,
  "lolitaanana001": 0.0004725594,
  "vvodjiu": 0.0002686958,
  "segundolhou29": 0.0004480828,
  "suteru": 0.0002725538,
  "heymariel": 0.0005394218,
  "jocabanero4": 0.0000907334,
  "sammify": 0.0008839009,
  "rabino7515": 0.000297428,
  "arriane001": 0.0001437994,
  "daileen23": 0.0003822947,
  "blueoctopus": 0.0005646972,
  "crstypatata": 0.0008819773,
  "mayt": 0.0008613519,
  "joanna112890": 0.0008041876,
  "hmayak": 0.0008975377
}