{
  "gretelarmfeg": 0.0006278822,
  "anlizapasaje1234": 0.0005466135,
  "honeyjean24": 0.0000168691,
  "jeanieviv84": 0.0009614064,
  "diosarich": 0.0005914778,
  "vinzie1": 0.0008221072,
  "wanderelle": 0.0009155209,
  "krissymayol": 0.0008356272,
  "desyah07": 0.0008184867,
  "gracefulwrites": 0.0000929856,
  "katiekate86": 0.0003104692,
  "celestyne15": 0.0005719988,
  "antonette": 0.0002479305,
  "superkristhel": 0.0008440688,
  "hopefulsoul": 0.0008645188,
  "ronimarie82": 0.0002360551,
  "dreamrona": 0.0007072508,
  "luthis26": 0.0000913985,
  "izyllah-aeon": 0.0006658035,
  "sethjournals": 0.0009994104,
  "yhanyx87": 0.0003370441,
  "saijan19": 0.0005879546,
  "rizz26": 0.0009326647,
  "lj1728": 0.0007391126,
  "lolitaanana001": 0.0004547281,
  "vvodjiu": 0.000059997,
  "segundolhou29": 0.0004480828,
  "suteru": 0.0008626204,
  "heymariel": 0.0009994947,
  "jocabanero4": 0.0006433388,
  "sammify": 0.0009107454,
  "rabino7515": 0.0009508195,
  "arriane001": 0.0006369977,
  "daileen23": 0.0003012974,
  "blueoctopus": 0.0007047632,
  "crstypatata": 0.0009093197,
  "mayt": 0.0005840565,
  "joanna112890": 0.0000664373,
  "hmayak": 0.0006130578,
  "olang23": 0.0006504411,
  "rodavlas": 0.000682828,
  "levieshome": 0.000375772,
  "serram007": 0.0002007046
}