{
  "gretelarmfeg": 0.0007734645,
  "anlizapasaje1234": 0.0005466135,
  "honeyjean24": 0.0001966344,
  "jeanieviv84": 0.000651515,
  "diosarich": 0.0002786645,
  "vinzie1": 0.0002121858,
  "wanderelle": 0.0006988879,
  "krissymayol": 0.0009666376,
  "desyah07": 0.0007708858,
  "gracefulwrites": 0.0008111857,
  "katiekate86": 0.0005859255,
  "celestyne15": 0.0008141132,
  "antonette": 0.000954213,
  "superkristhel": 0.0008440688,
  "hopefulsoul": 0.0007021328,
  "ronimarie82": 0.0006333746,
  "dreamrona": 0.000662999,
  "luthis26": 0.0000913985,
  "izyllah-aeon": 0.0005941595,
  "sethjournals": 0.0009994104,
  "yhanyx87": 0.000030684,
  "saijan19": 0.000481055,
  "rizz26": 0.0002595296,
  "lj1728": 0.0001085945,
  "lolitaanana001": 0.0006473056,
  "vvodjiu": 0.0004921568,
  "segundolhou29": 0.0004480828,
  "suteru": 0.0002268399,
  "heymariel": 0.0005809362,
  "jocabanero4": 0.0002855444,
  "sammify": 0.0007438521,
  "rabino7515": 0.0003485853,
  "arriane001": 0.0001694121,
  "daileen23": 0.0008210344,
  "blueoctopus": 0.0008112349,
  "crstypatata": 0.0000115399,
  "mayt": 0.0009945561,
  "joanna112890": 0.0000318922,
  "hmayak": 0.0007175134
}