{
  "gretelarmfeg": 0.0006638217,
  "anlizapasaje1234": 0.0005466135,
  "honeyjean24": 0.000231837,
  "jeanieviv84": 0.0007610614,
  "diosarich": 0.0009637,
  "vinzie1": 0.0004374864,
  "wanderelle": 0.0002095672,
  "krissymayol": 0.0004396166,
  "desyah07": 0.0002828614,
  "gracefulwrites": 0.0002013728,
  "katiekate86": 0.0002026658,
  "celestyne15": 0.0008989613,
  "antonette": 0.0007515808,
  "superkristhel": 0.0008440688,
  "hopefulsoul": 0.0001772079,
  "ronimarie82": 0.0004110754,
  "dreamrona": 0.0009174483,
  "luthis26": 0.0003815897,
  "izyllah-aeon": 0.0008188807,
  "sethjournals": 0.0009994104,
  "yhanyx87": 0.000664863,
  "saijan19": 0.0002386484,
  "rizz26": 0.0006179151,
  "lj1728": 0.0005044748,
  "lolitaanana001": 0.0001172802,
  "vvodjiu": 0.0005032431,
  "segundolhou29": 0.0004480828,
  "suteru": 0.0004167439,
  "heymariel": 0.0002055502,
  "jocabanero4": 0.0007450069,
  "sammify": 0.0005826195,
  "rabino7515": 0.0002717213,
  "arriane001": 0.000635567,
  "daileen23": 0.0003868553
}