{
  "gretelarmfeg": 0.0008009815,
  "anlizapasaje1234": 0.0003650462,
  "honeyjean24": 0.0000858083,
  "jeanieviv84": 0.0008151202,
  "diosarich": 0.0003519622,
  "vinzie1": 0.0006464416,
  "wanderelle": 0.0007554552,
  "krissymayol": 0.0009978991,
  "desyah07": 0.0000519961,
  "gracefulwrites": 0.0000341285,
  "katiekate86": 0.0001002366,
  "celestyne15": 0.0004536401,
  "antonette": 0.0006668666,
  "superkristhel": 0.0008440688,
  "hopefulsoul": 0.0000729001,
  "ronimarie82": 0.0007310955,
  "dreamrona": 0.0001471896,
  "luthis26": 0.0004434816,
  "izyllah-aeon": 0.0001482711,
  "sethjournals": 0.0009994104,
  "yhanyx87": 0.0002267385,
  "saijan19": 0.0000137376,
  "rizz26": 0.0003721311
}