{
  "gretelarmfeg": 0.0007704126,
  "anlizapasaje1234": 0.0005207166,
  "honeyjean24": 0.0002722389,
  "jeanieviv84": 0.0001092354,
  "diosarich": 0.0003683642,
  "vinzie1": 0.000198399,
  "wanderelle": 0.0009671623,
  "krissymayol": 0.0000954754,
  "desyah07": 0.0008385405,
  "gracefulwrites": 0.0006247191,
  "katiekate86": 0.0000707682,
  "celestyne15": 0.0008550118,
  "antonette": 0.0006901365,
  "superkristhel": 0.0008440688,
  "hopefulsoul": 0.0003497563,
  "ronimarie82": 0.0007496899,
  "dreamrona": 0.0005033369,
  "luthis26": 0.0004836935,
  "izyllah-aeon": 0.000725741,
  "sethjournals": 0.0009994104,
  "yhanyx87": 0.0003300737,
  "saijan19": 0.000119839,
  "rizz26": 0.0000692084
}