{
  "gretelarmfeg": 0.0005002036,
  "anlizapasaje1234": 0.0005466135,
  "honeyjean24": 0.0000847656,
  "jeanieviv84": 0.0004257115,
  "diosarich": 0.0003866678,
  "vinzie1": 0.0009957043,
  "wanderelle": 0.0008164068,
  "krissymayol": 0.0000065565,
  "desyah07": 0.0003511666,
  "gracefulwrites": 0.0004968604,
  "katiekate86": 0.000141643,
  "celestyne15": 0.0007714179,
  "antonette": 0.000943609,
  "superkristhel": 0.0008440688,
  "hopefulsoul": 0.0004595055,
  "ronimarie82": 0.000871383,
  "dreamrona": 0.000608091,
  "luthis26": 0.0000913985,
  "izyllah-aeon": 0.0008883414,
  "sethjournals": 0.0009994104,
  "yhanyx87": 0.0001028506,
  "saijan19": 0.000039983,
  "rizz26": 0.000017607,
  "lj1728": 0.0006178647,
  "lolitaanana001": 0.0005662434,
  "vvodjiu": 0.0006405033,
  "segundolhou29": 0.0004480828,
  "suteru": 0.0004288807,
  "heymariel": 0.000578605,
  "jocabanero4": 0.0004065355,
  "sammify": 0.0001934239,
  "rabino7515": 0.0004433589,
  "arriane001": 0.0002171418,
  "daileen23": 0.000958915,
  "blueoctopus": 0.0006123487,
  "crstypatata": 0.0004754752,
  "mayt": 0.0004951625,
  "joanna112890": 0.0001847644
}