{
  "gretelarmfeg": 0.0007566385,
  "anlizapasaje1234": 0.0005466135,
  "honeyjean24": 0.0001660943,
  "jeanieviv84": 0.0007016491,
  "diosarich": 0.0003612214,
  "vinzie1": 0.000834737,
  "wanderelle": 0.0008231283,
  "krissymayol": 0.0009497297,
  "desyah07": 0.0006992114,
  "gracefulwrites": 0.0007582739,
  "katiekate86": 0.0004248329,
  "celestyne15": 0.000601156,
  "antonette": 0.0008454081,
  "superkristhel": 0.0008440688,
  "hopefulsoul": 0.0007277597,
  "ronimarie82": 0.0008414784,
  "dreamrona": 0.000751339,
  "luthis26": 0.0000913985,
  "izyllah-aeon": 0.0004100309,
  "sethjournals": 0.0009994104,
  "yhanyx87": 0.0002402817,
  "saijan19": 0.0005434819,
  "rizz26": 0.0003383126,
  "lj1728": 0.0005884782,
  "lolitaanana001": 0.0000481859,
  "vvodjiu": 0.0000854985,
  "segundolhou29": 0.0004480828,
  "suteru": 0.0007073028,
  "heymariel": 0.0004413983,
  "jocabanero4": 0.0003489179,
  "sammify": 0.000545312,
  "rabino7515": 0.0003856732,
  "arriane001": 0.0006885799,
  "daileen23": 0.0005906499,
  "blueoctopus": 0.0007272071,
  "crstypatata": 0.0005848065,
  "mayt": 0.0006345245,
  "joanna112890": 0.0005439011
}