{
  "gretelarmfeg": -0.0003762151,
  "anlizapasaje1234": -0.0003441681,
  "honeyjean24": 0.0001308155,
  "jeanieviv84": -0.000387606,
  "diosarich": -0.0003478342,
  "vinzie1": -0.0004867897,
  "wanderelle": 0.0001297848,
  "krissymayol": 0.0001297833,
  "desyah07": -0.0004816211,
  "gracefulwrites": 0.0003887025,
  "katiekate86": 0.0002954483
}