{
  "gretelarmfeg": 0.0009377881,
  "anlizapasaje1234": 0.0005466135,
  "honeyjean24": 0.0006744979,
  "jeanieviv84": 0.0006735735,
  "diosarich": 0.0002995123,
  "vinzie1": 0.0003357381,
  "wanderelle": 0.0009470348,
  "krissymayol": 0.0007175878,
  "desyah07": 0.0005024944,
  "gracefulwrites": 0.0001068858,
  "katiekate86": 0.0001155295,
  "celestyne15": 0.0008558446,
  "antonette": 0.000032522,
  "superkristhel": 0.0008440688,
  "hopefulsoul": 0.0000609812,
  "ronimarie82": 0.0008659099,
  "dreamrona": 0.0007185137,
  "luthis26": 0.0000913985,
  "izyllah-aeon": 0.0003828685,
  "sethjournals": 0.0009994104,
  "yhanyx87": 0.0007131958,
  "saijan19": 0.0001040364,
  "rizz26": 0.0000861017,
  "lj1728": 0.0000462742,
  "lolitaanana001": 0.0008740578,
  "vvodjiu": 0.0006916593,
  "segundolhou29": 0.0004480828,
  "suteru": 0.0008592793,
  "heymariel": 0.0003611318,
  "jocabanero4": 0.0006433388,
  "sammify": 0.0003780885,
  "rabino7515": 0.0004995994,
  "arriane001": 0.0006614607,
  "daileen23": 0.0001867028,
  "blueoctopus": 0.0003485716,
  "crstypatata": 0.0005356898,
  "mayt": 0.0002811,
  "joanna112890": 0.0006708963,
  "hmayak": 0.0007119233,
  "olang23": 0.0006504411,
  "rodavlas": 0.000682828,
  "levieshome": 0.000375772,
  "serram007": 0.0002007046
}