{
  "gretelarmfeg": 0.0008288975,
  "anlizapasaje1234": 0.0004566726,
  "honeyjean24": 0.0002896401,
  "jeanieviv84": 0.0007738913,
  "diosarich": 0.000438969,
  "vinzie1": 0.0003488952,
  "wanderelle": 0.0002846629,
  "krissymayol": 0.0002846557,
  "desyah07": 0.0001349798,
  "gracefulwrites": 0.0008508406,
  "katiekate86": 0.0008350404
}