{
  "gretelarmfeg": 0.0002185414,
  "anlizapasaje1234": 0.0005466135,
  "honeyjean24": 0.0002310601,
  "jeanieviv84": 0.0003055877,
  "diosarich": 0.0003088132,
  "vinzie1": 0.0004062424,
  "wanderelle": 0.0007976619,
  "krissymayol": 0.0004890068,
  "desyah07": 0.0001147574,
  "gracefulwrites": 0.0000725361,
  "katiekate86": 0.0005545606,
  "celestyne15": 0.000823849,
  "antonette": 0.0001013047,
  "superkristhel": 0.0008440688,
  "hopefulsoul": 0.0009141512,
  "ronimarie82": 0.0009540026,
  "dreamrona": 0.0008258839,
  "luthis26": 0.0000913985,
  "izyllah-aeon": 0.0008561359,
  "sethjournals": 0.0009994104,
  "yhanyx87": 0.0002926754,
  "saijan19": 0.000531694,
  "rizz26": 0.0000586792,
  "lj1728": 0.0005537581,
  "lolitaanana001": 0.0000489133,
  "vvodjiu": 0.000228414,
  "segundolhou29": 0.0004480828,
  "suteru": 0.0006928898,
  "heymariel": 0.0008904923,
  "jocabanero4": 0.0001573893,
  "sammify": 0.0006697393,
  "rabino7515": 0.0003794235,
  "arriane001": 0.0006873791,
  "daileen23": 0.000441319,
  "blueoctopus": 0.0000693028,
  "crstypatata": 0.000111342,
  "mayt": 0.0003667461
}