{
  "gretelarmfeg": 0.0004973204,
  "anlizapasaje1234": 0.0005466135,
  "honeyjean24": 0.0002710022,
  "jeanieviv84": 0.0009015765,
  "diosarich": 0.0001463555,
  "vinzie1": 0.0005073631,
  "wanderelle": 0.0000880085,
  "krissymayol": 0.0001581348,
  "desyah07": 0.0004967239,
  "gracefulwrites": 0.0003627257,
  "katiekate86": 0.0007726079,
  "celestyne15": 0.000159527,
  "antonette": 0.000365979,
  "superkristhel": 0.0008440688,
  "hopefulsoul": 0.0002317508,
  "ronimarie82": 0.0008863832,
  "dreamrona": 0.0001538844,
  "luthis26": 0.0000197275,
  "izyllah-aeon": 0.0006091161,
  "sethjournals": 0.0009994104,
  "yhanyx87": 0.0007790115,
  "saijan19": 0.0006782163,
  "rizz26": 0.0009284799,
  "lj1728": 0.000765591,
  "lolitaanana001": 0.0009590001,
  "vvodjiu": 0.0008755046,
  "segundolhou29": 0.0004638015,
  "suteru": 0.0008650683,
  "heymariel": 0.0005493006
}