{
  "gretelarmfeg": 0.0002098283,
  "anlizapasaje1234": 0.0005463781,
  "honeyjean24": 0.0008754381,
  "jeanieviv84": 0.000709756,
  "diosarich": 0.0008616295,
  "vinzie1": 0.0006649521,
  "wanderelle": 0.0009537777,
  "krissymayol": 0.0004255236,
  "desyah07": 0.0001284971,
  "gracefulwrites": 0.0003401333,
  "katiekate86": 0.0007831099,
  "celestyne15": 0.0009756177,
  "antonette": 0.0002437824,
  "superkristhel": 0.0008440688,
  "hopefulsoul": 0.0008661218,
  "ronimarie82": 0.0000165822,
  "dreamrona": 0.0000553141,
  "luthis26": 0.0009863582,
  "izyllah-aeon": 0.0008136639,
  "sethjournals": 0.0009994104,
  "yhanyx87": 0.0002471686,
  "saijan19": 0.0006124006,
  "rizz26": 0.0004641913,
  "lj1728": 0.0009468242
}