{
  "gretelarmfeg": 0.0007196914,
  "anlizapasaje1234": 0.0005466135,
  "honeyjean24": 0.0006949369,
  "jeanieviv84": 0.000419524,
  "diosarich": 0.0008058621,
  "vinzie1": 0.0006352905,
  "wanderelle": 0.0002182528,
  "krissymayol": 0.0003098006,
  "desyah07": 0.0008271194,
  "gracefulwrites": 0.0003544146,
  "katiekate86": 0.0001929303,
  "celestyne15": 0.0004787486,
  "antonette": 0.000182657,
  "superkristhel": 0.0008440688,
  "hopefulsoul": 0.0001745812,
  "ronimarie82": 0.000187909,
  "dreamrona": 0.000107809,
  "luthis26": 0.0000913985,
  "izyllah-aeon": 0.0009504255,
  "sethjournals": 0.0009994104,
  "yhanyx87": 0.0005936629,
  "saijan19": 0.0002411201,
  "rizz26": 0.000967159,
  "lj1728": 0.0004867964,
  "lolitaanana001": 0.0002570449,
  "vvodjiu": 0.0006369034,
  "segundolhou29": 0.0004480828,
  "suteru": 0.0001878633,
  "heymariel": 0.0003372241,
  "jocabanero4": 0.0001406939,
  "sammify": 0.0008105809,
  "rabino7515": 0.0003253629,
  "arriane001": 0.0001585797,
  "daileen23": 0.0003910605,
  "blueoctopus": 0.0006766004,
  "crstypatata": 0.0005881324,
  "mayt": 0.0006544154,
  "joanna112890": 0.0001683227
}