{
  "gretelarmfeg": 0.0000627973,
  "anlizapasaje1234": 0.0005466135,
  "honeyjean24": 0.0008433681,
  "jeanieviv84": 0.0003078494,
  "diosarich": 0.1145352998,
  "vinzie1": 0.093099068,
  "wanderelle": 0.0126129412,
  "krissymayol": 0.0123909831,
  "desyah07": 0.0051752965,
  "gracefulwrites": 0.0036114426,
  "katiekate86": 0.0580621129,
  "celestyne15": 0.0066503357,
  "antonette": 0.011710793,
  "superkristhel": 0.0008440688,
  "hopefulsoul": 0.0221843112,
  "ronimarie82": 0.018310559,
  "dreamrona": 0.0581039461,
  "luthis26": 0.0000913985,
  "izyllah-aeon": 0.0111631702,
  "sethjournals": 0.0009994104,
  "yhanyx87": 0.0023468363,
  "saijan19": 0.0059369733,
  "rizz26": 0.0035836712,
  "lj1728": 0.0685335484,
  "lolitaanana001": 0.0237053647,
  "vvodjiu": 0.0696634345,
  "segundolhou29": 0.0004480828,
  "suteru": 0.1209894687,
  "heymariel": 0.0061517275,
  "jocabanero4": 0.0006433388,
  "sammify": 0.002457838,
  "rabino7515": 0.0062808239,
  "arriane001": 0.0063687903,
  "daileen23": 0.0036476189,
  "blueoctopus": 0.0348681108,
  "crstypatata": 0.0120716586,
  "mayt": 0.0118135299,
  "joanna112890": 0.0023932544,
  "hmayak": 0.0018586985,
  "olang23": 0.0006504411,
  "rodavlas": 0.000682828,
  "levieshome": 0.000375772,
  "serram007": 0.0002007046
}