{
  "gretelarmfeg": 0.0000094028,
  "anlizapasaje1234": 0.0001379209,
  "honeyjean24": 0.0000507209,
  "jeanieviv84": 0.000537517,
  "diosarich": 0.0000220638,
  "vinzie1": 0.0001551688,
  "wanderelle": 0.0002936424,
  "krissymayol": 0.0009010572,
  "desyah07": 0.0007811018,
  "gracefulwrites": 0.0008287757,
  "katiekate86": 0.0005243396,
  "celestyne15": 0.0002922921,
  "antonette": 0.0008076454,
  "superkristhel": 0.0008440688,
  "hopefulsoul": 0.0006522906,
  "ronimarie82": 0.0000443015,
  "dreamrona": 0.0002234804,
  "luthis26": 0.0005300817,
  "izyllah-aeon": 0.0003730437,
  "sethjournals": 0.0009994104,
  "yhanyx87": 0.0008422431,
  "saijan19": 0.0002820382,
  "rizz26": 0.0008262512,
  "lj1728": 0.0000731413,
  "lolitaanana001": 0.0005668182,
  "vvodjiu": 0.0003571387
}