{
  "gretelarmfeg": 0.0005498565,
  "anlizapasaje1234": 0.0004771014,
  "honeyjean24": 0.000284836,
  "jeanieviv84": 0.000562044,
  "diosarich": 0.0003298904,
  "vinzie1": 0.0002937892,
  "wanderelle": 0.0007949651,
  "krissymayol": 0.0006927091,
  "desyah07": 0.0009714,
  "gracefulwrites": 0.0007257425,
  "katiekate86": 0.0004113425,
  "celestyne15": 0.0009378043,
  "antonette": 0.0001372542,
  "superkristhel": 0.0008440688,
  "hopefulsoul": 0.0005900589,
  "ronimarie82": 0.0009873088,
  "dreamrona": 0.0005885439,
  "luthis26": 0.0009650378,
  "izyllah-aeon": 0.0006476465,
  "sethjournals": 0.0009994104,
  "yhanyx87": 0.0000332307,
  "saijan19": 0.0005342413
}