{
  "gretelarmfeg": 0.0002749106,
  "anlizapasaje1234": 0.0005466135,
  "honeyjean24": 0.0000837423,
  "jeanieviv84": 0.0006127115,
  "diosarich": 0.0007869145,
  "vinzie1": 0.0000916178,
  "wanderelle": 0.0006057796,
  "krissymayol": 0.0005332377,
  "desyah07": 0.0004410329,
  "gracefulwrites": 0.000565831,
  "katiekate86": 0.0005213731,
  "celestyne15": 0.0005152572,
  "antonette": 0.000299261,
  "superkristhel": 0.0008440688,
  "hopefulsoul": 0.000428782,
  "ronimarie82": 0.0009570075,
  "dreamrona": 0.0007524442,
  "luthis26": 0.0000913985,
  "izyllah-aeon": 0.0007424973,
  "sethjournals": 0.0009994104,
  "yhanyx87": 0.0007988534,
  "saijan19": 0.0004352397,
  "rizz26": 0.0003316749,
  "lj1728": 0.0008393522,
  "lolitaanana001": 0.0003550956,
  "vvodjiu": 0.0005845406,
  "segundolhou29": 0.0004480828,
  "suteru": 0.0002654462,
  "heymariel": 0.000459085,
  "jocabanero4": 0.0006322537,
  "sammify": 0.0002410475,
  "rabino7515": 0.0006525568,
  "arriane001": 0.000822902,
  "daileen23": 0.0005586906,
  "blueoctopus": 0.0008777593,
  "crstypatata": 0.0008227289,
  "mayt": 0.0009665547
}