{
  "gretelarmfeg": 0.0003518529,
  "anlizapasaje1234": 0.0005466135,
  "honeyjean24": 0.0003797949,
  "jeanieviv84": 0.0006353681,
  "diosarich": 0.0000687655,
  "vinzie1": 0.0004752567,
  "wanderelle": 0.0003829443,
  "krissymayol": 0.0000565369,
  "desyah07": 0.0000737275,
  "gracefulwrites": 0.0007978492,
  "katiekate86": 0.0003504928,
  "celestyne15": 0.0009339086,
  "antonette": 0.0000062112,
  "superkristhel": 0.0008440688,
  "hopefulsoul": 0.0003540243,
  "ronimarie82": 0.0001992075,
  "dreamrona": 0.0002290296,
  "luthis26": 0.0007188237,
  "izyllah-aeon": 0.0007964653,
  "sethjournals": 0.0009994104,
  "yhanyx87": 0.0002784007,
  "saijan19": 0.0008265453,
  "rizz26": 0.0007335793,
  "lj1728": 0.0000940101,
  "lolitaanana001": 0.0008259127,
  "vvodjiu": 0.0006803322
}