{
  "gretelarmfeg": 0.0007426769,
  "anlizapasaje1234": 0.0005466135,
  "honeyjean24": 0.0009005065,
  "jeanieviv84": 0.0003141768,
  "diosarich": 0.000348357,
  "vinzie1": 0.0009654571,
  "wanderelle": 0.000103137,
  "krissymayol": 0.0005937484,
  "desyah07": 0.0008643411,
  "gracefulwrites": 0.0001359243,
  "katiekate86": 0.0003465353,
  "celestyne15": 0.0005075293,
  "antonette": 0.0000753557,
  "superkristhel": 0.0008440688,
  "hopefulsoul": 0.000917434,
  "ronimarie82": 0.0003652786,
  "dreamrona": 0.0002939524,
  "luthis26": 0.0006666854,
  "izyllah-aeon": 0.0008994783,
  "sethjournals": 0.0009994104,
  "yhanyx87": 0.0005043546,
  "saijan19": 0.0001848674,
  "rizz26": 0.0003093562,
  "lj1728": 0.0001254157,
  "lolitaanana001": 0.0000989191,
  "vvodjiu": 0.0005827656,
  "segundolhou29": 0.0004480828,
  "suteru": 0.0006847443,
  "heymariel": 0.0006785852,
  "jocabanero4": 0.000665944,
  "sammify": 0.0009238542,
  "rabino7515": 0.0004187032,
  "arriane001": 0.0002079062,
  "daileen23": 0.0009116451,
  "blueoctopus": 0.0003180872
}