{
  "gretelarmfeg": 0.0009188582,
  "anlizapasaje1234": 0.0005466135,
  "honeyjean24": 0.0007962932,
  "jeanieviv84": 0.0009405732,
  "diosarich": 0.0006528046,
  "vinzie1": 0.0009335314,
  "wanderelle": 0.0005895938,
  "krissymayol": 0.0009065499,
  "desyah07": 0.0005096014,
  "gracefulwrites": 0.000870908,
  "katiekate86": 0.0006587751,
  "celestyne15": 0.0001426313,
  "antonette": 0.0002750962,
  "superkristhel": 0.0008440688,
  "hopefulsoul": 0.0009131113,
  "ronimarie82": 0.0008520162,
  "dreamrona": 0.0008734683,
  "luthis26": 0.0008922042,
  "izyllah-aeon": 0.0009216788,
  "sethjournals": 0.0009994104,
  "yhanyx87": 0.000622867,
  "saijan19": 0.000928473,
  "rizz26": 0.0002063642,
  "lj1728": 0.0003462146,
  "lolitaanana001": 0.000151847,
  "vvodjiu": 0.0005679712,
  "segundolhou29": 0.0004480828,
  "suteru": 0.0009876284,
  "heymariel": 0.0004040152,
  "jocabanero4": 0.0007450069,
  "sammify": 0.0006978198,
  "rabino7515": 0.0003614359,
  "arriane001": 0.0001800401,
  "daileen23": 0.000915469
}