{
  "gretelarmfeg": 0.0006532736,
  "anlizapasaje1234": 0.0005466135,
  "honeyjean24": 0.0009706657,
  "jeanieviv84": 0.0007247297,
  "diosarich": 0.000447573,
  "vinzie1": 0.0005704019,
  "wanderelle": 0.0002452567,
  "krissymayol": 0.000562298,
  "desyah07": 0.0004916966,
  "gracefulwrites": 0.0008455194,
  "katiekate86": 0.000661677,
  "celestyne15": 0.000698255,
  "antonette": 0.0002752238,
  "superkristhel": 0.0008440688,
  "hopefulsoul": 0.0004706052,
  "ronimarie82": 0.0008573356,
  "dreamrona": 0.0005108949,
  "luthis26": 0.0000913985,
  "izyllah-aeon": 0.0000557049,
  "sethjournals": 0.0009994104,
  "yhanyx87": 0.0009251311,
  "saijan19": 0.0007519605,
  "rizz26": 0.0001039768,
  "lj1728": 0.000780092,
  "lolitaanana001": 0.0003807625,
  "vvodjiu": 0.0009611392,
  "segundolhou29": 0.0004480828,
  "suteru": 0.0001405581,
  "heymariel": 0.0009192829,
  "jocabanero4": 0.0006433388,
  "sammify": 0.00014401,
  "rabino7515": 0.0003739052,
  "arriane001": 0.0001434224,
  "daileen23": 0.0007407385,
  "blueoctopus": 0.0003489303,
  "crstypatata": 0.0003519576,
  "mayt": 0.0008391185,
  "joanna112890": 0.0003568346,
  "hmayak": 0.0003957527,
  "olang23": 0.0006504411,
  "rodavlas": 0.000682828,
  "levieshome": 0.000375772,
  "serram007": 0.0002007046,
  "jovan1978": 0.0005276567,
  "mdsahin111": 0.0000617373
}