{
  "gretelarmfeg": 0.000072263,
  "anlizapasaje1234": 0.0007932179,
  "honeyjean24": 0.0001911075,
  "jeanieviv84": 0.0007207232,
  "diosarich": 0.0004002039,
  "vinzie1": 0.0008414199,
  "wanderelle": 0.0005655511,
  "krissymayol": 0.000992364,
  "desyah07": 0.0006379503,
  "gracefulwrites": 0.0004763483,
  "katiekate86": 0.0005819545,
  "celestyne15": 0.0007793063,
  "antonette": 0.0003614338,
  "superkristhel": 0.0006106644,
  "hopefulsoul": 0.0002853181,
  "ronimarie82": 0.0006064679,
  "dreamrona": 0.0002842888,
  "luthis26": 0.0002064262,
  "izyllah-aeon": 0.0007706418,
  "sethjournals": 0.0009994104,
  "yhanyx87": 0.0007450088
}