{
  "gretelarmfeg": 0.0003252436,
  "anlizapasaje1234": 0.0005466135,
  "honeyjean24": 0.0003349198,
  "jeanieviv84": 0.0004132206,
  "diosarich": 0.0004567444,
  "vinzie1": 0.0004014919,
  "wanderelle": 0.000855799,
  "krissymayol": 0.0008548265,
  "desyah07": 0.0000624606,
  "gracefulwrites": 0.000025494,
  "katiekate86": 0.0009761865,
  "celestyne15": 0.0006368081,
  "antonette": 0.0002752238,
  "superkristhel": 0.0008440688,
  "hopefulsoul": 0.0000095707,
  "ronimarie82": 0.0000751797,
  "dreamrona": 0.00045932,
  "luthis26": 0.0000913985,
  "izyllah-aeon": 0.0002732031,
  "sethjournals": 0.0009994104,
  "yhanyx87": 0.0005530421,
  "saijan19": 0.0000579223,
  "rizz26": 0.0007915378,
  "lj1728": 0.0004871084,
  "lolitaanana001": 0.000678776,
  "vvodjiu": 0.0009138702,
  "segundolhou29": 0.0004480828,
  "suteru": 0.0008455986,
  "heymariel": 0.0000232526,
  "jocabanero4": 0.0006433388,
  "sammify": 0.0008280291,
  "rabino7515": 0.0008758198,
  "arriane001": 0.0007832624,
  "daileen23": 0.0007739019,
  "blueoctopus": 0.0004863342,
  "crstypatata": 0.000480261,
  "mayt": 0.0001177026,
  "joanna112890": 0.0002173788,
  "hmayak": 0.0006982624,
  "olang23": 0.0006504411,
  "rodavlas": 0.000682828,
  "levieshome": 0.000375772,
  "serram007": 0.0002007046
}