{
  "gretelarmfeg": 0.0000153326,
  "anlizapasaje1234": 0.0005466135,
  "honeyjean24": 0.0009694557,
  "jeanieviv84": 0.0009810944,
  "diosarich": 0.0002658055,
  "vinzie1": 0.0007678608,
  "wanderelle": 0.0006406618,
  "krissymayol": 0.0005097252,
  "desyah07": 0.0000047735,
  "gracefulwrites": 0.0002389855,
  "katiekate86": 0.0006818317,
  "celestyne15": 0.0003326072,
  "antonette": 0.0002377297,
  "superkristhel": 0.0008440688,
  "hopefulsoul": 0.0009217125,
  "ronimarie82": 0.0009320377,
  "dreamrona": 0.0008079965,
  "luthis26": 0.0000913985,
  "izyllah-aeon": 0.0006828982,
  "sethjournals": 0.0009994104,
  "yhanyx87": 0.0000605115,
  "saijan19": 0.0009528078,
  "rizz26": 0.0000593132,
  "lj1728": 0.0007337604,
  "lolitaanana001": 0.0006639583,
  "vvodjiu": 0.000943565,
  "segundolhou29": 0.0004480828,
  "suteru": 0.0001595625,
  "heymariel": 0.0003068093,
  "jocabanero4": 0.0000174175,
  "sammify": 0.000024163,
  "rabino7515": 0.0005733532,
  "arriane001": 0.0002835583,
  "daileen23": 0.0005721341,
  "blueoctopus": 0.0008785185,
  "crstypatata": 0.0008708014,
  "mayt": 0.0000422225
}