{
  "gretelarmfeg": 0.0002512926,
  "anlizapasaje1234": 0.0005466135,
  "honeyjean24": 0.0005295968,
  "jeanieviv84": 0.0005279153,
  "diosarich": 0.0001763541,
  "vinzie1": 0.0007046325,
  "wanderelle": 0.0005950339,
  "krissymayol": 0.0003192941,
  "desyah07": 0.0005817661,
  "gracefulwrites": 0.0004106364,
  "katiekate86": 0.0008270302,
  "celestyne15": 0.0007817147,
  "antonette": 0.0002752238,
  "superkristhel": 0.0008440688,
  "hopefulsoul": 0.000457243,
  "ronimarie82": 0.000434234,
  "dreamrona": 0.0009611407,
  "luthis26": 0.0000913985,
  "izyllah-aeon": 0.0002495035,
  "sethjournals": 0.0009994104,
  "yhanyx87": 0.0007565919,
  "saijan19": 0.0009259646,
  "rizz26": 0.0008505374,
  "lj1728": 0.0005531944,
  "lolitaanana001": 0.0006341668,
  "vvodjiu": 0.0001548072,
  "segundolhou29": 0.0004480828,
  "suteru": 0.0003855855,
  "heymariel": 0.0007909251,
  "jocabanero4": 0.0006433388,
  "sammify": 0.0002332613,
  "rabino7515": 0.0007359759,
  "arriane001": 0.0004873567,
  "daileen23": 0.000932834,
  "blueoctopus": 0.0003965682,
  "crstypatata": 0.0006362021,
  "mayt": 0.0002731958,
  "joanna112890": 0.0000124364,
  "hmayak": 0.0007532408,
  "olang23": 0.0006504411,
  "rodavlas": 0.000682828,
  "levieshome": 0.000375772,
  "serram007": 0.0002007046,
  "jovan1978": 0.0007256098,
  "mdsahin111": 0.0001258887
}