{
  "gretelarmfeg": 0.0008068718,
  "anlizapasaje1234": 0.0007991404,
  "honeyjean24": 0.0006743707,
  "jeanieviv84": 0.0007189744,
  "diosarich": 0.0006877788,
  "vinzie1": 0.0007435449,
  "wanderelle": 0.0001420467,
  "krissymayol": 0.0005484351,
  "desyah07": 0.0003476051,
  "gracefulwrites": 0.0007548551,
  "katiekate86": 0.0008332681,
  "celestyne15": 0.00058981,
  "antonette": 0.0003241416,
  "superkristhel": 0.0008440688,
  "hopefulsoul": 0.0003432806,
  "ronimarie82": 0.0007720957,
  "dreamrona": 0.0003262979,
  "luthis26": 0.0000764194,
  "izyllah-aeon": 0.0000338347,
  "sethjournals": 0.0009994104,
  "yhanyx87": 0.0009899164,
  "saijan19": 0.0007066771,
  "rizz26": 0.0009398934
}