{
  "gretelarmfeg": 0.000345626,
  "anlizapasaje1234": 0.000688193,
  "honeyjean24": 0.0004668649,
  "jeanieviv84": 0.0004929159,
  "diosarich": 0.0000774214,
  "vinzie1": 0.0000048003,
  "wanderelle": 0.0000266401,
  "krissymayol": 0.0001177586,
  "desyah07": 0.0006303487,
  "gracefulwrites": 0.0002187977,
  "katiekate86": 0.0000516479,
  "celestyne15": 0.0002535555,
  "antonette": 0.0006882034,
  "superkristhel": 0.0008440688,
  "hopefulsoul": 0.0002011184,
  "ronimarie82": 0.0007509914,
  "dreamrona": 0.0006098872,
  "luthis26": 0.0004872817,
  "izyllah-aeon": 0.0009091779,
  "sethjournals": 0.0009994104,
  "yhanyx87": 0.0002163461,
  "saijan19": 0.0001496588,
  "rizz26": 0.0006979905
}