{
  "gretelarmfeg": 0.0001861527,
  "anlizapasaje1234": 0.0005466135,
  "honeyjean24": 0.0002174964,
  "jeanieviv84": 0.0002943274,
  "diosarich": 0.0004481718,
  "vinzie1": 0.0006285266,
  "wanderelle": 0.0008452642,
  "krissymayol": 0.0001190382,
  "desyah07": 0.000494495,
  "gracefulwrites": 0.000597877,
  "katiekate86": 0.0008742063,
  "celestyne15": 0.0002204742,
  "antonette": 0.0002752238,
  "superkristhel": 0.0008440688,
  "hopefulsoul": 0.0006526517,
  "ronimarie82": 0.0000705486,
  "dreamrona": 0.0007702781,
  "luthis26": 0.0000913985,
  "izyllah-aeon": 0.0007723101,
  "sethjournals": 0.0009994104,
  "yhanyx87": 0.0004867423,
  "saijan19": 0.0000520582,
  "rizz26": 0.0003681427,
  "lj1728": 0.0000935827,
  "lolitaanana001": 0.0009658202,
  "vvodjiu": 0.0007943877,
  "segundolhou29": 0.0004480828,
  "suteru": 0.0000861396,
  "heymariel": 0.0004640078,
  "jocabanero4": 0.0006433388,
  "sammify": 0.0001282184,
  "rabino7515": 0.0009727723,
  "arriane001": 0.0001692185,
  "daileen23": 0.0007452309,
  "blueoctopus": 0.0009116462,
  "crstypatata": 0.0007026816,
  "mayt": 0.0002102889,
  "joanna112890": 0.0004058785,
  "hmayak": 0.0007702373,
  "olang23": 0.0006504411,
  "rodavlas": 0.000682828,
  "levieshome": 0.000375772,
  "serram007": 0.0002007046,
  "jovan1978": 0.0002939572,
  "mdsahin111": 0.0005167798
}