{
  "gretelarmfeg": 0.0004799772,
  "anlizapasaje1234": 0.0005466135,
  "honeyjean24": 0.0000308295,
  "jeanieviv84": 0.0009069644,
  "diosarich": 0.0002345086,
  "vinzie1": 0.000893025,
  "wanderelle": 0.0006129572,
  "krissymayol": 0.0007071725,
  "desyah07": 0.000527417,
  "gracefulwrites": 0.0006356015,
  "katiekate86": 0.0001655465,
  "celestyne15": 0.0007982829,
  "antonette": 0.0009307002,
  "superkristhel": 0.0008440688,
  "hopefulsoul": 0.0003465677,
  "ronimarie82": 0.0009994311,
  "dreamrona": 0.0009809179,
  "luthis26": 0.0005808728,
  "izyllah-aeon": 0.0002853988,
  "sethjournals": 0.0009994104,
  "yhanyx87": 0.0000338349,
  "saijan19": 0.0004406383,
  "rizz26": 0.0001788801,
  "lj1728": 0.0000822686,
  "lolitaanana001": 0.0005758678,
  "vvodjiu": 0.0004815435,
  "segundolhou29": 0.0000706222,
  "suteru": 0.0000019691,
  "heymariel": 0.0001755264,
  "jocabanero4": 0.0001042594
}