{
  "gretelarmfeg": 0.0008241158,
  "anlizapasaje1234": 0.0005466135,
  "honeyjean24": 0.0004784905,
  "jeanieviv84": 0.0009087013,
  "diosarich": 0.0008511721,
  "vinzie1": 0.0009964402,
  "wanderelle": 0.0008380949,
  "krissymayol": 0.000671978,
  "desyah07": 0.000053496,
  "gracefulwrites": 0.0007757377,
  "katiekate86": 0.0004679621,
  "celestyne15": 0.0001120059,
  "antonette": 0.0003770778,
  "superkristhel": 0.0008440688,
  "hopefulsoul": 0.0009936305,
  "ronimarie82": 0.00098285,
  "dreamrona": 0.0005880333,
  "luthis26": 0.0000913985,
  "izyllah-aeon": 0.000040609,
  "sethjournals": 0.0009994104,
  "yhanyx87": 0.0003862089,
  "saijan19": 0.0005516009,
  "rizz26": 0.0006288895,
  "lj1728": 0.0003384584,
  "lolitaanana001": 0.0006046525,
  "vvodjiu": 0.0000045924,
  "segundolhou29": 0.0004480828,
  "suteru": 0.000679608,
  "heymariel": 0.0001045072,
  "jocabanero4": 0.0005079467,
  "sammify": 0.0002541883,
  "rabino7515": 0.0004150739,
  "arriane001": 0.0007045743,
  "daileen23": 0.0003138957,
  "blueoctopus": 0.0004367259,
  "crstypatata": 0.000678638,
  "mayt": 0.000866684
}