{
  "gretelarmfeg": 0.0008065776,
  "anlizapasaje1234": 0.0005466135,
  "honeyjean24": 0.0007809106,
  "jeanieviv84": 0.0007177287,
  "diosarich": 0.0006162945,
  "vinzie1": 0.0003664058,
  "wanderelle": 0.0007534928,
  "krissymayol": 0.0002945936,
  "desyah07": 0.0003678982,
  "gracefulwrites": 0.0007632902,
  "katiekate86": 0.0000165156,
  "celestyne15": 0.0005733998,
  "antonette": 0.0008090728,
  "superkristhel": 0.0008440688,
  "hopefulsoul": 0.0000706781,
  "ronimarie82": 0.0009753312,
  "dreamrona": 0.0001275531,
  "luthis26": 0.0003929076,
  "izyllah-aeon": 0.0005791772,
  "sethjournals": 0.0009994104,
  "yhanyx87": 0.0005181931,
  "saijan19": 0.0005099356,
  "rizz26": 0.0008896143,
  "lj1728": 0.0009405547,
  "lolitaanana001": 0.0000131615,
  "vvodjiu": 0.0006767036,
  "segundolhou29": 0.0004480828,
  "suteru": 0.0006644839,
  "heymariel": 0.0007181933,
  "jocabanero4": 0.0005152497,
  "sammify": 0.000945314,
  "rabino7515": 0.0003951317,
  "arriane001": 0.0006958973,
  "daileen23": 0.0000076023,
  "blueoctopus": 0.0009492206,
  "crstypatata": 0.0006740101
}