{
  "gretelarmfeg": 0.0004238656,
  "anlizapasaje1234": 0.0005466135,
  "honeyjean24": 0.0003363062,
  "jeanieviv84": 0.0004014607,
  "diosarich": 0.0007236774,
  "vinzie1": 0.0001202667,
  "wanderelle": 0.0008285681,
  "krissymayol": 0.0005269943,
  "desyah07": 0.0005332089,
  "gracefulwrites": 0.0003863324,
  "katiekate86": 0.0003469881,
  "celestyne15": 0.0003029336,
  "antonette": 0.0001439026,
  "superkristhel": 0.0008440688,
  "hopefulsoul": 0.0008332613,
  "ronimarie82": 0.0004491023,
  "dreamrona": 0.0008221829,
  "luthis26": 0.0000913985,
  "izyllah-aeon": 0.0000496428,
  "sethjournals": 0.0009994104,
  "yhanyx87": 0.0008373934,
  "saijan19": 0.0000471317,
  "rizz26": 0.0003658685,
  "lj1728": 0.0009373692,
  "lolitaanana001": 0.0009484195,
  "vvodjiu": 0.0005908196,
  "segundolhou29": 0.0004480828,
  "suteru": 0.0000869705,
  "heymariel": 0.0003658936,
  "jocabanero4": 0.0009665498,
  "sammify": 0.0006362836,
  "rabino7515": 0.0008459637,
  "arriane001": 0.0004206179,
  "daileen23": 0.0007138501,
  "blueoctopus": 0.0008969528,
  "crstypatata": 0.0000193835,
  "mayt": 0.0002714413
}