{
  "gretelarmfeg": 0.0006715527,
  "anlizapasaje1234": 0.0005466135,
  "honeyjean24": 0.0007456757,
  "jeanieviv84": 0.0005037636,
  "diosarich": 0.0005336381,
  "vinzie1": 0.0005000517,
  "wanderelle": 0.0002229862,
  "krissymayol": 0.0008081941,
  "desyah07": 0.0008535005,
  "gracefulwrites": 0.0003712486,
  "katiekate86": 0.0009730261,
  "celestyne15": 0.0004457336,
  "antonette": 0.0000024558,
  "superkristhel": 0.0008440688,
  "hopefulsoul": 0.0005220923,
  "ronimarie82": 0.0001215124,
  "dreamrona": 0.0004641551,
  "luthis26": 0.0000913985,
  "izyllah-aeon": 0.0005769947,
  "sethjournals": 0.0009994104,
  "yhanyx87": 0.0002815918,
  "saijan19": 0.0007424146,
  "rizz26": 0.0005233963,
  "lj1728": 0.0007905424,
  "lolitaanana001": 0.0008018904,
  "vvodjiu": 0.0006824007,
  "segundolhou29": 0.0004480828,
  "suteru": 0.0007105564,
  "heymariel": 0.000047429,
  "jocabanero4": 0.0009382059,
  "sammify": 0.0009055607,
  "rabino7515": 0.0004178282,
  "arriane001": 0.0007026299,
  "daileen23": 0.0005311454,
  "blueoctopus": 0.000011087,
  "crstypatata": 0.000027516,
  "mayt": 0.0008605133,
  "joanna112890": 0.0000435865,
  "hmayak": 0.0003299376,
  "olang23": 0.00043885,
  "rodavlas": 0.0001137388,
  "levieshome": 0.0001075558
}