{
  "gretelarmfeg": 0.0004025219,
  "anlizapasaje1234": 0.0005466135,
  "honeyjean24": 0.0000200211,
  "jeanieviv84": 0.0006867054,
  "diosarich": 0.0001706495,
  "vinzie1": 0.0009341263,
  "wanderelle": 0.0001951156,
  "krissymayol": 0.0007051978,
  "desyah07": 0.0009777534,
  "gracefulwrites": 0.0002148874,
  "katiekate86": 0.0006752643,
  "celestyne15": 0.0003176351,
  "antonette": 0.0008505477,
  "superkristhel": 0.0008440688,
  "hopefulsoul": 0.0005893833,
  "ronimarie82": 0.0001235249,
  "dreamrona": 0.0007956442,
  "luthis26": 0.0000913985,
  "izyllah-aeon": 0.0004331686,
  "sethjournals": 0.0009994104,
  "yhanyx87": 0.0008935407,
  "saijan19": 0.0002286426,
  "rizz26": 0.0004371292,
  "lj1728": 0.0000925357,
  "lolitaanana001": 0.0005179966,
  "vvodjiu": 0.0009816342,
  "segundolhou29": 0.0004480828,
  "suteru": 0.0006108585,
  "heymariel": 0.0009584075,
  "jocabanero4": 0.000525256,
  "sammify": 0.0000423164,
  "rabino7515": 0.0004228151,
  "arriane001": 0.0007054554,
  "daileen23": 0.0008125707,
  "blueoctopus": 0.0007902543,
  "crstypatata": 0.0003031286,
  "mayt": 0.0001716275,
  "joanna112890": 0.0007655547,
  "hmayak": 0.0008259311
}