{
  "gretelarmfeg": 0.0006757964,
  "anlizapasaje1234": 0.0005466135,
  "honeyjean24": 0.0009267377,
  "jeanieviv84": 0.000005748,
  "diosarich": 0.0006640587,
  "vinzie1": 0.0004001427,
  "wanderelle": 0.0008935602,
  "krissymayol": 0.0005247767,
  "desyah07": 0.000561292,
  "gracefulwrites": 0.0009018171,
  "katiekate86": 0.0009732173,
  "celestyne15": 0.0000447252,
  "antonette": 0.0007489932,
  "superkristhel": 0.0008440688,
  "hopefulsoul": 0.000438815,
  "ronimarie82": 0.0002943266,
  "dreamrona": 0.0000168631,
  "luthis26": 0.0000913985,
  "izyllah-aeon": 0.0008067744,
  "sethjournals": 0.0009994104,
  "yhanyx87": 0.0003180133,
  "saijan19": 0.0005776017,
  "rizz26": 0.0000110376,
  "lj1728": 0.0001076495,
  "lolitaanana001": 0.000023494,
  "vvodjiu": 0.0004168768,
  "segundolhou29": 0.0004480828,
  "suteru": 0.0007414781,
  "heymariel": 0.0006224889,
  "jocabanero4": 0.0006433388,
  "sammify": 0.0006826938,
  "rabino7515": 0.0009353153,
  "arriane001": 0.0004611701,
  "daileen23": 0.0007936034,
  "blueoctopus": 0.0000850664,
  "crstypatata": 0.0008998066,
  "mayt": 0.0007110621,
  "joanna112890": 0.0006250527,
  "hmayak": 0.0003752573,
  "olang23": 0.0006504411,
  "rodavlas": 0.000682828,
  "levieshome": 0.000375772,
  "serram007": 0.0002007046
}