{
  "gretelarmfeg": 0.0004469972,
  "anlizapasaje1234": 0.0005733376,
  "honeyjean24": 0.0003948054,
  "jeanieviv84": 0.0006683087,
  "diosarich": 0.0009171531,
  "vinzie1": 0.0007818325,
  "wanderelle": 0.000371348,
  "krissymayol": 0.0007695383,
  "desyah07": 0.0002322762,
  "gracefulwrites": 0.0009184075,
  "katiekate86": 0.0000452455,
  "celestyne15": 0.0000327274,
  "antonette": 0.0005399073,
  "superkristhel": 0.0008440688,
  "hopefulsoul": 0.0006088186,
  "ronimarie82": 0.000675392,
  "dreamrona": 0.0005659745,
  "luthis26": 0.0002934021,
  "izyllah-aeon": 0.0005388602,
  "sethjournals": 0.0009994104,
  "yhanyx87": 0.0002015658,
  "saijan19": 0.0003213456,
  "rizz26": 0.0001110948
}