{
  "gretelarmfeg": 0.0000427934,
  "anlizapasaje1234": 0.0005466135,
  "honeyjean24": 0.0004535616,
  "jeanieviv84": 0.0004321238,
  "diosarich": 0.0005902383,
  "vinzie1": 0.0001416229,
  "wanderelle": 0.0005785059,
  "krissymayol": 0.0007587203,
  "desyah07": 0.0001875849,
  "gracefulwrites": 0.0008802133,
  "katiekate86": 0.000595699,
  "celestyne15": 0.0003393776,
  "antonette": 0.0000382387,
  "superkristhel": 0.0008440688,
  "hopefulsoul": 0.0009880088,
  "ronimarie82": 0.0003252283,
  "dreamrona": 0.0001163831,
  "luthis26": 0.0006756452,
  "izyllah-aeon": 0.0000810976,
  "sethjournals": 0.0009994104,
  "yhanyx87": 0.0007937618,
  "saijan19": 0.000423226,
  "rizz26": 0.0003432529,
  "lj1728": 0.0003042817,
  "lolitaanana001": 0.0005516987,
  "vvodjiu": 0.0008162026,
  "segundolhou29": 0.0004480828,
  "suteru": 0.0005454031,
  "heymariel": 0.0006718884,
  "jocabanero4": 0.0000452321,
  "sammify": 0.0008875369,
  "rabino7515": 0.0008004203,
  "arriane001": 0.0004001369
}