{
  "gretelarmfeg": 0.0003027464,
  "anlizapasaje1234": 0.0005466135,
  "honeyjean24": 0.0002466319,
  "jeanieviv84": 0.0003896744,
  "diosarich": 0.0001383072,
  "vinzie1": 0.0005495206,
  "wanderelle": 0.0000949842,
  "krissymayol": 0.0000683345,
  "desyah07": 0.0000761766,
  "gracefulwrites": 0.0000419143,
  "katiekate86": 0.0006206706,
  "celestyne15": 0.000024162,
  "antonette": 0.0008642367,
  "superkristhel": 0.0008440688,
  "hopefulsoul": 0.0000015543,
  "ronimarie82": 0.0008586105,
  "dreamrona": 0.0006868474,
  "luthis26": 0.0000913985,
  "izyllah-aeon": 0.0008046761,
  "sethjournals": 0.0009994104,
  "yhanyx87": 0.0008098768,
  "saijan19": 0.0001797423,
  "rizz26": 0.0007649397,
  "lj1728": 0.0000184189,
  "lolitaanana001": 0.000877624,
  "vvodjiu": 0.0009150851,
  "segundolhou29": 0.0004480828,
  "suteru": 0.0002276694,
  "heymariel": 0.0009441189,
  "jocabanero4": 0.0005692246,
  "sammify": 0.0009858469,
  "rabino7515": 0.0000801634,
  "arriane001": 0.0005365025,
  "daileen23": 0.0007673419,
  "blueoctopus": 0.0003386059,
  "crstypatata": 0.0005156706,
  "mayt": 0.0006378094
}