{
  "gretelarmfeg": 0.0006696795,
  "anlizapasaje1234": 0.0005466135,
  "honeyjean24": 0.000354396,
  "jeanieviv84": 0.0002742171,
  "diosarich": 0.0009720175,
  "vinzie1": 0.0006166958,
  "wanderelle": 0.0002008073,
  "krissymayol": 0.00082195,
  "desyah07": 0.0002755285,
  "gracefulwrites": 0.0001875547,
  "katiekate86": 0.0000245879,
  "celestyne15": 0.0002500873,
  "antonette": 0.0000396077,
  "superkristhel": 0.0008440688,
  "hopefulsoul": 0.0006789371,
  "ronimarie82": 0.0008281202,
  "dreamrona": 0.0008230833,
  "luthis26": 0.0000913985,
  "izyllah-aeon": 0.0003053199,
  "sethjournals": 0.0009994104,
  "yhanyx87": 0.0001204715,
  "saijan19": 0.0007312472,
  "rizz26": 0.0003061744,
  "lj1728": 0.0006070202,
  "lolitaanana001": 0.0002889799,
  "vvodjiu": 0.0006373716,
  "segundolhou29": 0.0004480828,
  "suteru": 0.0001446582,
  "heymariel": 0.0008330909,
  "jocabanero4": 0.0006433388,
  "sammify": 0.0008850548,
  "rabino7515": 0.0001585233,
  "arriane001": 0.0005728186,
  "daileen23": 0.0001380457,
  "blueoctopus": 0.0006500464,
  "crstypatata": 0.0003818433,
  "mayt": 0.0001978593,
  "joanna112890": 0.0003081698,
  "hmayak": 0.0008326373,
  "olang23": 0.0006504411,
  "rodavlas": 0.000682828,
  "levieshome": 0.000375772,
  "serram007": 0.0002007046
}