{
  "gretelarmfeg": 0.0002876176,
  "anlizapasaje1234": 0.0005081062,
  "honeyjean24": 0.000082672,
  "jeanieviv84": 0.0002463372,
  "diosarich": 0.0006384178,
  "vinzie1": 0.0003085588,
  "wanderelle": 0.0004511225,
  "krissymayol": 0.0007832435,
  "desyah07": 0.0000073745,
  "gracefulwrites": 1.261e-7,
  "katiekate86": 0.0009854054,
  "celestyne15": 0.0004249652,
  "antonette": 0.0005105969,
  "superkristhel": 0.0008440688,
  "hopefulsoul": 0.0009806282,
  "ronimarie82": 0.0007733148,
  "dreamrona": 0.0007293642,
  "luthis26": 0.0002738995,
  "izyllah-aeon": 0.0001952683,
  "sethjournals": 0.0009994104,
  "yhanyx87": 0.0007890851,
  "saijan19": 0.0008613764,
  "rizz26": 0.0002544577
}