{
  "gretelarmfeg": 0.000474151,
  "anlizapasaje1234": 0.0000085666,
  "honeyjean24": 0.0002919418,
  "jeanieviv84": 0.0001015571,
  "diosarich": 0.0000085751,
  "vinzie1": 0.0002091631,
  "wanderelle": 0.0002028117,
  "krissymayol": 0.0003184372,
  "desyah07": 0.0009218904,
  "gracefulwrites": 0.0006873074,
  "katiekate86": 0.0002796067,
  "celestyne15": 0.0008975872,
  "antonette": 0.0009048378,
  "superkristhel": 0.0008440688,
  "hopefulsoul": 0.000486591,
  "ronimarie82": 0.0008578142,
  "dreamrona": 0.0007550434,
  "luthis26": 0.0007002782,
  "izyllah-aeon": 0.0008959943,
  "sethjournals": 0.0009994104,
  "yhanyx87": 0.0005623638,
  "saijan19": 0.0002376913,
  "rizz26": 0.0001436346
}