{
  "gretelarmfeg": 0.000378558,
  "anlizapasaje1234": 0.0004351102,
  "honeyjean24": 0.0003829103,
  "jeanieviv84": 0.0006133953,
  "diosarich": 0.0001382798,
  "vinzie1": 0.0008300935,
  "wanderelle": 0.0003711162,
  "krissymayol": 0.0008195264,
  "desyah07": 0.0004757635,
  "gracefulwrites": 0.0001058884,
  "katiekate86": 0.0006837,
  "celestyne15": 0.0002122206,
  "antonette": 0.0005543893,
  "superkristhel": 0.0007158081,
  "hopefulsoul": 0.000172014,
  "ronimarie82": 0.0007149821,
  "dreamrona": 0.0001718114,
  "luthis26": 0.0004286829,
  "izyllah-aeon": 0.0004635983
}