{
  "gretelarmfeg": 0.0007525961,
  "anlizapasaje1234": 0.0005466135,
  "honeyjean24": 0.0007516386,
  "jeanieviv84": 0.0003148839,
  "diosarich": 0.0009545465,
  "vinzie1": 0.000313004,
  "wanderelle": 0.0001190244,
  "krissymayol": 0.0001153468,
  "desyah07": 0.0004456679,
  "gracefulwrites": 0.000824875,
  "katiekate86": 0.0007016925,
  "celestyne15": 0.0000540838,
  "antonette": 0.0002751396,
  "superkristhel": 0.0008440688,
  "hopefulsoul": 0.0003917265,
  "ronimarie82": 0.0009671577,
  "dreamrona": 0.0005566727,
  "luthis26": 0.0009398442,
  "izyllah-aeon": 0.0003678784,
  "sethjournals": 0.0009994104,
  "yhanyx87": 0.0006792773,
  "saijan19": 0.0001938846,
  "rizz26": 0.00045949,
  "lj1728": 0.0004347079,
  "lolitaanana001": 0.0008564864,
  "vvodjiu": 0.0009132809,
  "segundolhou29": 0.0006091996,
  "suteru": 0.0006674382,
  "heymariel": 0.0004822468
}