{
  "gretelarmfeg": 0.8897921839,
  "anlizapasaje1234": 0.0005466135,
  "honeyjean24": 0.009955892,
  "jeanieviv84": 0.3575982565,
  "diosarich": 0.2959659308,
  "vinzie1": 0.7115460053,
  "wanderelle": 0.0903720989,
  "krissymayol": 0.0902992536,
  "desyah07": 0.0362874218,
  "gracefulwrites": 0.027456604,
  "katiekate86": 0.444503997,
  "celestyne15": 0.0445358589,
  "antonette": 0.0904140137,
  "superkristhel": 0.0008440688,
  "hopefulsoul": 0.0680797473,
  "ronimarie82": 0.1338474599,
  "dreamrona": 0.0898972839,
  "luthis26": 0.0900889858,
  "izyllah-aeon": 0.0828004446,
  "sethjournals": 0.0009994104,
  "yhanyx87": 0.0125908874,
  "saijan19": 0.0453205721,
  "rizz26": 0.0271557543,
  "lj1728": 0.0892857996,
  "lolitaanana001": 0.0091338812,
  "vvodjiu": 0.0804188818,
  "segundolhou29": 0.0181902655
}