{
  "gretelarmfeg": 0.000426383,
  "anlizapasaje1234": 0.0005466135,
  "honeyjean24": 0.0006847465,
  "jeanieviv84": 0.0000657315,
  "diosarich": 0.0004180898,
  "vinzie1": 0.0001114295,
  "wanderelle": 0.0000721511,
  "krissymayol": 0.0008496932,
  "desyah07": 0.000898672,
  "gracefulwrites": 0.0004099566,
  "katiekate86": 0.0005192736,
  "celestyne15": 0.0005183954,
  "antonette": 0.0005181112,
  "superkristhel": 0.0008440688,
  "hopefulsoul": 0.0005535034,
  "ronimarie82": 0.000741775,
  "dreamrona": 0.0005773951,
  "luthis26": 0.0000913985,
  "izyllah-aeon": 0.0009373222,
  "sethjournals": 0.0009994104,
  "yhanyx87": 0.0000958649,
  "saijan19": 0.0006687515,
  "rizz26": 0.000315676,
  "lj1728": 0.0009844275,
  "lolitaanana001": 0.0000990207,
  "vvodjiu": 0.0002992384,
  "segundolhou29": 0.0004480828,
  "suteru": 0.0003001019,
  "heymariel": 0.0005402027,
  "jocabanero4": 0.0007680888,
  "sammify": 0.0006076393,
  "rabino7515": 0.0009212716,
  "arriane001": 0.0009579222,
  "daileen23": 0.0002764358,
  "blueoctopus": 0.0007679214,
  "crstypatata": 0.0008902514,
  "mayt": 0.000104922
}