{
  "gretelarmfeg": 0.0000131399,
  "anlizapasaje1234": 0.0007385032,
  "honeyjean24": 0.0001707397,
  "jeanieviv84": 0.0009757782,
  "diosarich": 0.0008933485,
  "vinzie1": 0.0003615305,
  "wanderelle": 0.0008035236,
  "krissymayol": 0.0003091963,
  "desyah07": 0.0002975684,
  "gracefulwrites": 0.0002167339,
  "katiekate86": 0.0007045481,
  "celestyne15": 0.0005577456,
  "antonette": 0.0001495435,
  "superkristhel": 0.0008440688,
  "hopefulsoul": 0.0007243724,
  "ronimarie82": 0.000045613,
  "dreamrona": 0.0008621235,
  "luthis26": 0.0008870831,
  "izyllah-aeon": 0.0006922052,
  "sethjournals": 0.0009994104,
  "yhanyx87": 0.000648007,
  "saijan19": 0.0000371999,
  "rizz26": 0.0003091374,
  "lj1728": 0.0004721293
}