{
  "gretelarmfeg": 0.0001418448,
  "anlizapasaje1234": 0.0005466135,
  "honeyjean24": 0.0009200061,
  "jeanieviv84": 0.0002431892,
  "diosarich": 0.000229371,
  "vinzie1": 0.0005737885,
  "wanderelle": 0.0004894486,
  "krissymayol": 0.0009027859,
  "desyah07": 0.0006122978,
  "gracefulwrites": 0.000941374,
  "katiekate86": 0.0000940373,
  "celestyne15": 0.0004616729,
  "antonette": 0.0009851485,
  "superkristhel": 0.0008440688,
  "hopefulsoul": 0.0007897975,
  "ronimarie82": 0.0007653403,
  "dreamrona": 0.0004636305,
  "luthis26": 0.0000913985,
  "izyllah-aeon": 0.0001681598,
  "sethjournals": 0.0009994104,
  "yhanyx87": 0.0007894038,
  "saijan19": 0.0008760192,
  "rizz26": 0.0002538814,
  "lj1728": 0.0001987627,
  "lolitaanana001": 0.0000581806,
  "vvodjiu": 0.0001539769,
  "segundolhou29": 0.0004480828,
  "suteru": 0.0007125545,
  "heymariel": 0.0001527679,
  "jocabanero4": 0.0003173423,
  "sammify": 0.000175134,
  "rabino7515": 0.0007382368,
  "arriane001": 0.0003635941,
  "daileen23": 0.0001028281,
  "blueoctopus": 0.0005780788,
  "crstypatata": 0.0002760558,
  "mayt": 0.0001902728,
  "joanna112890": 0.0005153223,
  "hmayak": 0.0000113489
}