{
  "gretelarmfeg": 0.0009476103,
  "anlizapasaje1234": 0.0005466135,
  "honeyjean24": 0.0009873273,
  "jeanieviv84": 0.0005957095,
  "diosarich": 0.0006123358,
  "vinzie1": 0.0001696219,
  "wanderelle": 0.0004505516,
  "krissymayol": 0.0007548857,
  "desyah07": 0.0005628879,
  "gracefulwrites": 0.0008989889,
  "katiekate86": 0.0003379381,
  "celestyne15": 0.0008661649,
  "antonette": 0.0002752238,
  "superkristhel": 0.0008440688,
  "hopefulsoul": 0.0009317479,
  "ronimarie82": 0.0002572621,
  "dreamrona": 0.0002858253,
  "luthis26": 0.0000913985,
  "izyllah-aeon": 0.0007636934,
  "sethjournals": 0.0009994104,
  "yhanyx87": 0.0001531705,
  "saijan19": 0.0008546355,
  "rizz26": 0.0003222986,
  "lj1728": 0.0005709132,
  "lolitaanana001": 0.0007855055,
  "vvodjiu": 0.0009482261,
  "segundolhou29": 0.0004480828,
  "suteru": 0.0003037022,
  "heymariel": 0.0000938025,
  "jocabanero4": 0.0006433388,
  "sammify": 0.0006150919,
  "rabino7515": 0.0005643258,
  "arriane001": 0.0004592278,
  "daileen23": 0.0008682575,
  "blueoctopus": 0.0007761904,
  "crstypatata": 0.0007777304,
  "mayt": 0.0002708962,
  "joanna112890": 0.0004343381,
  "hmayak": 0.000449905,
  "olang23": 0.0006504411,
  "rodavlas": 0.000682828,
  "levieshome": 0.000375772,
  "serram007": 0.0002007046,
  "jovan1978": 0.0004735608,
  "mdsahin111": 0.0004282961
}