{
  "gretelarmfeg": 0.0006021334,
  "anlizapasaje1234": 0.0005466135,
  "honeyjean24": 0.0002685318,
  "jeanieviv84": 0.0009899552,
  "diosarich": 0.0009493763,
  "vinzie1": 0.0003787201,
  "wanderelle": 0.0001010969,
  "krissymayol": 0.0004584883,
  "desyah07": 0.0006687289,
  "gracefulwrites": 0.0007280523,
  "katiekate86": 0.0008775542,
  "celestyne15": 0.0009189417,
  "antonette": 0.0002752238,
  "superkristhel": 0.0008440688,
  "hopefulsoul": 0.0006709874,
  "ronimarie82": 0.0008490104,
  "dreamrona": 0.0005704164,
  "luthis26": 0.0000913985,
  "izyllah-aeon": 0.0001399119,
  "sethjournals": 0.0009994104,
  "yhanyx87": 0.0007271774,
  "saijan19": 0.0001797929,
  "rizz26": 0.0002169052,
  "lj1728": 0.000789154,
  "lolitaanana001": 0.0009035329,
  "vvodjiu": 0.0006085781,
  "segundolhou29": 0.0004480828,
  "suteru": 0.0004013668,
  "heymariel": 0.0001189812,
  "jocabanero4": 0.0006433388,
  "sammify": 0.0003496888,
  "rabino7515": 0.0005231116,
  "arriane001": 0.0008944834,
  "daileen23": 0.0003881358,
  "blueoctopus": 0.0003400202,
  "crstypatata": 0.0005076951,
  "mayt": 0.0009757881,
  "joanna112890": 0.0006368908,
  "hmayak": 0.0005745715,
  "olang23": 0.0006504411,
  "rodavlas": 0.000682828,
  "levieshome": 0.000375772,
  "serram007": 0.0002007046,
  "jovan1978": 0.0004532974,
  "mdsahin111": 0.0007378464
}