{
  "gretelarmfeg": 0.0002800179,
  "anlizapasaje1234": 0.0005466135,
  "honeyjean24": 0.0005472707,
  "jeanieviv84": 0.0009956345,
  "diosarich": 0.000685262,
  "vinzie1": 0.0004456594,
  "wanderelle": 0.0005374027,
  "krissymayol": 0.0003386595,
  "desyah07": 0.0006249213,
  "gracefulwrites": 0.0004425425,
  "katiekate86": 0.0004389921,
  "celestyne15": 0.0003574533,
  "antonette": 0.0002752238,
  "superkristhel": 0.0008440688,
  "hopefulsoul": 0.0009170327,
  "ronimarie82": 0.0007904257,
  "dreamrona": 0.0005960262,
  "luthis26": 0.0000913985,
  "izyllah-aeon": 0.0000865769,
  "sethjournals": 0.0009994104,
  "yhanyx87": 0.0005527763,
  "saijan19": 0.0008969818,
  "rizz26": 0.0004767087,
  "lj1728": 0.000902188,
  "lolitaanana001": 0.000994536,
  "vvodjiu": 0.0008931528,
  "segundolhou29": 0.0004480828,
  "suteru": 0.0004974592,
  "heymariel": 0.0003266134,
  "jocabanero4": 0.0006433388,
  "sammify": 0.0006160901,
  "rabino7515": 0.0001753149,
  "arriane001": 0.0001669497,
  "daileen23": 0.000516051,
  "blueoctopus": 0.0003072942,
  "crstypatata": 0.0002426254,
  "mayt": 0.0004883392,
  "joanna112890": 0.0007207656,
  "hmayak": 0.0005437468,
  "olang23": 0.0006504411,
  "rodavlas": 0.000682828,
  "levieshome": 0.000375772,
  "serram007": 0.0002007046,
  "jovan1978": 0.0006465513,
  "mdsahin111": 0.0002181077
}