{
  "gretelarmfeg": 0.0008714397,
  "anlizapasaje1234": 0.0009675171,
  "honeyjean24": 0.0003924508,
  "jeanieviv84": 0.000837267,
  "diosarich": 0.0009565187,
  "vinzie1": 0.0005398436,
  "wanderelle": 0.0003893587,
  "krissymayol": 0.0003893542,
  "desyah07": 0.0005551536,
  "gracefulwrites": 0.0001661203,
  "katiekate86": 0.0008863873
}