{
  "gretelarmfeg": 0.0002127214,
  "anlizapasaje1234": 0.0005466135,
  "honeyjean24": 0.000910895,
  "jeanieviv84": 0.0005847673,
  "diosarich": 0.0005345046,
  "vinzie1": 0.0002823062,
  "wanderelle": 0.0005578578,
  "krissymayol": 0.0009332106,
  "desyah07": 0.0009471211,
  "gracefulwrites": 0.0001986986,
  "katiekate86": 0.0005139445,
  "celestyne15": 0.0003268441,
  "antonette": 0.0003397771,
  "superkristhel": 0.0008440688,
  "hopefulsoul": 0.0004261474,
  "ronimarie82": 0.0008816907,
  "dreamrona": 0.0002697283,
  "luthis26": 0.0009482163,
  "izyllah-aeon": 0.0009841852,
  "sethjournals": 0.0009994104,
  "yhanyx87": 0.0003616494,
  "saijan19": 0.0004124782,
  "rizz26": 0.0004796692,
  "lj1728": 0.0004564793,
  "lolitaanana001": 0.0001955535,
  "vvodjiu": 0.0002167511,
  "segundolhou29": 0.0004480828,
  "suteru": 0.0001247138,
  "heymariel": 0.0005578525,
  "jocabanero4": 0.0007450069,
  "sammify": 0.0009152653,
  "rabino7515": 0.0004421987,
  "arriane001": 0.0007201634,
  "daileen23": 0.0004449356
}