{
  "gretelarmfeg": 0.0004658254,
  "anlizapasaje1234": 0.0006249018,
  "honeyjean24": 0.0002286555,
  "jeanieviv84": 0.0006893323,
  "diosarich": 0.0009876587,
  "vinzie1": 0.0006834628,
  "wanderelle": 0.0000251236,
  "krissymayol": 0.0003197383,
  "desyah07": 0.000604724,
  "gracefulwrites": 0.0004483625,
  "katiekate86": 0.0004801499,
  "celestyne15": 0.0007263017,
  "antonette": 0.0000226725,
  "superkristhel": 0.0008440688,
  "hopefulsoul": 0.0007204126,
  "ronimarie82": 0.000405817,
  "dreamrona": 0.0003508323,
  "luthis26": 0.0007915429,
  "izyllah-aeon": 0.0004807334,
  "sethjournals": 0.0009994104,
  "yhanyx87": 0.0006073736,
  "saijan19": 0.0006484584,
  "rizz26": 0.0007376885
}