{
  "gretelarmfeg": 0.0007092805,
  "anlizapasaje1234": 0.0005466135,
  "honeyjean24": 0.0007337163,
  "jeanieviv84": 0.0004223486,
  "diosarich": 0.0002470922,
  "vinzie1": 0.0000671205,
  "wanderelle": 0.0002044608,
  "krissymayol": 0.0007708871,
  "desyah07": 0.0001700622,
  "gracefulwrites": 0.0006147618,
  "katiekate86": 0.0009763271,
  "celestyne15": 0.0001688154,
  "antonette": 0.0003018548,
  "superkristhel": 0.0008440688,
  "hopefulsoul": 0.0008858497,
  "ronimarie82": 0.0009684582,
  "dreamrona": 0.0007951867,
  "luthis26": 0.0008819302,
  "izyllah-aeon": 0.0000352676,
  "sethjournals": 0.0009994104,
  "yhanyx87": 0.0000427275,
  "saijan19": 0.0002353646,
  "rizz26": 0.0007174567,
  "lj1728": 0.0005349535,
  "lolitaanana001": 0.0005093007,
  "vvodjiu": 0.0005356978,
  "segundolhou29": 0.0004480828,
  "suteru": 0.0009018209,
  "heymariel": 0.0003004357,
  "jocabanero4": 0.0006315846,
  "sammify": 0.0009784692,
  "rabino7515": 0.0009456832,
  "arriane001": 0.0004710611,
  "daileen23": 0.0007114929,
  "blueoctopus": 0.0000136972,
  "crstypatata": 0.0006855643
}