{
  "gretelarmfeg": 0.0004047048,
  "anlizapasaje1234": 0.00019712,
  "honeyjean24": 0.0003866812,
  "jeanieviv84": 0.0004161155,
  "diosarich": 0.0002876954,
  "vinzie1": 0.0002593017,
  "wanderelle": 0.0001147448,
  "krissymayol": 0.0005705454,
  "desyah07": 0.0001791729,
  "gracefulwrites": 0.0008782355,
  "katiekate86": 0.0009103821,
  "celestyne15": 0.0000020872,
  "antonette": 0.0003784227,
  "superkristhel": 0.0008440688,
  "hopefulsoul": 0.0000975694,
  "ronimarie82": 0.0008734576,
  "dreamrona": 0.0002364611,
  "luthis26": 0.0001233655,
  "izyllah-aeon": 0.0001809263,
  "sethjournals": 0.0009994104,
  "yhanyx87": 0.0007688233,
  "saijan19": 0.0001929188,
  "rizz26": 0.0000171709
}