{
  "gretelarmfeg": 0.0008088588,
  "anlizapasaje1234": 0.0005466135,
  "honeyjean24": 0.0003552645,
  "jeanieviv84": 0.000366363,
  "diosarich": 0.0006021421,
  "vinzie1": 0.0005924176,
  "wanderelle": 0.0008161061,
  "krissymayol": 0.0005520633,
  "desyah07": 0.000880253,
  "gracefulwrites": 0.0008844316,
  "katiekate86": 0.0009791487,
  "celestyne15": 0.0008321766,
  "antonette": 0.0002752238,
  "superkristhel": 0.0008440688,
  "hopefulsoul": 0.0000118487,
  "ronimarie82": 0.0006811707,
  "dreamrona": 0.0002502425,
  "luthis26": 0.0000913985,
  "izyllah-aeon": 0.0000873427,
  "sethjournals": 0.0009994104,
  "yhanyx87": 0.0003081881,
  "saijan19": 0.0000364753,
  "rizz26": 0.000377609,
  "lj1728": 0.0000431976,
  "lolitaanana001": 0.0009739829,
  "vvodjiu": 0.0005600343,
  "segundolhou29": 0.0004480828,
  "suteru": 0.0000178868,
  "heymariel": 0.0008353027,
  "jocabanero4": 0.0006433388,
  "sammify": 0.0004816386,
  "rabino7515": 0.0007657166,
  "arriane001": 0.0004016804,
  "daileen23": 0.0003384665,
  "blueoctopus": 0.0003129119,
  "crstypatata": 0.0006543239,
  "mayt": 0.0000243723,
  "joanna112890": 0.0007026013,
  "hmayak": 0.0005443982,
  "olang23": 0.0006504411,
  "rodavlas": 0.000682828,
  "levieshome": 0.000375772,
  "serram007": 0.0002007046,
  "jovan1978": 0.0009804285,
  "mdsahin111": 0.0006880614
}