{
  "gretelarmfeg": 0.000304049,
  "anlizapasaje1234": 0.0005466135,
  "honeyjean24": 0.0008655234,
  "jeanieviv84": 0.0001774704,
  "diosarich": 0.0004828019,
  "vinzie1": 0.0007509465,
  "wanderelle": 0.0007485966,
  "krissymayol": 0.0009122295,
  "desyah07": 0.0008413632,
  "gracefulwrites": 0.0001206461,
  "katiekate86": 0.0002940524,
  "celestyne15": 0.0005095832,
  "antonette": 0.0001809523,
  "superkristhel": 0.0008440688,
  "hopefulsoul": 0.0000637302,
  "ronimarie82": 0.0007003936,
  "dreamrona": 0.0006099704,
  "luthis26": 0.0008208203,
  "izyllah-aeon": 0.000212038,
  "sethjournals": 0.0009994104,
  "yhanyx87": 0.0001766586,
  "saijan19": 0.0005083073,
  "rizz26": 0.0005991566,
  "lj1728": 0.0006177336,
  "lolitaanana001": 0.0006631408,
  "vvodjiu": 0.0003240614,
  "segundolhou29": 0.0004480828,
  "suteru": 0.0003888261,
  "heymariel": 0.000850719,
  "jocabanero4": 0.0000452321,
  "sammify": 0.0003271792
}