{
  "gretelarmfeg": 0.0005717077,
  "anlizapasaje1234": 0.0006243249,
  "honeyjean24": 0.0007969728,
  "jeanieviv84": 0.0008111883,
  "diosarich": 0.0008256428,
  "vinzie1": 0.0009457449,
  "wanderelle": 0.0009843533,
  "krissymayol": 0.0008597507,
  "desyah07": 0.0000279399,
  "gracefulwrites": 0.000268281,
  "katiekate86": 0.0005535089,
  "celestyne15": 0.0009676602,
  "antonette": 0.0002897467,
  "superkristhel": 0.0008440688,
  "hopefulsoul": 0.0006521329,
  "ronimarie82": 0.0005649178,
  "dreamrona": 0.0006507116,
  "luthis26": 0.0001208475,
  "izyllah-aeon": 0.0009898939,
  "sethjournals": 0.0009994104,
  "yhanyx87": 0.0001585107,
  "saijan19": 0.0001289839
}