{
  "gretelarmfeg": 0.0003449434,
  "anlizapasaje1234": 0.0005466135,
  "honeyjean24": 0.0007971875,
  "jeanieviv84": 0.0007339824,
  "diosarich": 0.0009223799,
  "vinzie1": 0.0004803761,
  "wanderelle": 0.0005810829,
  "krissymayol": 0.0002178763,
  "desyah07": 0.0000410966,
  "gracefulwrites": 0.0005116372,
  "katiekate86": 0.0001256517,
  "celestyne15": 0.0003598441,
  "antonette": 0.0004457238,
  "superkristhel": 0.0008440688,
  "hopefulsoul": 0.0009139114,
  "ronimarie82": 0.0002852405,
  "dreamrona": 0.0007514121,
  "luthis26": 0.0000913985,
  "izyllah-aeon": 0.0008347932,
  "sethjournals": 0.0009994104,
  "yhanyx87": 0.0005345745,
  "saijan19": 0.0009213509,
  "rizz26": 0.0006156543,
  "lj1728": 0.0001544556,
  "lolitaanana001": 0.0000381499,
  "vvodjiu": 0.0007796981,
  "segundolhou29": 0.0004480828,
  "suteru": 0.0002016294,
  "heymariel": 0.0009347069,
  "jocabanero4": 0.0006433388,
  "sammify": 0.0002314694,
  "rabino7515": 0.0002405547,
  "arriane001": 0.0006137651,
  "daileen23": 0.0003709246,
  "blueoctopus": 0.0007915371,
  "crstypatata": 0.0004905657,
  "mayt": 0.0002991858,
  "joanna112890": 0.0009076813,
  "hmayak": 0.0002292532,
  "olang23": 0.0006504411,
  "rodavlas": 0.000682828,
  "levieshome": 0.000375772,
  "serram007": 0.0002007046
}