{
  "gretelarmfeg": 0.0004628141,
  "anlizapasaje1234": 0.0005466135,
  "honeyjean24": 0.0003215208,
  "jeanieviv84": 0.0007948247,
  "diosarich": 0.0007568813,
  "vinzie1": 0.000497627,
  "wanderelle": 0.0007038294,
  "krissymayol": 0.0004090834,
  "desyah07": 0.0008293065,
  "gracefulwrites": 0.0006143441,
  "katiekate86": 0.0009453458,
  "celestyne15": 0.0008094512,
  "antonette": 0.0003793713,
  "superkristhel": 0.0008440688,
  "hopefulsoul": 0.0001050641,
  "ronimarie82": 0.0009513453,
  "dreamrona": 0.000509845,
  "luthis26": 0.0000872838,
  "izyllah-aeon": 0.0003732086,
  "sethjournals": 0.0009994104,
  "yhanyx87": 0.0001850733,
  "saijan19": 0.0004869191,
  "rizz26": 0.0005205333,
  "lj1728": 0.0005360586,
  "lolitaanana001": 0.0007341584,
  "vvodjiu": 0.0008504016
}