{
  "gretelarmfeg": 0.000413049,
  "anlizapasaje1234": 0.0005466135,
  "honeyjean24": 0.0004291166,
  "jeanieviv84": 0.0008021062,
  "diosarich": 0.0009561681,
  "vinzie1": 0.0001236422,
  "wanderelle": 0.0002390885,
  "krissymayol": 0.0007646057,
  "desyah07": 0.0006086147,
  "gracefulwrites": 0.0004379411,
  "katiekate86": 0.0001058545,
  "celestyne15": 0.0002603494,
  "antonette": 0.0009200047,
  "superkristhel": 0.0008440688,
  "hopefulsoul": 0.0001865904,
  "ronimarie82": 0.000077754,
  "dreamrona": 0.000069676,
  "luthis26": 0.0000913985,
  "izyllah-aeon": 0.0006518693,
  "sethjournals": 0.0009994104,
  "yhanyx87": 0.0002605494,
  "saijan19": 0.0002505955,
  "rizz26": 0.0006457817,
  "lj1728": 0.0009124994,
  "lolitaanana001": 0.0002036606,
  "vvodjiu": 0.0004292199,
  "segundolhou29": 0.0004480828,
  "suteru": 0.0002047383,
  "heymariel": 0.0008930932,
  "jocabanero4": 0.0001707308,
  "sammify": 0.0003287764,
  "rabino7515": 0.0003381863,
  "arriane001": 0.0006630728,
  "daileen23": 0.0009456789,
  "blueoctopus": 0.0003677981,
  "crstypatata": 0.0000792943,
  "mayt": 0.0009404992,
  "joanna112890": 0.0003154145,
  "hmayak": 0.0001894879
}