{
  "gretelarmfeg": 0.0000243422,
  "anlizapasaje1234": 0.0001691101,
  "honeyjean24": 0.0000852709,
  "jeanieviv84": 0.0004747402,
  "diosarich": 0.0004992573,
  "vinzie1": 0.0009559077,
  "wanderelle": 0.0002571461,
  "krissymayol": 0.0003330059,
  "desyah07": 0.0001094304,
  "gracefulwrites": 0.0000782002,
  "katiekate86": 0.0002499098,
  "celestyne15": 0.0004941792,
  "antonette": 0.0008935162,
  "superkristhel": 0.0008440688,
  "hopefulsoul": 0.000683979,
  "ronimarie82": 0.0008545783,
  "dreamrona": 0.0008597042,
  "luthis26": 0.0006948596,
  "izyllah-aeon": 0.0000874839,
  "sethjournals": 0.0009994104,
  "yhanyx87": 0.0008877742,
  "saijan19": 0.0002649449,
  "rizz26": 0.0005716298
}