{
  "gretelarmfeg": 0.0004482128,
  "anlizapasaje1234": 0.0005466135,
  "honeyjean24": 0.0000539021,
  "jeanieviv84": 0.000462946,
  "diosarich": 0.0004388752,
  "vinzie1": 0.0005925954,
  "wanderelle": 0.0009374202,
  "krissymayol": 0.0009864193,
  "desyah07": 0.0002781997,
  "gracefulwrites": 0.0004429791,
  "katiekate86": 0.0009645213,
  "celestyne15": 0.0005568579,
  "antonette": 0.0008315736,
  "superkristhel": 0.0008440688,
  "hopefulsoul": 0.0004790128,
  "ronimarie82": 0.0000746614,
  "dreamrona": 0.0006868193,
  "luthis26": 0.0000913985,
  "izyllah-aeon": 0.0007012309,
  "sethjournals": 0.0009994104,
  "yhanyx87": 0.0003119962,
  "saijan19": 0.0001007962,
  "rizz26": 0.0000954226,
  "lj1728": 0.0000434445,
  "lolitaanana001": 0.0009639447,
  "vvodjiu": 0.0002258403,
  "segundolhou29": 0.0004480828,
  "suteru": 0.0008773414,
  "heymariel": 0.0004374654,
  "jocabanero4": 0.0001403656,
  "sammify": 0.0009943085,
  "rabino7515": 0.0004788475,
  "arriane001": 0.0007355101,
  "daileen23": 0.0007275733,
  "blueoctopus": 0.0005219355,
  "crstypatata": 0.000045551,
  "mayt": 0.0001319409
}