{
  "gretelarmfeg": 0.0005497452,
  "anlizapasaje1234": 0.0005466135,
  "honeyjean24": 0.0008188507,
  "jeanieviv84": 0.0007781918,
  "diosarich": 0.0002541099,
  "vinzie1": 0.0009543984,
  "wanderelle": 0.0004246868,
  "krissymayol": 0.0008699263,
  "desyah07": 0.0005539468,
  "gracefulwrites": 0.0009034,
  "katiekate86": 0.0002743957,
  "celestyne15": 0.0004013286,
  "antonette": 0.0003219937,
  "superkristhel": 0.0008440688,
  "hopefulsoul": 0.0008821837,
  "ronimarie82": 0.0006760399,
  "dreamrona": 0.0003568172,
  "luthis26": 0.0009200585,
  "izyllah-aeon": 0.0005865063,
  "sethjournals": 0.0009994104,
  "yhanyx87": 0.0006068656,
  "saijan19": 0.0008457409,
  "rizz26": 0.0001191647,
  "lj1728": 0.000150519,
  "lolitaanana001": 0.0001018859,
  "vvodjiu": 0.0002633152,
  "segundolhou29": 0.0004480828,
  "suteru": 0.0007628156,
  "heymariel": 0.0005959849,
  "jocabanero4": 0.0009644201,
  "sammify": 0.0003235928,
  "rabino7515": 0.0003928787,
  "arriane001": 0.0006951944,
  "daileen23": 0.0004072132,
  "blueoctopus": 0.0004615389
}