{
  "gretelarmfeg": 0.7447323909,
  "anlizapasaje1234": 0.0005466135,
  "honeyjean24": 0.0084936262,
  "jeanieviv84": 0.2992584111,
  "diosarich": 0.2478262185,
  "vinzie1": 0.5954983512,
  "wanderelle": 0.0757779584,
  "krissymayol": 0.0756957445,
  "desyah07": 0.0304417097,
  "gracefulwrites": 0.0230723759,
  "katiekate86": 0.3720123661,
  "celestyne15": 0.037286905,
  "antonette": 0.0758044049,
  "superkristhel": 0.0008440688,
  "hopefulsoul": 0.0528672779,
  "ronimarie82": 0.1120240669,
  "dreamrona": 0.0753150001,
  "luthis26": 0.0754807678,
  "izyllah-aeon": 0.0693142025,
  "sethjournals": 0.0009994104,
  "yhanyx87": 0.0105471903,
  "saijan19": 0.0380235222,
  "rizz26": 0.0227802674,
  "lj1728": 0.0747726595,
  "lolitaanana001": 0.0076815223,
  "vvodjiu": 0.0673488772,
  "segundolhou29": 0.0152891068
}