{
  "gretelarmfeg": 0.0003079156,
  "anlizapasaje1234": 0.0005466135,
  "honeyjean24": 0.0003242597,
  "jeanieviv84": 0.0003380335,
  "diosarich": 0.0001237306,
  "vinzie1": 0.0003400296,
  "wanderelle": 0.0004373726,
  "krissymayol": 0.000538843,
  "desyah07": 0.0009831785,
  "gracefulwrites": 0.0009654199,
  "katiekate86": 0.0006455843,
  "celestyne15": 0.00090146,
  "antonette": 0.0002752238,
  "superkristhel": 0.0008440688,
  "hopefulsoul": 0.0006415062,
  "ronimarie82": 0.000705979,
  "dreamrona": 0.0004525578,
  "luthis26": 0.0000913985,
  "izyllah-aeon": 0.000740314,
  "sethjournals": 0.0009994104,
  "yhanyx87": 0.0009001206,
  "saijan19": 0.0008484867,
  "rizz26": 0.0003752121,
  "lj1728": 0.0003459052,
  "lolitaanana001": 0.0004995413,
  "vvodjiu": 0.0004003076,
  "segundolhou29": 0.0004480828,
  "suteru": 0.0001439477,
  "heymariel": 0.0002346183,
  "jocabanero4": 0.0006433388,
  "sammify": 0.0002775712,
  "rabino7515": 0.0009589942,
  "arriane001": 0.0008556056,
  "daileen23": 0.0001168535,
  "blueoctopus": 0.000689883,
  "crstypatata": 0.0002843788,
  "mayt": 0.0008734099,
  "joanna112890": 0.0007780527,
  "hmayak": 0.0003853587,
  "olang23": 0.0006504411,
  "rodavlas": 0.000682828,
  "levieshome": 0.000375772,
  "serram007": 0.0002007046,
  "jovan1978": 0.0009646383
}