{
  "gretelarmfeg": 0.0000199196,
  "anlizapasaje1234": 0.0005466135,
  "honeyjean24": 0.0008333842,
  "jeanieviv84": 0.0005066327,
  "diosarich": 0.0007089691,
  "vinzie1": 0.0002373264,
  "wanderelle": 0.0008697264,
  "krissymayol": 0.0008591336,
  "desyah07": 0.0000597593,
  "gracefulwrites": 0.0005235256,
  "katiekate86": 0.0005377606,
  "celestyne15": 0.0001931804,
  "antonette": 0.0002752238,
  "superkristhel": 0.0008440688,
  "hopefulsoul": 0.0005898475,
  "ronimarie82": 0.0006657097,
  "dreamrona": 0.0007417511,
  "luthis26": 0.0000913985,
  "izyllah-aeon": 0.000424782,
  "sethjournals": 0.0009994104,
  "yhanyx87": 0.0004544606,
  "saijan19": 0.0005649069,
  "rizz26": 0.0002985453,
  "lj1728": 0.0005080665,
  "lolitaanana001": 0.0003961431,
  "vvodjiu": 0.0003124363,
  "segundolhou29": 0.0004480828,
  "suteru": 0.0005258497,
  "heymariel": 0.0005846289,
  "jocabanero4": 0.0006433388,
  "sammify": 0.0001563741,
  "rabino7515": 0.0004492344,
  "arriane001": 0.0004516026,
  "daileen23": 0.0003279944,
  "blueoctopus": 0.0001423883,
  "crstypatata": 0.0006611067,
  "mayt": 0.0003030945,
  "joanna112890": 0.0000048303,
  "hmayak": 0.0002251101,
  "olang23": 0.0006504411,
  "rodavlas": 0.000682828,
  "levieshome": 0.000375772,
  "serram007": 0.0002007046
}