{
  "gretelarmfeg": 0.0001234124,
  "anlizapasaje1234": 0.0007746101,
  "honeyjean24": 0.0003902188,
  "jeanieviv84": 0.0007755099,
  "diosarich": 0.0005159191,
  "vinzie1": 0.0003416565,
  "wanderelle": 0.000515202,
  "krissymayol": 0.0005225392,
  "desyah07": 0.0003537317,
  "gracefulwrites": 0.0000118359,
  "katiekate86": 0.0003631669,
  "celestyne15": 0.0001211926,
  "antonette": 0.0000384367,
  "superkristhel": 0.0008440688,
  "hopefulsoul": 0.0009452498,
  "ronimarie82": 0.000431217,
  "dreamrona": 0.0002044804,
  "luthis26": 0.000849952,
  "izyllah-aeon": 0.0009996646,
  "sethjournals": 0.0009994104,
  "yhanyx87": 0.0009401171,
  "saijan19": 0.0008941217,
  "rizz26": 0.0005691987
}