{
  "gretelarmfeg": 0.0006574948,
  "anlizapasaje1234": 0.0005466135,
  "honeyjean24": 0.0001539605,
  "jeanieviv84": 0.0007523013,
  "diosarich": 0.0001172795,
  "vinzie1": 0.0000330425,
  "wanderelle": 0.000668414,
  "krissymayol": 0.0001345058,
  "desyah07": 0.0005292463,
  "gracefulwrites": 0.0006287701,
  "katiekate86": 0.0002912336,
  "celestyne15": 0.0002802145,
  "antonette": 0.0002512149,
  "superkristhel": 0.0008440688,
  "hopefulsoul": 0.0006347285,
  "ronimarie82": 0.00065191,
  "dreamrona": 0.000707871,
  "luthis26": 0.0000913985,
  "izyllah-aeon": 0.0001085977,
  "sethjournals": 0.0009994104,
  "yhanyx87": 0.0002973728,
  "saijan19": 0.0009653874,
  "rizz26": 0.0008920561,
  "lj1728": 0.0002515782,
  "lolitaanana001": 0.0000124959,
  "vvodjiu": 0.0003519177,
  "segundolhou29": 0.0004480828,
  "suteru": 0.0009541029,
  "heymariel": 0.0009438688,
  "jocabanero4": 0.0001342966,
  "sammify": 0.0008256597,
  "rabino7515": 0.0004633236,
  "arriane001": 0.0007259042,
  "daileen23": 0.0004828031,
  "blueoctopus": 0.0001915261,
  "crstypatata": 0.0005396931,
  "mayt": 0.0004289802,
  "joanna112890": 0.0006482508,
  "hmayak": 0.0000896585
}