{
  "gretelarmfeg": 0.0003579795,
  "anlizapasaje1234": 0.0006498893,
  "honeyjean24": 0.0000789862,
  "jeanieviv84": 0.0003055224,
  "diosarich": 0.0006247905,
  "vinzie1": 0.0001501901,
  "wanderelle": 0.000453341,
  "krissymayol": 0.0007726245,
  "desyah07": 0.0009972232,
  "gracefulwrites": 0.0009925894,
  "katiekate86": 0.0009604963,
  "celestyne15": 0.0004208006,
  "antonette": 0.0004916198,
  "superkristhel": 0.0008440688,
  "hopefulsoul": 0.0000395902,
  "ronimarie82": 0.0008695705,
  "dreamrona": 0.0007478295,
  "luthis26": 0.0002568281,
  "izyllah-aeon": 0.0000247143,
  "sethjournals": 0.0009994104,
  "yhanyx87": 0.0009886866,
  "saijan19": 0.0008625135,
  "rizz26": 0.0002588987
}