{
  "gretelarmfeg": 0.0006176772,
  "anlizapasaje1234": 0.000761291,
  "honeyjean24": 0.0005632371,
  "jeanieviv84": 0.0007910987,
  "diosarich": 0.0001009651,
  "vinzie1": 0.0006281254,
  "wanderelle": 0.0006959508,
  "krissymayol": 0.000883791,
  "desyah07": 0.0009812419,
  "gracefulwrites": 0.0004813892,
  "katiekate86": 0.0009253462,
  "celestyne15": 0.000422138,
  "antonette": 0.0005172079,
  "superkristhel": 0.0008440688,
  "hopefulsoul": 0.000624961,
  "ronimarie82": 0.0001595958,
  "dreamrona": 0.0001567899,
  "luthis26": 0.0003019285,
  "izyllah-aeon": 0.000844155,
  "sethjournals": 0.0009994104,
  "yhanyx87": 0.0003153919,
  "saijan19": 0.000484104,
  "rizz26": 0.0008703384
}