{
  "gretelarmfeg": 0.0009968852,
  "anlizapasaje1234": 0.0005466135,
  "honeyjean24": 0.0008755178,
  "jeanieviv84": 0.0007392625,
  "diosarich": 0.0006434977,
  "vinzie1": 0.0000206543,
  "wanderelle": 0.0003661847,
  "krissymayol": 0.00001681,
  "desyah07": 0.0007071526,
  "gracefulwrites": 0.000017076,
  "katiekate86": 0.0004793945,
  "celestyne15": 0.0003172418,
  "antonette": 0.0006025967,
  "superkristhel": 0.0008440688,
  "hopefulsoul": 0.0006221259,
  "ronimarie82": 0.0001015473,
  "dreamrona": 0.0003396543,
  "luthis26": 0.0000913985,
  "izyllah-aeon": 0.0002399909,
  "sethjournals": 0.0009994104,
  "yhanyx87": 0.0004100195,
  "saijan19": 0.0008160438,
  "rizz26": 0.0000412115,
  "lj1728": 0.0003424003,
  "lolitaanana001": 0.0003730312,
  "vvodjiu": 0.0008852395,
  "segundolhou29": 0.0004480828,
  "suteru": 0.0006395754,
  "heymariel": 0.0004050656,
  "jocabanero4": 0.0004989773,
  "sammify": 0.0003614382,
  "rabino7515": 0.0009449512,
  "arriane001": 0.0009703228,
  "daileen23": 0.0006231479,
  "blueoctopus": 0.0005528628,
  "crstypatata": 0.0003863791,
  "mayt": 0.0006610257
}