{
  "gretelarmfeg": 0.0001378819,
  "anlizapasaje1234": 0.0005466135,
  "honeyjean24": 0.0009567136,
  "jeanieviv84": 0.0004343825,
  "diosarich": 0.0008778694,
  "vinzie1": 0.0008187414,
  "wanderelle": 0.0007757331,
  "krissymayol": 0.0009015084,
  "desyah07": 0.000219665,
  "gracefulwrites": 0.0004045988,
  "katiekate86": 0.0003655948,
  "celestyne15": 0.0002175829,
  "antonette": 0.0001455836,
  "superkristhel": 0.0008440688,
  "hopefulsoul": 0.0005922868,
  "ronimarie82": 0.0005151399,
  "dreamrona": 0.000014488,
  "luthis26": 0.0007910713,
  "izyllah-aeon": 0.0007160357,
  "sethjournals": 0.0009994104,
  "yhanyx87": 0.0009183667,
  "saijan19": 0.0000219577,
  "rizz26": 0.0009184312,
  "lj1728": 0.0009721813,
  "lolitaanana001": 0.0001471171,
  "vvodjiu": 0.0005100158,
  "segundolhou29": 0.0004480828,
  "suteru": 0.0005518187,
  "heymariel": 0.0005784104,
  "jocabanero4": 0.000852505
}