{
  "gretelarmfeg": 0.0009434937,
  "anlizapasaje1234": 0.0005466135,
  "honeyjean24": 0.0004272582,
  "jeanieviv84": 0.0005072761,
  "diosarich": 0.0005385955,
  "vinzie1": 0.0003522084,
  "wanderelle": 0.0009636849,
  "krissymayol": 0.0005591504,
  "desyah07": 0.0002184788,
  "gracefulwrites": 0.0001389411,
  "katiekate86": 0.000016452,
  "celestyne15": 0.0001275146,
  "antonette": 0.0002752238,
  "superkristhel": 0.0008440688,
  "hopefulsoul": 0.0009781436,
  "ronimarie82": 0.0004195268,
  "dreamrona": 0.0002226943,
  "luthis26": 0.0000913985,
  "izyllah-aeon": 0.0008488669,
  "sethjournals": 0.0009994104,
  "yhanyx87": 0.0006610893,
  "saijan19": 0.0006105699,
  "rizz26": 0.000893652,
  "lj1728": 0.000219317,
  "lolitaanana001": 0.0000700048,
  "vvodjiu": 0.0002253248,
  "segundolhou29": 0.0004480828,
  "suteru": 0.0003753519,
  "heymariel": 0.0002037185,
  "jocabanero4": 0.0006433388,
  "sammify": 0.0004655351,
  "rabino7515": 0.000309936,
  "arriane001": 0.0003321678,
  "daileen23": 0.000411675,
  "blueoctopus": 0.0007263043,
  "crstypatata": 0.0002395309,
  "mayt": 0.0000382662,
  "joanna112890": 0.0003911606,
  "hmayak": 0.000030893,
  "olang23": 0.0006504411,
  "rodavlas": 0.000682828,
  "levieshome": 0.000375772,
  "serram007": 0.0002007046,
  "jovan1978": 0.0008212469,
  "mdsahin111": 0.0005525174
}