{
  "gretelarmfeg": 0.0001212409,
  "anlizapasaje1234": 0.0008564344,
  "honeyjean24": 0.0007827718,
  "jeanieviv84": 0.000571299,
  "diosarich": 0.0002802891,
  "vinzie1": 0.000546341,
  "wanderelle": 0.0001617661,
  "krissymayol": 0.000032211,
  "desyah07": 0.0000261682,
  "gracefulwrites": 0.0002678721,
  "katiekate86": 0.000554702,
  "celestyne15": 0.000977693,
  "antonette": 0.0003620354,
  "superkristhel": 0.0006136116,
  "hopefulsoul": 0.0006884641,
  "ronimarie82": 0.0006104444,
  "dreamrona": 0.0006876872,
  "luthis26": 0.0002159759,
  "izyllah-aeon": 0.0001276012,
  "sethjournals": 0.0009994104
}