{
  "gretelarmfeg": 0.0003170591,
  "anlizapasaje1234": 0.0005466135,
  "honeyjean24": 0.0004525003,
  "jeanieviv84": 0.000159535,
  "diosarich": 0.0005855569,
  "vinzie1": 0.0009490249,
  "wanderelle": 0.0008766243,
  "krissymayol": 0.0009409911,
  "desyah07": 0.0008670957,
  "gracefulwrites": 0.0006345592,
  "katiekate86": 0.0008747064,
  "celestyne15": 0.0004475332,
  "antonette": 0.0007961507,
  "superkristhel": 0.0008440688,
  "hopefulsoul": 0.0008775352,
  "ronimarie82": 0.0008722241,
  "dreamrona": 0.0009910136,
  "luthis26": 0.0000913985,
  "izyllah-aeon": 0.0008231161,
  "sethjournals": 0.0009994104,
  "yhanyx87": 0.0006643336,
  "saijan19": 0.0000703649,
  "rizz26": 0.0002726643,
  "lj1728": 0.0005990554,
  "lolitaanana001": 0.0005464012,
  "vvodjiu": 0.0006075626,
  "segundolhou29": 0.0004480828,
  "suteru": 0.0002836943,
  "heymariel": 0.0003201472,
  "jocabanero4": 0.0006195011,
  "sammify": 0.0002620907,
  "rabino7515": 0.0003422989,
  "arriane001": 0.0006671678,
  "daileen23": 0.0008295999,
  "blueoctopus": 0.0008921656,
  "crstypatata": 0.0007181147,
  "mayt": 0.0007972424
}