{
  "gretelarmfeg": 0.0002492369,
  "anlizapasaje1234": 0.0005466135,
  "honeyjean24": 0.0000368799,
  "jeanieviv84": 0.0009181075,
  "diosarich": 0.0003156856,
  "vinzie1": 0.0002648171,
  "wanderelle": 0.0009820531,
  "krissymayol": 0.0009604665,
  "desyah07": 0.0002353578,
  "gracefulwrites": 0.0004112699,
  "katiekate86": 0.0007971121,
  "celestyne15": 0.0009416931,
  "antonette": 0.0007596651,
  "superkristhel": 0.0008440688,
  "hopefulsoul": 0.0009586629,
  "ronimarie82": 0.0006525634,
  "dreamrona": 0.0001789023,
  "luthis26": 0.0000913985,
  "izyllah-aeon": 0.0000930067,
  "sethjournals": 0.0009994104,
  "yhanyx87": 0.0009143461,
  "saijan19": 0.0001232658,
  "rizz26": 0.0001295714,
  "lj1728": 0.0007326577,
  "lolitaanana001": 0.000647158,
  "vvodjiu": 0.0004791331,
  "segundolhou29": 0.0004480828,
  "suteru": 0.0004441492,
  "heymariel": 0.0008590164,
  "jocabanero4": 0.0005877301,
  "sammify": 0.0003919209,
  "rabino7515": 0.0009887252,
  "arriane001": 0.000490761,
  "daileen23": 0.000107193,
  "blueoctopus": 0.0009453182,
  "crstypatata": 0.0003148916,
  "mayt": 0.0004346377
}