{
  "gretelarmfeg": 0.0002520701,
  "anlizapasaje1234": 0.0005466135,
  "honeyjean24": 0.0008024685,
  "jeanieviv84": 0.0007912252,
  "diosarich": 0.0008052832,
  "vinzie1": 0.0009074359,
  "wanderelle": 0.0005503918,
  "krissymayol": 0.0008860925,
  "desyah07": 0.0001699171,
  "gracefulwrites": 0.0006100527,
  "katiekate86": 0.0003687333,
  "celestyne15": 0.0003908764,
  "antonette": 0.0009179086,
  "superkristhel": 0.0008440688,
  "hopefulsoul": 0.0004398794,
  "ronimarie82": 0.000918748,
  "dreamrona": 0.0009473409,
  "luthis26": 0.0000913985,
  "izyllah-aeon": 0.0004100608,
  "sethjournals": 0.0009994104,
  "yhanyx87": 0.0008536477,
  "saijan19": 0.0004066593,
  "rizz26": 0.0009949968,
  "lj1728": 0.0004472901,
  "lolitaanana001": 0.0009213858,
  "vvodjiu": 0.0000591408,
  "segundolhou29": 0.0004480828,
  "suteru": 0.0003372409,
  "heymariel": 0.0001223543,
  "jocabanero4": 0.0003826953,
  "sammify": 0.0006146199,
  "rabino7515": 0.0008049732,
  "arriane001": 0.0003973057,
  "daileen23": 0.0002239244,
  "blueoctopus": 0.0002672422,
  "crstypatata": 0.0006840457,
  "mayt": 0.0006349507,
  "joanna112890": 0.0006598417,
  "hmayak": 0.0001228672
}