{
  "gretelarmfeg": 0.0009061076,
  "anlizapasaje1234": 0.0000883426,
  "honeyjean24": 0.0001685358,
  "jeanieviv84": 0.0003219237,
  "diosarich": 0.0007540421,
  "vinzie1": 0.0008076163,
  "wanderelle": 0.0006201207,
  "krissymayol": 0.0008502807,
  "desyah07": 0.0003872997,
  "gracefulwrites": 0.0002856796,
  "katiekate86": 0.0009389444,
  "celestyne15": 0.0006221636,
  "antonette": 0.0005112506,
  "superkristhel": 0.0008440688,
  "hopefulsoul": 0.0005236379,
  "ronimarie82": 0.0001540366,
  "dreamrona": 0.0000274012,
  "luthis26": 0.0002896891,
  "izyllah-aeon": 0.0006313639,
  "sethjournals": 0.0009994104,
  "yhanyx87": 0.0005471132,
  "saijan19": 0.000446097,
  "rizz26": 0.0006351434
}