{
  "gretelarmfeg": 0.0004772444,
  "anlizapasaje1234": 0.0005466135,
  "honeyjean24": 0.0008532453,
  "jeanieviv84": 0.0005580448,
  "diosarich": 0.0003282179,
  "vinzie1": 0.0003753472,
  "wanderelle": 0.0000625599,
  "krissymayol": 0.0007253401,
  "desyah07": 0.0002560329,
  "gracefulwrites": 0.0006726841,
  "katiekate86": 0.0002041794,
  "celestyne15": 0.0004671165,
  "antonette": 0.0009701069,
  "superkristhel": 0.0008440688,
  "hopefulsoul": 0.0006833491,
  "ronimarie82": 0.0008193419,
  "dreamrona": 0.0008827082,
  "luthis26": 0.0000913985,
  "izyllah-aeon": 0.0002431624,
  "sethjournals": 0.0009994104,
  "yhanyx87": 0.0002034166,
  "saijan19": 0.0001620329,
  "rizz26": 0.0007524547,
  "lj1728": 0.000803249,
  "lolitaanana001": 0.0003079058,
  "vvodjiu": 0.0001163803,
  "segundolhou29": 0.0004480828,
  "suteru": 0.0000614369,
  "heymariel": 0.0000284621,
  "jocabanero4": 0.0006433388,
  "sammify": 0.0004483396,
  "rabino7515": 0.0003017912,
  "arriane001": 0.0006442685,
  "daileen23": 0.0003805354,
  "blueoctopus": 0.0005766514,
  "crstypatata": 0.0005211506,
  "mayt": 0.0003174903,
  "joanna112890": 0.0008843794,
  "hmayak": 0.0002086401,
  "olang23": 0.0006504411,
  "rodavlas": 0.000682828,
  "levieshome": 0.000375772,
  "serram007": 0.0002007046
}