{
  "gretelarmfeg": 0.0007133007,
  "anlizapasaje1234": 0.0005466135,
  "honeyjean24": 0.0001603873,
  "jeanieviv84": 0.0003443693,
  "diosarich": 0.0001158229,
  "vinzie1": 0.0009805897,
  "wanderelle": 0.0002026697,
  "krissymayol": 0.0008284601,
  "desyah07": 0.0001401484,
  "gracefulwrites": 0.000330012,
  "katiekate86": 0.0009574761,
  "celestyne15": 0.0005912617,
  "antonette": 0.0002752238,
  "superkristhel": 0.0008440688,
  "hopefulsoul": 0.0005625803,
  "ronimarie82": 0.0000584886,
  "dreamrona": 0.000113867,
  "luthis26": 0.0000913985,
  "izyllah-aeon": 0.0005017551,
  "sethjournals": 0.0009994104,
  "yhanyx87": 0.0002762221,
  "saijan19": 0.0002299964,
  "rizz26": 0.0005557667,
  "lj1728": 0.0003704784,
  "lolitaanana001": 0.0002448741,
  "vvodjiu": 0.0006771825,
  "segundolhou29": 0.0004480828,
  "suteru": 0.0008208971,
  "heymariel": 0.0006516919,
  "jocabanero4": 0.0006433388,
  "sammify": 0.0008871057,
  "rabino7515": 0.0007199624,
  "arriane001": 0.0004429703,
  "daileen23": 0.0004260309,
  "blueoctopus": 0.0005069552,
  "crstypatata": 0.000952357,
  "mayt": 0.0001298555,
  "joanna112890": 0.0003655392,
  "hmayak": 0.0006745526,
  "olang23": 0.0006504411,
  "rodavlas": 0.000682828,
  "levieshome": 0.000375772,
  "serram007": 0.0002007046,
  "jovan1978": 0.0008147986,
  "mdsahin111": 0.0007491189
}