{
  "gretelarmfeg": 0.0002471687,
  "anlizapasaje1234": 0.0005466135,
  "honeyjean24": 0.0009995504,
  "jeanieviv84": 0.0000450438,
  "diosarich": 0.000207246,
  "vinzie1": 0.0002018034,
  "wanderelle": 0.0008347905,
  "krissymayol": 0.0003959972,
  "desyah07": 0.000877584,
  "gracefulwrites": 0.0001394547,
  "katiekate86": 0.0002593634,
  "celestyne15": 0.0008749033,
  "antonette": 0.0005746324,
  "superkristhel": 0.0008440688,
  "hopefulsoul": 0.0006187809,
  "ronimarie82": 0.0002129586,
  "dreamrona": 0.0005489319,
  "luthis26": 0.0000913985,
  "izyllah-aeon": 0.0000270835,
  "sethjournals": 0.0009994104,
  "yhanyx87": 0.0000459188,
  "saijan19": 0.0000483689,
  "rizz26": 0.0003139962,
  "lj1728": 0.0006660356,
  "lolitaanana001": 0.0009708624,
  "vvodjiu": 0.0006339759,
  "segundolhou29": 0.0004480828,
  "suteru": 0.0007039498,
  "heymariel": 0.000489083,
  "jocabanero4": 0.0008450053,
  "sammify": 0.0002401479,
  "rabino7515": 0.0008895162,
  "arriane001": 0.00043858,
  "daileen23": 0.0004392161,
  "blueoctopus": 0.0003790243,
  "crstypatata": 0.0000557586,
  "mayt": 0.000900098,
  "joanna112890": 0.0005235815,
  "hmayak": 0.0006546246,
  "olang23": 0.0001096524,
  "rodavlas": 0.0007895448
}