{
  "gretelarmfeg": 0.0003014977,
  "anlizapasaje1234": 0.0005466135,
  "honeyjean24": 0.0003869466,
  "jeanieviv84": 0.0003163151,
  "diosarich": 0.000935985,
  "vinzie1": 0.0005694481,
  "wanderelle": 0.0004227786,
  "krissymayol": 0.0007494101,
  "desyah07": 0.0005110734,
  "gracefulwrites": 0.0003659742,
  "katiekate86": 0.0001944242,
  "celestyne15": 0.000373648,
  "antonette": 0.0007753216,
  "superkristhel": 0.0008440688,
  "hopefulsoul": 0.0006481463,
  "ronimarie82": 0.0007929779,
  "dreamrona": 0.0008674925,
  "luthis26": 0.0000913985,
  "izyllah-aeon": 0.0003549301,
  "sethjournals": 0.0009994104,
  "yhanyx87": 0.0008752809,
  "saijan19": 0.0003428724,
  "rizz26": 0.00075938,
  "lj1728": 0.0006901506,
  "lolitaanana001": 0.0000043055,
  "vvodjiu": 0.0000152854,
  "segundolhou29": 0.0004480828,
  "suteru": 0.0008575156,
  "heymariel": 0.0001098433,
  "jocabanero4": 0.0004892291,
  "sammify": 0.0000960075,
  "rabino7515": 0.0008038109,
  "arriane001": 0.0008967646,
  "daileen23": 0.0000326955,
  "blueoctopus": 0.0003119147,
  "crstypatata": 0.000713789,
  "mayt": 0.0006689798,
  "joanna112890": 0.0005740364,
  "hmayak": 0.0007341027
}