{
  "gretelarmfeg": 0.0002918446,
  "anlizapasaje1234": 0.0005466135,
  "honeyjean24": 0.0007658662,
  "jeanieviv84": 0.0008992695,
  "diosarich": 0.0006086145,
  "vinzie1": 0.0004798195,
  "wanderelle": 0.000238197,
  "krissymayol": 0.0002276879,
  "desyah07": 0.0001473407,
  "gracefulwrites": 0.0005951908,
  "katiekate86": 0.0005113765,
  "celestyne15": 0.0005128722,
  "antonette": 0.0000340987,
  "superkristhel": 0.0008440688,
  "hopefulsoul": 0.0006833698,
  "ronimarie82": 0.0004565915,
  "dreamrona": 0.000577246,
  "luthis26": 0.0000913985,
  "izyllah-aeon": 0.0000391691,
  "sethjournals": 0.0009994104,
  "yhanyx87": 0.0003308181,
  "saijan19": 0.0007513137,
  "rizz26": 0.0003031567,
  "lj1728": 0.0003622792,
  "lolitaanana001": 0.0006461468,
  "vvodjiu": 0.0002833777,
  "segundolhou29": 0.0004480828,
  "suteru": 0.0005742412,
  "heymariel": 0.0004244334,
  "jocabanero4": 0.0008830576,
  "sammify": 0.0004682748,
  "rabino7515": 0.0005402804,
  "arriane001": 0.0007664896,
  "daileen23": 0.0002265609,
  "blueoctopus": 0.0000912951,
  "crstypatata": 0.0003788327,
  "mayt": 0.0004933439
}