{
  "gretelarmfeg": 0.0006168349,
  "anlizapasaje1234": 0.0005466135,
  "honeyjean24": 0.0006642951,
  "jeanieviv84": 0.0002017259,
  "diosarich": 0.0009230377,
  "vinzie1": 0.0008254252,
  "wanderelle": 0.0005634573,
  "krissymayol": 0.0000835581,
  "desyah07": 0.0001935833,
  "gracefulwrites": 0.0008707201,
  "katiekate86": 0.0008691276,
  "celestyne15": 0.0008144653,
  "antonette": 0.0002752238,
  "superkristhel": 0.0008440688,
  "hopefulsoul": 0.0003392932,
  "ronimarie82": 0.0008647339,
  "dreamrona": 0.0007805356,
  "luthis26": 0.0000913985,
  "izyllah-aeon": 0.0003609509,
  "sethjournals": 0.0009994104,
  "yhanyx87": 0.0002208948,
  "saijan19": 0.0009106198,
  "rizz26": 0.0002942475,
  "lj1728": 0.0006331162,
  "lolitaanana001": 0.0007090956,
  "vvodjiu": 0.0002387326,
  "segundolhou29": 0.0004480828,
  "suteru": 0.0004412893,
  "heymariel": 0.0009298706,
  "jocabanero4": 0.0006433388,
  "sammify": 0.0005359088,
  "rabino7515": 0.0001303953,
  "arriane001": 0.0008962707,
  "daileen23": 0.0005826332,
  "blueoctopus": 0.0003378005,
  "crstypatata": 0.0001469338,
  "mayt": 0.0002053806,
  "joanna112890": 0.0000581538,
  "hmayak": 0.0004902831,
  "olang23": 0.0006504411,
  "rodavlas": 0.000682828,
  "levieshome": 0.000375772,
  "serram007": 0.0002007046,
  "jovan1978": 0.0001915057,
  "mdsahin111": 0.00042181
}