{
  "gretelarmfeg": 0.000715199,
  "anlizapasaje1234": 0.0005466135,
  "honeyjean24": 0.0007512851,
  "jeanieviv84": 0.0007874837,
  "diosarich": 0.0009304815,
  "vinzie1": 0.0007832803,
  "wanderelle": 0.0007773064,
  "krissymayol": 0.0008558849,
  "desyah07": 0.0006994678,
  "gracefulwrites": 0.0002527738,
  "katiekate86": 0.0005158408,
  "celestyne15": 0.0001889969,
  "antonette": 0.0002752238,
  "superkristhel": 0.0008440688,
  "hopefulsoul": 0.0000154351,
  "ronimarie82": 0.0003815888,
  "dreamrona": 0.0000381275,
  "luthis26": 0.0000913985,
  "izyllah-aeon": 0.0007873432,
  "sethjournals": 0.0009994104,
  "yhanyx87": 0.000906447,
  "saijan19": 0.0000185033,
  "rizz26": 0.0009445946,
  "lj1728": 0.0009956277,
  "lolitaanana001": 0.0008201361,
  "vvodjiu": 0.0005690189,
  "segundolhou29": 0.0004480828,
  "suteru": 0.0009328306,
  "heymariel": 0.0005340626,
  "jocabanero4": 0.0006433388,
  "sammify": 0.0009202423,
  "rabino7515": 0.000287084,
  "arriane001": 0.0004095755,
  "daileen23": 0.0005376071,
  "blueoctopus": 0.0001713734,
  "crstypatata": 0.0000215025,
  "mayt": 0.0006213514,
  "joanna112890": 0.0005131893,
  "hmayak": 0.0008799233,
  "olang23": 0.0006504411,
  "rodavlas": 0.000682828,
  "levieshome": 0.000375772,
  "serram007": 0.0002007046,
  "jovan1978": 0.0008522329
}