{
  "gretelarmfeg": 0.0001813085,
  "anlizapasaje1234": 0.0005466135,
  "honeyjean24": 0.000531134,
  "jeanieviv84": 0.0005749467,
  "diosarich": 0.0000281822,
  "vinzie1": 0.0007202437,
  "wanderelle": 0.0005249122,
  "krissymayol": 0.0006346315,
  "desyah07": 0.0001654084,
  "gracefulwrites": 0.0008580226,
  "katiekate86": 0.0007970251,
  "celestyne15": 0.0005387522,
  "antonette": 0.0005193186,
  "superkristhel": 0.0008440688,
  "hopefulsoul": 0.0008555855,
  "ronimarie82": 0.0005163597,
  "dreamrona": 0.0004207017,
  "luthis26": 0.0000913985,
  "izyllah-aeon": 0.0001082154,
  "sethjournals": 0.0009994104,
  "yhanyx87": 0.0005575989,
  "saijan19": 0.0003944104,
  "rizz26": 0.0004538127,
  "lj1728": 0.0005291537,
  "lolitaanana001": 0.0001418719,
  "vvodjiu": 0.0008521949,
  "segundolhou29": 0.0004480828,
  "suteru": 0.0009065024,
  "heymariel": 0.0003877758,
  "jocabanero4": 0.000275063,
  "sammify": 0.0008569749,
  "rabino7515": 0.000353176,
  "arriane001": 0.000172406,
  "daileen23": 0.0007887769,
  "blueoctopus": 0.0006890296,
  "crstypatata": 0.0005795059,
  "mayt": 0.0006372017,
  "joanna112890": 0.0009549725
}