{
  "gretelarmfeg": 0.0006482017,
  "anlizapasaje1234": 0.0004445705,
  "honeyjean24": 0.0009969872,
  "jeanieviv84": 0.0004153098,
  "diosarich": 0.0000642555,
  "vinzie1": 0.000973684,
  "wanderelle": 0.0005179371,
  "krissymayol": 0.0008751369,
  "desyah07": 0.000655665,
  "gracefulwrites": 0.0007361941,
  "katiekate86": 0.0001052154,
  "celestyne15": 0.0002473308,
  "antonette": 0.0006188183,
  "superkristhel": 0.0008440688,
  "hopefulsoul": 0.0009365911,
  "ronimarie82": 0.0001919967,
  "dreamrona": 0.0007644398,
  "luthis26": 0.000378398,
  "izyllah-aeon": 0.0000640297,
  "sethjournals": 0.0009994104,
  "yhanyx87": 0.0002598243,
  "saijan19": 0.0003947292,
  "rizz26": 0.0009671266
}