{
  "gretelarmfeg": 0.0005302218,
  "anlizapasaje1234": 0.0005466135,
  "honeyjean24": 0.0009179054,
  "jeanieviv84": 0.0007061501,
  "diosarich": 0.0000430433,
  "vinzie1": 0.0009840833,
  "wanderelle": 0.0007610157,
  "krissymayol": 0.0000782351,
  "desyah07": 0.000638275,
  "gracefulwrites": 0.0009614317,
  "katiekate86": 0.0003669009,
  "celestyne15": 0.0000911059,
  "antonette": 0.0000980187,
  "superkristhel": 0.0008440688,
  "hopefulsoul": 0.0008434469,
  "ronimarie82": 0.0008684654,
  "dreamrona": 0.0001966508,
  "luthis26": 0.0000913985,
  "izyllah-aeon": 0.0008061991,
  "sethjournals": 0.0009994104,
  "yhanyx87": 0.0008221142,
  "saijan19": 0.0000120114,
  "rizz26": 0.0003636192,
  "lj1728": 0.0005830954,
  "lolitaanana001": 0.0005610356,
  "vvodjiu": 0.00064646,
  "segundolhou29": 0.0004480828,
  "suteru": 0.0004560372,
  "heymariel": 0.0008321969,
  "jocabanero4": 0.0000704661,
  "sammify": 0.0004821691,
  "rabino7515": 0.0005379423,
  "arriane001": 0.0002638719,
  "daileen23": 0.0006830008,
  "blueoctopus": 0.0002996267,
  "crstypatata": 0.0002153321,
  "mayt": 0.0001749707,
  "joanna112890": 0.0004093691,
  "hmayak": 0.0002928305
}