{
  "gretelarmfeg": 0.000818619,
  "anlizapasaje1234": 0.0005466135,
  "honeyjean24": 0.0007518409,
  "jeanieviv84": 0.0004067723,
  "diosarich": 0.0001342254,
  "vinzie1": 0.000757994,
  "wanderelle": 0.0001392844,
  "krissymayol": 0.0004292958,
  "desyah07": 0.0006260653,
  "gracefulwrites": 0.0001964576,
  "katiekate86": 0.0005139982,
  "celestyne15": 0.0007840908,
  "antonette": 0.0002752238,
  "superkristhel": 0.0008440688,
  "hopefulsoul": 0.0006204596,
  "ronimarie82": 0.0008940398,
  "dreamrona": 0.0002847032,
  "luthis26": 0.0000913985,
  "izyllah-aeon": 0.000146162,
  "sethjournals": 0.0009994104,
  "yhanyx87": 0.000028802,
  "saijan19": 0.000699033,
  "rizz26": 0.0005342469,
  "lj1728": 0.0005877022,
  "lolitaanana001": 0.0002835141,
  "vvodjiu": 0.0003722398,
  "segundolhou29": 0.0004480828,
  "suteru": 0.0005524364,
  "heymariel": 0.0000191784,
  "jocabanero4": 0.0006433388,
  "sammify": 0.0006375316,
  "rabino7515": 0.0005076243,
  "arriane001": 0.0005438516,
  "daileen23": 0.0002491898,
  "blueoctopus": 0.0007569169,
  "crstypatata": 0.0007149712,
  "mayt": 0.0002149053,
  "joanna112890": 0.0001402956,
  "hmayak": 0.0002566756,
  "olang23": 0.0006504411,
  "rodavlas": 0.000682828,
  "levieshome": 0.000375772,
  "serram007": 0.0002007046,
  "jovan1978": 0.0001412566,
  "mdsahin111": 0.0008832661
}