{
  "gretelarmfeg": 0.0009680784,
  "anlizapasaje1234": 0.0007326078,
  "honeyjean24": 0.0009776693,
  "jeanieviv84": 0.0007285423,
  "diosarich": 0.0001617944,
  "vinzie1": 0.0007712615,
  "wanderelle": 0.000475761,
  "krissymayol": 0.0004548273,
  "desyah07": 0.0007136457,
  "gracefulwrites": 0.0007819405,
  "katiekate86": 0.000263985,
  "celestyne15": 0.0003031559,
  "antonette": 0.0009523185,
  "superkristhel": 0.0008440688,
  "hopefulsoul": 0.0003121651,
  "ronimarie82": 0.0003898819,
  "dreamrona": 0.0002008183,
  "luthis26": 0.0007680305,
  "izyllah-aeon": 0.0000967668,
  "sethjournals": 0.0009994104,
  "yhanyx87": 0.0007730339,
  "saijan19": 0.0008744626,
  "rizz26": 0.0003656807
}