{
  "gretelarmfeg": 0.0001127834,
  "anlizapasaje1234": 0.0005466135,
  "honeyjean24": 0.0002414833,
  "jeanieviv84": 0.0000787043,
  "diosarich": 0.00074336,
  "vinzie1": 0.0005711676,
  "wanderelle": 0.0001323884,
  "krissymayol": 0.0007335868,
  "desyah07": 0.0008310112,
  "gracefulwrites": 0.000854286,
  "katiekate86": 0.0007023538,
  "celestyne15": 0.0008183093,
  "antonette": 0.0009382594,
  "superkristhel": 0.0008440688,
  "hopefulsoul": 0.0007605072,
  "ronimarie82": 0.0003698639,
  "dreamrona": 0.0009952959,
  "luthis26": 0.0000913985,
  "izyllah-aeon": 0.0005954265,
  "sethjournals": 0.0009994104,
  "yhanyx87": 0.0007697913,
  "saijan19": 0.000197081,
  "rizz26": 0.0009915143,
  "lj1728": 0.0008484391,
  "lolitaanana001": 0.0004409712,
  "vvodjiu": 0.0009530572,
  "segundolhou29": 0.0004480828,
  "suteru": 0.0002162326,
  "heymariel": 0.0004116871,
  "jocabanero4": 0.0006433388,
  "sammify": 0.0003463058,
  "rabino7515": 0.0007620766,
  "arriane001": 0.0008746834,
  "daileen23": 0.0009210001,
  "blueoctopus": 0.0007182691,
  "crstypatata": 0.0006594715,
  "mayt": 0.0004849124,
  "joanna112890": 0.0007212186,
  "hmayak": 0.0007785674,
  "olang23": 0.0006504411,
  "rodavlas": 0.000682828,
  "levieshome": 0.000375772,
  "serram007": 0.0002007046
}