{
  "gretelarmfeg": 0.0006296871,
  "anlizapasaje1234": 0.0005466135,
  "honeyjean24": 0.0003235737,
  "jeanieviv84": 0.0001237273,
  "diosarich": 0.0004868224,
  "vinzie1": 0.000218182,
  "wanderelle": 0.0003927826,
  "krissymayol": 0.000206968,
  "desyah07": 0.0007985554,
  "gracefulwrites": 0.0005906296,
  "katiekate86": 0.0001491063,
  "celestyne15": 0.0007863452,
  "antonette": 0.0002481774,
  "superkristhel": 0.0008440688,
  "hopefulsoul": 0.0006436412,
  "ronimarie82": 0.0006962456,
  "dreamrona": 0.0000609382,
  "luthis26": 0.0009399194,
  "izyllah-aeon": 0.0001804081,
  "sethjournals": 0.0009994104,
  "yhanyx87": 0.0009475435,
  "saijan19": 0.0003311593,
  "rizz26": 0.0003951831,
  "lj1728": 0.000283204,
  "lolitaanana001": 0.000621022,
  "vvodjiu": 0.0008179266,
  "segundolhou29": 0.0002074634
}