{
  "gretelarmfeg": 0.0005445865,
  "anlizapasaje1234": 0.0005466135,
  "honeyjean24": 0.0005771824,
  "jeanieviv84": 0.0002874198,
  "diosarich": 0.0009883013,
  "vinzie1": 0.0008360457,
  "wanderelle": 0.0002044129,
  "krissymayol": 0.000570705,
  "desyah07": 0.0002578304,
  "gracefulwrites": 0.0009258048,
  "katiekate86": 0.0000745343,
  "celestyne15": 0.0000607733,
  "antonette": 0.0006224381,
  "superkristhel": 0.0008440688,
  "hopefulsoul": 0.0008113948,
  "ronimarie82": 0.0001783357,
  "dreamrona": 0.0008873809,
  "luthis26": 0.0000913985,
  "izyllah-aeon": 0.0004464784,
  "sethjournals": 0.0009994104,
  "yhanyx87": 0.0005269004,
  "saijan19": 0.0002336035,
  "rizz26": 0.0002822064,
  "lj1728": 0.0000752291,
  "lolitaanana001": 0.0008652556,
  "vvodjiu": 0.0003846883,
  "segundolhou29": 0.0004480828,
  "suteru": 0.0000566417,
  "heymariel": 0.000776339,
  "jocabanero4": 0.0002469121,
  "sammify": 0.0001101814,
  "rabino7515": 0.0004206775,
  "arriane001": 0.0002050226,
  "daileen23": 0.0003614089,
  "blueoctopus": 0.0005636917,
  "crstypatata": 0.0008072855,
  "mayt": 0.0007437342,
  "joanna112890": 0.0006954964,
  "hmayak": 0.0008073254
}