{
  "gretelarmfeg": 0.0008205504,
  "anlizapasaje1234": 0.0008172068,
  "honeyjean24": 0.0003771666,
  "jeanieviv84": 0.0002331706,
  "diosarich": 0.0004075591,
  "vinzie1": 0.0001847138,
  "wanderelle": 0.0006243514,
  "krissymayol": 0.000881476,
  "desyah07": 0.0002121781,
  "gracefulwrites": 0.0009041772,
  "katiekate86": 1.552e-7,
  "celestyne15": 0.0000326893,
  "antonette": 0.0005600015,
  "superkristhel": 0.0008440688,
  "hopefulsoul": 0.0004853521,
  "ronimarie82": 0.0001767677,
  "dreamrona": 0.0009975065,
  "luthis26": 0.0003344372,
  "izyllah-aeon": 0.0007790284,
  "sethjournals": 0.0009994104,
  "yhanyx87": 0.0004291948,
  "saijan19": 0.0004481538,
  "rizz26": 0.0002284825
}