{
  "gretelarmfeg": 0.0001860626,
  "anlizapasaje1234": 0.0005466135,
  "honeyjean24": 0.000503731,
  "jeanieviv84": 0.0004624803,
  "diosarich": 0.00051061,
  "vinzie1": 0.0005765536,
  "wanderelle": 0.000382538,
  "krissymayol": 0.0001204786,
  "desyah07": 0.0001887744,
  "gracefulwrites": 0.0008777702,
  "katiekate86": 0.0000962491,
  "celestyne15": 0.0008769773,
  "antonette": 0.0007631134,
  "superkristhel": 0.0008440688,
  "hopefulsoul": 0.0005647648,
  "ronimarie82": 0.0004940214,
  "dreamrona": 0.0005645485,
  "luthis26": 0.0000913985,
  "izyllah-aeon": 0.0009308095,
  "sethjournals": 0.0009994104,
  "yhanyx87": 0.0004571317,
  "saijan19": 0.0008240309,
  "rizz26": 0.0008204386,
  "lj1728": 0.0003601665,
  "lolitaanana001": 0.0007691591,
  "vvodjiu": 0.000276796,
  "segundolhou29": 0.0004480828,
  "suteru": 0.0005209456,
  "heymariel": 0.0009193836,
  "jocabanero4": 0.0007639711,
  "sammify": 0.0006098705,
  "rabino7515": 0.0003500076,
  "arriane001": 0.0006724652,
  "daileen23": 0.0009750223,
  "blueoctopus": 0.0006982336,
  "crstypatata": 0.0008877513,
  "mayt": 0.000121136
}