{
  "gretelarmfeg": 0.0005167314,
  "anlizapasaje1234": 0.0005466135,
  "honeyjean24": 0.0002019045,
  "jeanieviv84": 0.0007898346,
  "diosarich": 0.0009798515,
  "vinzie1": 0.0003766265,
  "wanderelle": 0.0009270049,
  "krissymayol": 0.0001371259,
  "desyah07": 0.0008125788,
  "gracefulwrites": 0.0008428001,
  "katiekate86": 0.0006733881,
  "celestyne15": 0.0002241464,
  "antonette": 0.0000871812,
  "superkristhel": 0.0008440688,
  "hopefulsoul": 0.0004579243,
  "ronimarie82": 0.000392712,
  "dreamrona": 0.0002726643,
  "luthis26": 0.0000913985,
  "izyllah-aeon": 0.000637212,
  "sethjournals": 0.0009994104,
  "yhanyx87": 0.0004594374,
  "saijan19": 0.0005952386,
  "rizz26": 0.000344913,
  "lj1728": 0.0001359617,
  "lolitaanana001": 0.0002132241,
  "vvodjiu": 0.0008110263,
  "segundolhou29": 0.0004480828,
  "suteru": 0.0009543277,
  "heymariel": 0.0000209453,
  "jocabanero4": 0.0000015153,
  "sammify": 0.0007396925,
  "rabino7515": 0.0008607081,
  "arriane001": 0.0009257281,
  "daileen23": 0.0001884739,
  "blueoctopus": 0.0001731336,
  "crstypatata": 0.0002395564,
  "mayt": 0.000249806,
  "joanna112890": 0.000777943
}