{
  "gretelarmfeg": 0.0009767288,
  "anlizapasaje1234": 0.0005466135,
  "honeyjean24": 0.0001003935,
  "jeanieviv84": 0.0008885869,
  "diosarich": 0.0009402108,
  "vinzie1": 0.0006906643,
  "wanderelle": 0.0003462448,
  "krissymayol": 0.0004280919,
  "desyah07": 0.0008100969,
  "gracefulwrites": 0.0008476854,
  "katiekate86": 0.0004644393,
  "celestyne15": 0.0002284484,
  "antonette": 0.0006435671,
  "superkristhel": 0.0008440688,
  "hopefulsoul": 0.0002635575,
  "ronimarie82": 0.0001888933,
  "dreamrona": 0.0005619198,
  "luthis26": 0.0002955757,
  "izyllah-aeon": 0.0004812981,
  "sethjournals": 0.0009994104,
  "yhanyx87": 0.000335812,
  "saijan19": 0.000807309,
  "rizz26": 0.0004025038,
  "lj1728": 0.0009224904,
  "lolitaanana001": 0.0000172715,
  "vvodjiu": 0.000226946,
  "segundolhou29": 0.0005171844,
  "suteru": 0.0009329635,
  "heymariel": 0.0006121253
}