{
  "gretelarmfeg": 0.0000068821,
  "anlizapasaje1234": 0.0005466135,
  "honeyjean24": 0.0009563863,
  "jeanieviv84": 0.0009512221,
  "diosarich": 0.0005309723,
  "vinzie1": 0.0000915042,
  "wanderelle": 0.0009554431,
  "krissymayol": 0.0006637326,
  "desyah07": 0.0006523188,
  "gracefulwrites": 0.0009696264,
  "katiekate86": 0.0003414448,
  "celestyne15": 0.0006798267,
  "antonette": 0.0009381292,
  "superkristhel": 0.0008440688,
  "hopefulsoul": 0.000125252,
  "ronimarie82": 0.0008292337,
  "dreamrona": 0.0006098987,
  "luthis26": 0.0000913985,
  "izyllah-aeon": 0.0007542889,
  "sethjournals": 0.0009994104,
  "yhanyx87": 0.0001309339,
  "saijan19": 0.0006083757,
  "rizz26": 0.0000069355,
  "lj1728": 0.0006357601,
  "lolitaanana001": 0.0000521336,
  "vvodjiu": 0.0002529522,
  "segundolhou29": 0.0004480828,
  "suteru": 0.0000840522,
  "heymariel": 0.0002175004,
  "jocabanero4": 0.0006433388,
  "sammify": 0.0000868291,
  "rabino7515": 0.0004338813,
  "arriane001": 0.0002101124,
  "daileen23": 0.0004122764,
  "blueoctopus": 0.0003494354,
  "crstypatata": 0.0006244126,
  "mayt": 0.0003992462,
  "joanna112890": 0.0003510271,
  "hmayak": 0.0001775116,
  "olang23": 0.0006504411,
  "rodavlas": 0.000682828,
  "levieshome": 0.000375772,
  "serram007": 0.0002007046
}