{
  "gretelarmfeg": 0.000215801,
  "anlizapasaje1234": 0.0005466135,
  "honeyjean24": 0.0008330367,
  "jeanieviv84": 0.000586306,
  "diosarich": 0.0007209969,
  "vinzie1": 0.0003637537,
  "wanderelle": 0.0004513225,
  "krissymayol": 0.000248519,
  "desyah07": 0.0001271197,
  "gracefulwrites": 0.0005751955,
  "katiekate86": 0.0872745361,
  "celestyne15": 0.0094711503,
  "antonette": 0.0175807999,
  "superkristhel": 0.0008440688,
  "hopefulsoul": 0.0337700866,
  "ronimarie82": 0.0269294746,
  "dreamrona": 0.0868810895,
  "luthis26": 0.0000913985,
  "izyllah-aeon": 0.016736403,
  "sethjournals": 0.0009994104,
  "yhanyx87": 0.0025252676,
  "saijan19": 0.0208561224,
  "rizz26": 0.0125295523,
  "lj1728": 0.2437063415,
  "lolitaanana001": 0.0821019624,
  "vvodjiu": 0.2460754563,
  "segundolhou29": 0.0004480828,
  "suteru": 0.4282515265,
  "heymariel": 0.0209625786,
  "jocabanero4": 0.0006433388,
  "sammify": 0.007777301,
  "rabino7515": 0.021067706,
  "arriane001": 0.0209666683,
  "daileen23": 0.0124997502,
  "blueoctopus": 0.1231601937,
  "crstypatata": 0.0415776932,
  "mayt": 0.0413105127,
  "joanna112890": 0.0067986025,
  "hmayak": 0.0047918539,
  "olang23": 0.0006504411,
  "rodavlas": 0.000682828,
  "levieshome": 0.000375772,
  "serram007": 0.0002007046
}