{
  "gretelarmfeg": 0.000235166,
  "anlizapasaje1234": 0.0005466135,
  "honeyjean24": 0.0004424945,
  "jeanieviv84": 0.0004558276,
  "diosarich": 0.0000871137,
  "vinzie1": 0.0001020573,
  "wanderelle": 0.0005016635,
  "krissymayol": 0.0003422386,
  "desyah07": 0.0002647997,
  "gracefulwrites": 0.000940155,
  "katiekate86": 0.0004903017,
  "celestyne15": 0.0000175946,
  "antonette": 0.0004006295,
  "superkristhel": 0.0008440688,
  "hopefulsoul": 0.0009475258,
  "ronimarie82": 0.0001685377,
  "dreamrona": 0.0001364211,
  "luthis26": 0.0000884541,
  "izyllah-aeon": 0.0001685527,
  "sethjournals": 0.0009994104,
  "yhanyx87": 0.0007042444,
  "saijan19": 0.0008855424,
  "rizz26": 0.0007200863,
  "lj1728": 0.0001639224,
  "lolitaanana001": 0.0007120371,
  "vvodjiu": 0.0006336106,
  "segundolhou29": 0.0003794684
}