{
  "gretelarmfeg": 0.0004359114,
  "anlizapasaje1234": 0.0005466135,
  "honeyjean24": 0.0008827348,
  "jeanieviv84": 0.000621883,
  "diosarich": 0.0002562421,
  "vinzie1": 0.0005927449,
  "wanderelle": 0.0009029389,
  "krissymayol": 0.0003865137,
  "desyah07": 0.0004380896,
  "gracefulwrites": 0.0008102981,
  "katiekate86": 0.0005698495,
  "celestyne15": 0.0008076856,
  "antonette": 0.0005146055,
  "superkristhel": 0.0008440688,
  "hopefulsoul": 0.000282527,
  "ronimarie82": 0.0003771409,
  "dreamrona": 0.0006764573,
  "luthis26": 0.0000913985,
  "izyllah-aeon": 0.0002756429,
  "sethjournals": 0.0009994104,
  "yhanyx87": 0.0001111719,
  "saijan19": 0.0005826118,
  "rizz26": 0.0000572719,
  "lj1728": 0.0004691057,
  "lolitaanana001": 0.0008411655,
  "vvodjiu": 0.0002803506,
  "segundolhou29": 0.0004480828,
  "suteru": 0.000402833,
  "heymariel": 0.000462246,
  "jocabanero4": 0.0009174441,
  "sammify": 0.0006809181,
  "rabino7515": 0.0009598234,
  "arriane001": 0.0004740768,
  "daileen23": 0.0005624501,
  "blueoctopus": 0.0000824452,
  "crstypatata": 0.0004708736,
  "mayt": 0.0003518988,
  "joanna112890": 0.0006691647,
  "hmayak": 0.0007668512
}