{
  "gretelarmfeg": 0.0000158215,
  "anlizapasaje1234": 0.0005466135,
  "honeyjean24": 0.0004836233,
  "jeanieviv84": 0.0001397897,
  "diosarich": 0.0004534033,
  "vinzie1": 0.0009258939,
  "wanderelle": 0.0003009294,
  "krissymayol": 0.0003137235,
  "desyah07": 0.0006523504,
  "gracefulwrites": 0.000467829,
  "katiekate86": 0.0004978745,
  "celestyne15": 0.0002886695,
  "antonette": 0.0002752238,
  "superkristhel": 0.0008440688,
  "hopefulsoul": 0.0006783094,
  "ronimarie82": 0.0001432217,
  "dreamrona": 0.0009494588,
  "luthis26": 0.0000913985,
  "izyllah-aeon": 0.0000903496,
  "sethjournals": 0.0009994104,
  "yhanyx87": 0.0005561207,
  "saijan19": 0.0007804576,
  "rizz26": 0.0002210282,
  "lj1728": 0.0003854725,
  "lolitaanana001": 0.0005823418,
  "vvodjiu": 0.0007028799,
  "segundolhou29": 0.0004480828,
  "suteru": 0.0006777823,
  "heymariel": 0.0006679532,
  "jocabanero4": 0.0006433388,
  "sammify": 0.0006511781,
  "rabino7515": 0.0005032936,
  "arriane001": 0.0002748971,
  "daileen23": 0.0001360134,
  "blueoctopus": 0.0009426998,
  "crstypatata": 0.0006865307,
  "mayt": 0.0003174667,
  "joanna112890": 0.0003835446,
  "hmayak": 0.0008063493,
  "olang23": 0.0006504411,
  "rodavlas": 0.000682828,
  "levieshome": 0.000375772,
  "serram007": 0.0002007046
}