{
  "gretelarmfeg": 0.0002846452,
  "anlizapasaje1234": 0.0002462774,
  "honeyjean24": 0.0005807381,
  "jeanieviv84": 0.0003646155,
  "diosarich": 0.0008020219,
  "vinzie1": 0.000985507,
  "wanderelle": 0.0000905333,
  "krissymayol": 0.0005347633,
  "desyah07": 0.000959539,
  "gracefulwrites": 0.0004635793,
  "katiekate86": 0.0008617202,
  "celestyne15": 0.0003930914,
  "antonette": 0.0003351074,
  "superkristhel": 0.0008440688,
  "hopefulsoul": 0.0001245014,
  "ronimarie82": 0.0009208972,
  "dreamrona": 0.000226893,
  "luthis26": 0.0000817678,
  "izyllah-aeon": 0.0000140986,
  "sethjournals": 0.0009994104,
  "yhanyx87": 0.0002447946,
  "saijan19": 0.0001808382,
  "rizz26": 0.0006133103
}