{
  "gretelarmfeg": 0.0005265803,
  "anlizapasaje1234": 0.0005515696,
  "honeyjean24": 0.0004626921,
  "jeanieviv84": 0.0001574281,
  "diosarich": 0.0003554627,
  "vinzie1": 0.0004559418,
  "wanderelle": 0.0008384554,
  "krissymayol": 0.0007439386,
  "desyah07": 0.0007305411,
  "gracefulwrites": 0.0002958959,
  "katiekate86": 0.0003140702,
  "celestyne15": 0.0003268422,
  "antonette": 0.0001016272,
  "superkristhel": 0.0009815286,
  "hopefulsoul": 0.000382238,
  "ronimarie82": 0.0009776306,
  "dreamrona": 0.0003812819,
  "luthis26": 0.0009492146,
  "izyllah-aeon": 0.0004335097,
  "sethjournals": 0.0009994104,
  "yhanyx87": 0.000931711
}