{
  "gretelarmfeg": 0.0003094829,
  "anlizapasaje1234": 0.0005466135,
  "honeyjean24": 0.0001361364,
  "jeanieviv84": 0.0004703745,
  "diosarich": 0.0007917349,
  "vinzie1": 0.0002100121,
  "wanderelle": 0.0005456987,
  "krissymayol": 0.0009791252,
  "desyah07": 0.0001119505,
  "gracefulwrites": 0.0003100138,
  "katiekate86": 0.0002124663,
  "celestyne15": 0.0007507349,
  "antonette": 0.0002752238,
  "superkristhel": 0.0008440688,
  "hopefulsoul": 0.0002903982,
  "ronimarie82": 0.0009655114,
  "dreamrona": 0.0000206388,
  "luthis26": 0.0000913985,
  "izyllah-aeon": 0.0005929195,
  "sethjournals": 0.0009994104,
  "yhanyx87": 0.0003136214,
  "saijan19": 0.0004019287,
  "rizz26": 0.0006489554,
  "lj1728": 0.0001442911,
  "lolitaanana001": 0.000809257,
  "vvodjiu": 0.0002988521,
  "segundolhou29": 0.0004480828,
  "suteru": 0.0000899183,
  "heymariel": 0.0009112242,
  "jocabanero4": 0.0006433388,
  "sammify": 0.0004655019,
  "rabino7515": 0.0002202084,
  "arriane001": 0.0008413213,
  "daileen23": 0.0005270113,
  "blueoctopus": 0.0008188379,
  "crstypatata": 0.0006330339,
  "mayt": 0.0000651956,
  "joanna112890": 0.0001240892,
  "hmayak": 0.0002178449,
  "olang23": 0.0006504411,
  "rodavlas": 0.000682828,
  "levieshome": 0.000375772,
  "serram007": 0.0002007046,
  "jovan1978": 0.0006134955,
  "mdsahin111": 0.0009068648
}