{
  "gretelarmfeg": 0.0007068971,
  "anlizapasaje1234": 0.0003875062,
  "honeyjean24": 0.0008078948,
  "jeanieviv84": 0.0002619865,
  "diosarich": 0.0002134583,
  "vinzie1": 0.0000687517,
  "wanderelle": 0.0009481261,
  "krissymayol": 0.0005283574,
  "desyah07": 0.0008195207,
  "gracefulwrites": 0.0001077524,
  "katiekate86": 0.0003378813,
  "celestyne15": 0.0008134307,
  "antonette": 0.0004172472,
  "superkristhel": 0.0008440688,
  "hopefulsoul": 0.0006245933,
  "ronimarie82": 0.0007228029,
  "dreamrona": 0.0009123668,
  "luthis26": 0.0001437189,
  "izyllah-aeon": 0.0008367868,
  "sethjournals": 0.0009994104,
  "yhanyx87": 0.0009123694,
  "saijan19": 0.0001093391,
  "rizz26": 0.0001305909,
  "lj1728": 0.0006029384,
  "lolitaanana001": 0.0003527374
}