{
  "gretelarmfeg": 0.0008824065,
  "anlizapasaje1234": 0.0005466135,
  "honeyjean24": 0.0005587191,
  "jeanieviv84": 0.0009561002,
  "diosarich": 0.0009521206,
  "vinzie1": 0.0003714179,
  "wanderelle": 0.0005554136,
  "krissymayol": 0.0000886839,
  "desyah07": 0.0004819332,
  "gracefulwrites": 0.0000988633,
  "katiekate86": 0.0004265371,
  "celestyne15": 0.0005145768,
  "antonette": 0.0005980649,
  "superkristhel": 0.0008440688,
  "hopefulsoul": 0.0009381307,
  "ronimarie82": 0.0007348958,
  "dreamrona": 0.0008038401,
  "luthis26": 0.0001830621,
  "izyllah-aeon": 0.000307102,
  "sethjournals": 0.0009994104,
  "yhanyx87": 0.0008100295,
  "saijan19": 0.000410913,
  "rizz26": 0.0002324934,
  "lj1728": 0.0008234044,
  "lolitaanana001": 0.0009850344,
  "vvodjiu": 0.0004190997,
  "segundolhou29": 0.0004480828,
  "suteru": 0.000695487,
  "heymariel": 0.0006634434,
  "jocabanero4": 0.0009275229,
  "sammify": 0.0007706909,
  "rabino7515": 0.0003501805,
  "arriane001": 0.0006734563,
  "daileen23": 0.0003888068,
  "blueoctopus": 0.0008120012,
  "crstypatata": 0.0006117959
}