{
  "gretelarmfeg": 0.0007826217,
  "anlizapasaje1234": 0.0005466135,
  "honeyjean24": 0.000672898,
  "jeanieviv84": 0.0007177186,
  "diosarich": 0.0008009082,
  "vinzie1": 0.000709765,
  "wanderelle": 0.0007339803,
  "krissymayol": 0.0002551682,
  "desyah07": 0.0009429705,
  "gracefulwrites": 0.0004447135,
  "katiekate86": 0.0009372082,
  "celestyne15": 0.0001659137,
  "antonette": 0.0007566828,
  "superkristhel": 0.0008440688,
  "hopefulsoul": 0.0002449948,
  "ronimarie82": 0.0005902073,
  "dreamrona": 0.0002727555,
  "luthis26": 0.0003434736,
  "izyllah-aeon": 0.0009144775,
  "sethjournals": 0.0009994104,
  "yhanyx87": 0.0001743615,
  "saijan19": 2.226e-7,
  "rizz26": 0.0005896168,
  "lj1728": 0.0008689428,
  "lolitaanana001": 0.0006837346,
  "vvodjiu": 0.0007321203,
  "segundolhou29": 0.0004480828,
  "suteru": 0.0000423371,
  "heymariel": 0.0003210651,
  "jocabanero4": 0.0002469697,
  "sammify": 0.0004152837,
  "rabino7515": 0.0000229214,
  "arriane001": 0.0000098801,
  "daileen23": 0.0008050656,
  "blueoctopus": 0.0005686732
}