{
  "gretelarmfeg": 0.0009881634,
  "anlizapasaje1234": 0.0005466135,
  "honeyjean24": 0.0009577942,
  "jeanieviv84": 0.0006189548,
  "diosarich": 0.0003052444,
  "vinzie1": 0.0004808531,
  "wanderelle": 0.0005437764,
  "krissymayol": 0.0004063581,
  "desyah07": 0.0009604459,
  "gracefulwrites": 0.0002057785,
  "katiekate86": 0.0005288478,
  "celestyne15": 0.0003174536,
  "antonette": 0.0001301426,
  "superkristhel": 0.0008440688,
  "hopefulsoul": 0.0007738879,
  "ronimarie82": 0.0008336289,
  "dreamrona": 0.0007338855,
  "luthis26": 0.0000913985,
  "izyllah-aeon": 0.0003525069,
  "sethjournals": 0.0009994104,
  "yhanyx87": 0.0006465895,
  "saijan19": 0.0009043792,
  "rizz26": 0.0000321538,
  "lj1728": 0.0007374001,
  "lolitaanana001": 0.0007040121,
  "vvodjiu": 0.0008980186,
  "segundolhou29": 0.0004480828,
  "suteru": 0.0000282156,
  "heymariel": 0.0002950271,
  "jocabanero4": 0.0006315404,
  "sammify": 0.0002241321,
  "rabino7515": 0.0005696818,
  "arriane001": 0.0007817513,
  "daileen23": 0.0005766983,
  "blueoctopus": 0.0008990829,
  "crstypatata": 0.0008863774,
  "mayt": 0.0000608615
}