{
  "gretelarmfeg": 0.0009834167,
  "anlizapasaje1234": 0.0005466135,
  "honeyjean24": 0.0007865753,
  "jeanieviv84": 0.00033462,
  "diosarich": 0.0002444617,
  "vinzie1": 0.0004696549,
  "wanderelle": 0.0001274578,
  "krissymayol": 0.0008928384,
  "desyah07": 0.0003103373,
  "gracefulwrites": 0.0007187783,
  "katiekate86": 0.0004176909,
  "celestyne15": 0.0001085087,
  "antonette": 0.0005533384,
  "superkristhel": 0.0008440688,
  "hopefulsoul": 0.0006266161,
  "ronimarie82": 0.0004127693,
  "dreamrona": 0.0008005225,
  "luthis26": 0.0000913985,
  "izyllah-aeon": 0.0004307948,
  "sethjournals": 0.0009994104,
  "yhanyx87": 0.0004429361,
  "saijan19": 0.0001964312,
  "rizz26": 0.0006358446,
  "lj1728": 0.0008468945,
  "lolitaanana001": 0.0004112653,
  "vvodjiu": 0.0003065098,
  "segundolhou29": 0.0004480828,
  "suteru": 0.000424576,
  "heymariel": 0.0001366419,
  "jocabanero4": 0.000899709,
  "sammify": 0.0002302578,
  "rabino7515": 0.000532929,
  "arriane001": 0.0002638047,
  "daileen23": 0.0006561272,
  "blueoctopus": 0.00028069,
  "crstypatata": 0.0001565684,
  "mayt": 0.000376986
}