{
  "gretelarmfeg": 0.0006950098,
  "anlizapasaje1234": 0.0005466135,
  "honeyjean24": 0.000065314,
  "jeanieviv84": 0.0004674272,
  "diosarich": 0.0001116092,
  "vinzie1": 0.0000064982,
  "wanderelle": 0.0002355507,
  "krissymayol": 0.0005670443,
  "desyah07": 0.0005804846,
  "gracefulwrites": 0.0006739835,
  "katiekate86": 0.0001451769,
  "celestyne15": 0.0003909468,
  "antonette": 0.0009450555,
  "superkristhel": 0.0008440688,
  "hopefulsoul": 0.0008591082,
  "ronimarie82": 0.0007157178,
  "dreamrona": 0.0000308859,
  "luthis26": 0.0005600054,
  "izyllah-aeon": 0.0008484923,
  "sethjournals": 0.0009994104,
  "yhanyx87": 0.0007941039,
  "saijan19": 0.0002514199,
  "rizz26": 0.0009958759,
  "lj1728": 0.0009810351,
  "lolitaanana001": 0.0003651844,
  "vvodjiu": 0.0007417655,
  "segundolhou29": 0.0004480828,
  "suteru": 0.0005687808,
  "heymariel": 0.000644769,
  "jocabanero4": 0.0007450069,
  "sammify": 0.0007350472,
  "rabino7515": 0.0005839982,
  "arriane001": 0.000791257,
  "daileen23": 0.000524033
}