{
  "gretelarmfeg": 0.000529371,
  "anlizapasaje1234": 0.0005466135,
  "honeyjean24": 0.0009542976,
  "jeanieviv84": 0.0002948001,
  "diosarich": 0.0005108135,
  "vinzie1": 0.0008266025,
  "wanderelle": 0.0002304543,
  "krissymayol": 0.0008559565,
  "desyah07": 0.0000312577,
  "gracefulwrites": 0.000260305,
  "katiekate86": 0.0000854232,
  "celestyne15": 0.0008784057,
  "antonette": 0.0004253864,
  "superkristhel": 0.0008440688,
  "hopefulsoul": 0.0004047738,
  "ronimarie82": 0.000579812,
  "dreamrona": 0.0003006239,
  "luthis26": 0.0000913985,
  "izyllah-aeon": 0.0000752072,
  "sethjournals": 0.0009994104,
  "yhanyx87": 0.0009296296,
  "saijan19": 0.0002482331,
  "rizz26": 0.0003078809,
  "lj1728": 0.000216207,
  "lolitaanana001": 0.0007034852,
  "vvodjiu": 0.0008081993,
  "segundolhou29": 0.0004480828,
  "suteru": 0.0005284669,
  "heymariel": 0.0009792974,
  "jocabanero4": 0.0008630091,
  "sammify": 0.0003844822,
  "rabino7515": 0.0005506206,
  "arriane001": 0.0002732686,
  "daileen23": 0.0000127787,
  "blueoctopus": 0.0001121697,
  "crstypatata": 0.0006865513,
  "mayt": 0.0009730701
}