{
  "gretelarmfeg": 0.0006923343,
  "anlizapasaje1234": 0.0005466135,
  "honeyjean24": 0.0004953941,
  "jeanieviv84": 0.0006214279,
  "diosarich": 0.0004171449,
  "vinzie1": 0.0002757907,
  "wanderelle": 0.0007445538,
  "krissymayol": 0.0003217512,
  "desyah07": 0.0008552395,
  "gracefulwrites": 0.0006226007,
  "katiekate86": 0.0009904848,
  "celestyne15": 0.0002476584,
  "antonette": 0.0005107975,
  "superkristhel": 0.0008440688,
  "hopefulsoul": 0.0008578806,
  "ronimarie82": 0.00046185,
  "dreamrona": 0.0000818489,
  "luthis26": 0.0000913985,
  "izyllah-aeon": 0.000045849,
  "sethjournals": 0.0009994104,
  "yhanyx87": 0.0005341689,
  "saijan19": 0.0005032158,
  "rizz26": 0.0007822224,
  "lj1728": 0.0000361287,
  "lolitaanana001": 0.0005094145,
  "vvodjiu": 0.0009067672,
  "segundolhou29": 0.0004480828,
  "suteru": 0.0002133444,
  "heymariel": 0.0008535204,
  "jocabanero4": 0.0005506703,
  "sammify": 0.0006809574,
  "rabino7515": 0.0002339436,
  "arriane001": 0.000610723,
  "daileen23": 0.0008291778,
  "blueoctopus": 0.0000872749,
  "crstypatata": 0.0006880713,
  "mayt": 0.000524854,
  "joanna112890": 0.0002012668,
  "hmayak": 0.0001032899,
  "olang23": 0.0003214204,
  "rodavlas": 0.0003266933
}