{
  "gretelarmfeg": 0.0005613106,
  "anlizapasaje1234": 0.0005466135,
  "honeyjean24": 0.0009726378,
  "jeanieviv84": 0.0000744342,
  "diosarich": 0.0001834946,
  "vinzie1": 0.0007044476,
  "wanderelle": 0.0005856918,
  "krissymayol": 0.0001403191,
  "desyah07": 0.0007722871,
  "gracefulwrites": 0.0000605213,
  "katiekate86": 0.0003503099,
  "celestyne15": 0.0007841449,
  "antonette": 0.0003146707,
  "superkristhel": 0.0008440688,
  "hopefulsoul": 0.0001822977,
  "ronimarie82": 0.0008869372,
  "dreamrona": 0.0001328784,
  "luthis26": 0.0000913985,
  "izyllah-aeon": 0.0005560341,
  "sethjournals": 0.0009994104,
  "yhanyx87": 0.0006106816,
  "saijan19": 0.0009238338,
  "rizz26": 0.0002412016,
  "lj1728": 0.0004779798,
  "lolitaanana001": 0.0008744982,
  "vvodjiu": 0.0001783869,
  "segundolhou29": 0.0004480828,
  "suteru": 0.0001634006,
  "heymariel": 0.0004017469,
  "jocabanero4": 0.0007657723,
  "sammify": 0.000412981,
  "rabino7515": 0.0008104132,
  "arriane001": 0.0008990576,
  "daileen23": 0.0003986233,
  "blueoctopus": 0.0000983933,
  "crstypatata": 0.0009208167,
  "mayt": 0.0007682653,
  "joanna112890": 0.0000104013,
  "hmayak": 0.0006471236,
  "olang23": 0.0000851319,
  "rodavlas": 0.0007510034
}