{
  "gretelarmfeg": 0.0006814709,
  "anlizapasaje1234": 0.0003682913,
  "honeyjean24": 0.000236676,
  "jeanieviv84": 0.000421798,
  "diosarich": 0.0003906936,
  "vinzie1": 0.0001361294,
  "wanderelle": 0.000183181,
  "krissymayol": 0.0004522194,
  "desyah07": 0.0006459544,
  "gracefulwrites": 0.0004794382,
  "katiekate86": 0.0005841605,
  "celestyne15": 0.0007487319,
  "antonette": 0.0001385016,
  "superkristhel": 0.0008440688,
  "hopefulsoul": 0.0009915212,
  "ronimarie82": 0.0004652912,
  "dreamrona": 0.0005412584,
  "luthis26": 0.0009111687,
  "izyllah-aeon": 0.0002177543,
  "sethjournals": 0.0009994104,
  "yhanyx87": 0.000028089,
  "saijan19": 0.0007275427,
  "rizz26": 0.0007926276
}