{
  "gretelarmfeg": 0.0004986189,
  "anlizapasaje1234": 0.0005466135,
  "honeyjean24": 0.000073787,
  "jeanieviv84": 0.0009444982,
  "diosarich": 0.0008093538,
  "vinzie1": 0.000324005,
  "wanderelle": 0.000185667,
  "krissymayol": 0.0008754879,
  "desyah07": 0.0001285276,
  "gracefulwrites": 0.0003268934,
  "katiekate86": 0.0004369696,
  "celestyne15": 0.0003897917,
  "antonette": 0.0001378601,
  "superkristhel": 0.0008440688,
  "hopefulsoul": 0.0005659893,
  "ronimarie82": 0.0008082602,
  "dreamrona": 0.0000893013,
  "luthis26": 0.0000913985,
  "izyllah-aeon": 0.0001685393,
  "sethjournals": 0.0009994104,
  "yhanyx87": 0.0001021452,
  "saijan19": 0.0002235277,
  "rizz26": 0.0003814342,
  "lj1728": 0.0008856678,
  "lolitaanana001": 0.0007468998,
  "vvodjiu": 0.0001587936,
  "segundolhou29": 0.0004480828,
  "suteru": 0.0008260046,
  "heymariel": 0.0009370719,
  "jocabanero4": 0.0006433388,
  "sammify": 0.0009578726,
  "rabino7515": 0.0001765635,
  "arriane001": 0.0000815351,
  "daileen23": 0.0008771675,
  "blueoctopus": 0.0002193666,
  "crstypatata": 0.0001750809,
  "mayt": 0.0009586421,
  "joanna112890": 0.0001034482,
  "hmayak": 0.0003494016,
  "olang23": 0.0006504411,
  "rodavlas": 0.000682828,
  "levieshome": 0.000375772,
  "serram007": 0.0002007046
}