{
  "gretelarmfeg": 0.0009378153,
  "anlizapasaje1234": 0.0002199114,
  "honeyjean24": 0.0004865991,
  "jeanieviv84": 0.0005272457,
  "diosarich": 0.0008691179,
  "vinzie1": 0.0007713449,
  "wanderelle": 0.0008920611,
  "krissymayol": 0.0000922242,
  "desyah07": 0.0006702822,
  "gracefulwrites": 0.0002480958,
  "katiekate86": 0.0001474967,
  "celestyne15": 0.0002657836,
  "antonette": 0.0007336641,
  "superkristhel": 0.0008440688,
  "hopefulsoul": 0.0002045527,
  "ronimarie82": 0.0007670725,
  "dreamrona": 0.0003373048,
  "luthis26": 0.0005165555,
  "izyllah-aeon": 0.0003912889,
  "sethjournals": 0.0009994104,
  "yhanyx87": 0.000003528,
  "saijan19": 0.0000821324,
  "rizz26": 0.0006255474
}