{
  "gretelarmfeg": 0.0000890121,
  "anlizapasaje1234": 0.0005631801,
  "honeyjean24": 0.0005159665,
  "jeanieviv84": 0.0009866679,
  "diosarich": 0.0000807231,
  "vinzie1": 0.0007736387,
  "wanderelle": 0.0004830851,
  "krissymayol": 0.0009140863,
  "desyah07": 0.0007051845,
  "gracefulwrites": 0.0002728925,
  "katiekate86": 0.0002263174,
  "celestyne15": 0.000266853,
  "antonette": 0.0007058175,
  "superkristhel": 0.0008440688,
  "hopefulsoul": 0.0005755267,
  "ronimarie82": 0.0001054859,
  "dreamrona": 0.0006361869,
  "luthis26": 0.0004544416,
  "izyllah-aeon": 0.0005334778,
  "sethjournals": 0.0009994104,
  "yhanyx87": 0.0003590212,
  "saijan19": 0.0008771428,
  "rizz26": 0.0004349664
}