{
  "gretelarmfeg": 0.0005177518,
  "anlizapasaje1234": 0.0005466135,
  "honeyjean24": 0.0007330032,
  "jeanieviv84": 0.0006217346,
  "diosarich": 0.0004654219,
  "vinzie1": 0.0001876722,
  "wanderelle": 0.0009969322,
  "krissymayol": 0.0003006689,
  "desyah07": 0.0002611697,
  "gracefulwrites": 0.0006846633,
  "katiekate86": 0.0003714477,
  "celestyne15": 0.0009141938,
  "antonette": 0.0006606085,
  "superkristhel": 0.0008440688,
  "hopefulsoul": 0.0008610021,
  "ronimarie82": 0.0000587161,
  "dreamrona": 0.0008104466,
  "luthis26": 0.0002796789,
  "izyllah-aeon": 0.0008922869,
  "sethjournals": 0.0009994104,
  "yhanyx87": 0.0007391642,
  "saijan19": 0.0006321709,
  "rizz26": 0.0000324535,
  "lj1728": 0.000761043,
  "lolitaanana001": 0.0009552162,
  "vvodjiu": 0.0004874211,
  "segundolhou29": 0.0004480828,
  "suteru": 0.000769114,
  "heymariel": 0.0001824538,
  "jocabanero4": 0.0007450069,
  "sammify": 0.0000266454,
  "rabino7515": 0.0001564166,
  "arriane001": 0.0000775889,
  "daileen23": 0.0008154301
}