{
  "gretelarmfeg": 0.0006176933,
  "anlizapasaje1234": 0.0005466135,
  "honeyjean24": 0.0008256306,
  "jeanieviv84": 0.0002668001,
  "diosarich": 0.0005220621,
  "vinzie1": 0.0009445263,
  "wanderelle": 0.0007251174,
  "krissymayol": 0.0003936117,
  "desyah07": 0.0007858476,
  "gracefulwrites": 0.000314031,
  "katiekate86": 0.0004290813,
  "celestyne15": 0.0006331634,
  "antonette": 0.0002752238,
  "superkristhel": 0.0008440688,
  "hopefulsoul": 0.0007163499,
  "ronimarie82": 0.0005330361,
  "dreamrona": 0.0005903937,
  "luthis26": 0.0000913985,
  "izyllah-aeon": 0.0009742229,
  "sethjournals": 0.0009994104,
  "yhanyx87": 0.0005917235,
  "saijan19": 0.0004911275,
  "rizz26": 0.0005919626,
  "lj1728": 0.0003603054,
  "lolitaanana001": 0.0001573027,
  "vvodjiu": 0.0003708456,
  "segundolhou29": 0.0004480828,
  "suteru": 0.0008387588,
  "heymariel": 0.0006713808,
  "jocabanero4": 0.0006433388,
  "sammify": 0.0007464522,
  "rabino7515": 0.0006862141,
  "arriane001": 0.0009878515,
  "daileen23": 0.000161198,
  "blueoctopus": 0.0003475749,
  "crstypatata": 0.0007338625,
  "mayt": 0.0001473124,
  "joanna112890": 0.0001869344,
  "hmayak": 0.0002138041,
  "olang23": 0.0006504411,
  "rodavlas": 0.000682828,
  "levieshome": 0.000375772,
  "serram007": 0.0002007046,
  "jovan1978": 0.0006027768,
  "mdsahin111": 0.0005813671
}