{
  "gretelarmfeg": 0.0000301249,
  "anlizapasaje1234": 0.0003109375,
  "honeyjean24": 0.0004118239,
  "jeanieviv84": 0.0000786988,
  "diosarich": 0.0004094066,
  "vinzie1": 0.0003479447,
  "wanderelle": 0.0001121538,
  "krissymayol": 0.0006514058,
  "desyah07": 0.0002498946,
  "gracefulwrites": 0.0009307778,
  "katiekate86": 0.0000841366,
  "celestyne15": 0.0000315258,
  "antonette": 0.0005136154,
  "superkristhel": 0.0008440688,
  "hopefulsoul": 0.0006401912,
  "ronimarie82": 0.0002654847,
  "dreamrona": 0.0001282567,
  "luthis26": 0.0002461703,
  "izyllah-aeon": 0.0003708253,
  "sethjournals": 0.0009994104,
  "yhanyx87": 0.0009730699,
  "saijan19": 0.000191442,
  "rizz26": 0.000991851,
  "lj1728": 0.0008896684
}