{
  "gretelarmfeg": 0.0003325333,
  "anlizapasaje1234": 0.0005466135,
  "honeyjean24": 0.0008309819,
  "jeanieviv84": 0.0003604504,
  "diosarich": 0.0003477757,
  "vinzie1": 0.0006930883,
  "wanderelle": 0.0007818535,
  "krissymayol": 0.0004637119,
  "desyah07": 0.0001601554,
  "gracefulwrites": 0.0006006618,
  "katiekate86": 0.0008250735,
  "celestyne15": 0.0002287799,
  "antonette": 0.0007208999,
  "superkristhel": 0.0008440688,
  "hopefulsoul": 0.0000432856,
  "ronimarie82": 0.0002601794,
  "dreamrona": 0.0000740509,
  "luthis26": 0.0000913985,
  "izyllah-aeon": 0.000706348,
  "sethjournals": 0.0009994104,
  "yhanyx87": 0.0003651715,
  "saijan19": 0.0000216383,
  "rizz26": 0.0006626319,
  "lj1728": 0.0002745451,
  "lolitaanana001": 0.0004714374,
  "vvodjiu": 0.0008243259,
  "segundolhou29": 0.0004480828,
  "suteru": 0.0000971842,
  "heymariel": 0.0007802019,
  "jocabanero4": 0.0006433388,
  "sammify": 0.0007465721,
  "rabino7515": 0.0000296575,
  "arriane001": 0.0000081173,
  "daileen23": 0.000197337,
  "blueoctopus": 0.0005163526,
  "crstypatata": 0.000909424,
  "mayt": 0.000696748,
  "joanna112890": 0.0002721453,
  "hmayak": 0.000130089,
  "olang23": 0.0006504411,
  "rodavlas": 0.000682828,
  "levieshome": 0.000375772,
  "serram007": 0.0002007046
}