{
  "gretelarmfeg": 0.0007902592,
  "anlizapasaje1234": 0.0005466135,
  "honeyjean24": 0.0000033063,
  "jeanieviv84": 0.0005354294,
  "diosarich": 0.00070786,
  "vinzie1": 0.000799954,
  "wanderelle": 0.000125805,
  "krissymayol": 0.0006037454,
  "desyah07": 0.0009223911,
  "gracefulwrites": 0.0001735579,
  "katiekate86": 0.0009723009,
  "celestyne15": 0.0004480566,
  "antonette": 0.0007281688,
  "superkristhel": 0.0008440688,
  "hopefulsoul": 0.0006374912,
  "ronimarie82": 0.0002522267,
  "dreamrona": 0.0005011046,
  "luthis26": 0.0000913985,
  "izyllah-aeon": 0.0001648157,
  "sethjournals": 0.0009994104,
  "yhanyx87": 0.000882062,
  "saijan19": 0.0001940571,
  "rizz26": 0.0004257888,
  "lj1728": 0.0006166269,
  "lolitaanana001": 0.0001948305,
  "vvodjiu": 0.0001987614,
  "segundolhou29": 0.0004480828,
  "suteru": 0.0000199069,
  "heymariel": 0.0001055478,
  "jocabanero4": 0.00028578,
  "sammify": 0.000116167,
  "rabino7515": 0.0006101758,
  "arriane001": 0.0002992779,
  "daileen23": 0.0009585441,
  "blueoctopus": 0.0007144972,
  "crstypatata": 0.0007915015,
  "mayt": 0.0006751893,
  "joanna112890": 0.0003733059,
  "hmayak": 0.0009040464
}