{
  "gretelarmfeg": 0.0008814025,
  "anlizapasaje1234": 0.0002688011,
  "honeyjean24": 0.0001247456,
  "jeanieviv84": 0.0003374171,
  "diosarich": 0.0009934185,
  "vinzie1": 0.000463442,
  "wanderelle": 0.0009490472,
  "krissymayol": 0.00025581,
  "desyah07": 0.0001847394,
  "gracefulwrites": 0.0001333014,
  "katiekate86": 0.0004297444,
  "celestyne15": 0.0005154473,
  "antonette": 0.0009666535,
  "superkristhel": 0.0008440688,
  "hopefulsoul": 0.0005906397,
  "ronimarie82": 0.0007037646,
  "dreamrona": 0.0002593816,
  "luthis26": 0.0007337205,
  "izyllah-aeon": 0.0001051403,
  "sethjournals": 0.0009994104,
  "yhanyx87": 0.0002573939,
  "saijan19": 0.0001103938,
  "rizz26": 0.0004112929
}