{
  "gretelarmfeg": 0.0006155215,
  "anlizapasaje1234": 0.0005466135,
  "honeyjean24": 0.0001158166,
  "jeanieviv84": 0.0009930579,
  "diosarich": 0.0000997532,
  "vinzie1": 0.0003442706,
  "wanderelle": 0.0000536918,
  "krissymayol": 0.0005964225,
  "desyah07": 0.0003492576,
  "gracefulwrites": 0.0004933203,
  "katiekate86": 0.0002986468,
  "celestyne15": 0.0005792442,
  "antonette": 0.0007630287,
  "superkristhel": 0.0008440688,
  "hopefulsoul": 0.0000380458,
  "ronimarie82": 0.0001750538,
  "dreamrona": 0.0009726378,
  "luthis26": 0.0000913985,
  "izyllah-aeon": 0.0004308709,
  "sethjournals": 0.0009994104,
  "yhanyx87": 0.0000155446,
  "saijan19": 0.0006578597,
  "rizz26": 0.0006851003,
  "lj1728": 0.0008931751,
  "lolitaanana001": 0.0006186664,
  "vvodjiu": 0.0001098397,
  "segundolhou29": 0.0004480828,
  "suteru": 0.0003293071,
  "heymariel": 0.0002030343,
  "jocabanero4": 0.0005409164,
  "sammify": 0.0001091728,
  "rabino7515": 0.0006265873,
  "arriane001": 0.0003071972,
  "daileen23": 0.0009007481,
  "blueoctopus": 0.000427788,
  "crstypatata": 0.0005952304,
  "mayt": 0.0004483008,
  "joanna112890": 0.000274331,
  "hmayak": 0.0008254016
}