{
  "gretelarmfeg": 0.000034963,
  "anlizapasaje1234": 0.0000773255,
  "honeyjean24": 0.000142514,
  "jeanieviv84": 0.0007765065,
  "diosarich": 0.0003129752,
  "vinzie1": 0.0006064091,
  "wanderelle": 0.0004423197,
  "krissymayol": 0.0009338733,
  "desyah07": 0.0004780623,
  "gracefulwrites": 0.0003570087,
  "katiekate86": 0.0001857576,
  "celestyne15": 0.0007062045,
  "antonette": 0.0000097894,
  "superkristhel": 0.0004390752,
  "hopefulsoul": 0.0001493074,
  "ronimarie82": 0.000436525,
  "dreamrona": 0.0001486819,
  "luthis26": 0.0008690942,
  "izyllah-aeon": 0.0001347306,
  "sethjournals": 0.0009994104
}