{
  "gretelarmfeg": 0.0004230351,
  "anlizapasaje1234": 0.0005466135,
  "honeyjean24": 0.0009210959,
  "jeanieviv84": 0.0002051534,
  "diosarich": 0.000425824,
  "vinzie1": 0.0009220242,
  "wanderelle": 0.0002414079,
  "krissymayol": 0.0004112881,
  "desyah07": 0.0007037378,
  "gracefulwrites": 0.00001141,
  "katiekate86": 0.0003031383,
  "celestyne15": 0.0000880201,
  "antonette": 0.0003351438,
  "superkristhel": 0.0008440688,
  "hopefulsoul": 0.0005803928,
  "ronimarie82": 0.0006556108,
  "dreamrona": 0.000560275,
  "luthis26": 0.0000913985,
  "izyllah-aeon": 0.0007103245,
  "sethjournals": 0.0009994104,
  "yhanyx87": 0.0006812312,
  "saijan19": 0.0002525276,
  "rizz26": 0.0005510684,
  "lj1728": 0.0007212188,
  "lolitaanana001": 0.0004617825,
  "vvodjiu": 0.0003180238,
  "segundolhou29": 0.0004480828,
  "suteru": 0.0002979461,
  "heymariel": 0.0009057505,
  "jocabanero4": 0.0003548517,
  "sammify": 0.0005643638,
  "rabino7515": 0.0007958685,
  "arriane001": 0.0003934862,
  "daileen23": 0.0005915826,
  "blueoctopus": 0.0001326204,
  "crstypatata": 0.0002521658,
  "mayt": 0.0002814317,
  "joanna112890": 0.0005230216
}