{
  "gretelarmfeg": 0.0006179621,
  "anlizapasaje1234": 0.0000348689,
  "honeyjean24": 0.0009195232,
  "jeanieviv84": 0.0002840238,
  "diosarich": 0.00044495,
  "vinzie1": 0.0002269116,
  "wanderelle": 0.0002926471,
  "krissymayol": 0.0002407922,
  "desyah07": 0.0005453606,
  "gracefulwrites": 0.0006568015,
  "katiekate86": 0.0008498415,
  "celestyne15": 0.0002317709,
  "antonette": 0.0006212431,
  "superkristhel": 0.0002398016,
  "hopefulsoul": 0.0001883993,
  "ronimarie82": 0.0002353066,
  "dreamrona": 0.0001872968,
  "luthis26": 0.0004636406,
  "izyllah-aeon": 0.0001077747,
  "sethjournals": 0.0009994104,
  "yhanyx87": 0.000558307
}