{
  "gretelarmfeg": 0.0009793752,
  "anlizapasaje1234": 0.0005466135,
  "honeyjean24": 0.000117477,
  "jeanieviv84": 0.0005461515,
  "diosarich": 0.0004172332,
  "vinzie1": 0.0002149927,
  "wanderelle": 0.0008644607,
  "krissymayol": 0.0008177627,
  "desyah07": 0.0005667281,
  "gracefulwrites": 0.0006599478,
  "katiekate86": 0.0004932355,
  "celestyne15": 0.0005118663,
  "antonette": 0.0006006121,
  "superkristhel": 0.0008440688,
  "hopefulsoul": 0.0007757079,
  "ronimarie82": 0.0001579507,
  "dreamrona": 0.00066507,
  "luthis26": 0.0000913985,
  "izyllah-aeon": 0.0009449841,
  "sethjournals": 0.0009994104,
  "yhanyx87": 0.0004364962,
  "saijan19": 0.0005645241,
  "rizz26": 0.0004016787,
  "lj1728": 0.0006334038,
  "lolitaanana001": 0.0001125051,
  "vvodjiu": 0.0004470847,
  "segundolhou29": 0.0004480828,
  "suteru": 0.0005129163,
  "heymariel": 0.0004422513,
  "jocabanero4": 0.0009794011,
  "sammify": 0.0004181985,
  "rabino7515": 0.0006033833,
  "arriane001": 0.000798201,
  "daileen23": 0.0005022047,
  "blueoctopus": 0.0005405161,
  "crstypatata": 0.0006329998,
  "mayt": 0.0007646127
}