{
  "gretelarmfeg": 0.000919168,
  "anlizapasaje1234": 0.0005466135,
  "honeyjean24": 0.0009792095,
  "jeanieviv84": 9.512e-7,
  "diosarich": 0.0002101424,
  "vinzie1": 0.0007884533,
  "wanderelle": 0.0001811647,
  "krissymayol": 0.0005761759,
  "desyah07": 0.0002133478,
  "gracefulwrites": 0.000398251,
  "katiekate86": 0.0006252291,
  "celestyne15": 0.0005375336,
  "antonette": 0.0009955415,
  "superkristhel": 0.0008440688,
  "hopefulsoul": 0.0005004626,
  "ronimarie82": 0.0006743472,
  "dreamrona": 0.0003344675,
  "luthis26": 0.0006010624,
  "izyllah-aeon": 0.0002827567,
  "sethjournals": 0.0009994104,
  "yhanyx87": 0.0006499982,
  "saijan19": 0.0007240889,
  "rizz26": 0.0006608798,
  "lj1728": 0.0009396282,
  "lolitaanana001": 0.0003589432,
  "vvodjiu": 0.0001785373,
  "segundolhou29": 0.0004480828,
  "suteru": 0.0008176672,
  "heymariel": 0.0007583165,
  "jocabanero4": 0.0007450069,
  "sammify": 0.0003746616,
  "rabino7515": 0.000618063,
  "arriane001": 0.0003080087,
  "daileen23": 0.0000291934
}