{
  "gretelarmfeg": 0.0000290536,
  "anlizapasaje1234": 0.0005876486,
  "honeyjean24": 0.0000442654,
  "jeanieviv84": 0.0008080406,
  "diosarich": 0.0003345057,
  "vinzie1": 0.0006693804,
  "wanderelle": 0.0004423197,
  "krissymayol": 0.0008347035,
  "desyah07": 0.0000807099,
  "gracefulwrites": 0.0000589216,
  "katiekate86": 0.0001919314,
  "celestyne15": 0.0005066636,
  "antonette": 0.0000103329,
  "superkristhel": 0.000938812,
  "hopefulsoul": 0.0007489375,
  "ronimarie82": 0.0009360538,
  "dreamrona": 0.000748261,
  "luthis26": 0.000867829,
  "izyllah-aeon": 0.0009392147,
  "sethjournals": 0.0009994104
}