{
  "gretelarmfeg": 0.0007779953,
  "anlizapasaje1234": 0.0005466135,
  "honeyjean24": 0.0004210605,
  "jeanieviv84": 0.0005838095,
  "diosarich": 0.0000246641,
  "vinzie1": 0.0001227618,
  "wanderelle": 0.0001781864,
  "krissymayol": 0.000697245,
  "desyah07": 0.0005787003,
  "gracefulwrites": 0.0004155439,
  "katiekate86": 0.0001316061,
  "celestyne15": 0.0002630688,
  "antonette": 0.0008484391,
  "superkristhel": 0.0008440688,
  "hopefulsoul": 0.0001070049,
  "ronimarie82": 0.000033153,
  "dreamrona": 0.0005793751,
  "luthis26": 0.0000913985,
  "izyllah-aeon": 0.0003547297,
  "sethjournals": 0.0009994104,
  "yhanyx87": 0.0008516664,
  "saijan19": 0.0002201585,
  "rizz26": 0.0006294105,
  "lj1728": 0.0002787644,
  "lolitaanana001": 0.0002926884,
  "vvodjiu": 0.0005328643,
  "segundolhou29": 0.0004480828,
  "suteru": 0.0006021518,
  "heymariel": 0.0008991721,
  "jocabanero4": 0.0002765753,
  "sammify": 0.0005351604,
  "rabino7515": 0.0003523471,
  "arriane001": 0.0001701817,
  "daileen23": 0.0009609183,
  "blueoctopus": 0.0004595653,
  "crstypatata": 0.0001304528,
  "mayt": 0.0009947098,
  "joanna112890": 0.0008300197,
  "hmayak": 0.0002004869
}