{
  "gretelarmfeg": 0.0005470036,
  "anlizapasaje1234": 0.0005466135,
  "honeyjean24": 0.0005051954,
  "jeanieviv84": 0.000947681,
  "diosarich": 0.0004199254,
  "vinzie1": 0.0003530333,
  "wanderelle": 0.0005606273,
  "krissymayol": 0.0008875002,
  "desyah07": 0.0006262989,
  "gracefulwrites": 0.0004464123,
  "katiekate86": 0.0007357832,
  "celestyne15": 0.0003054461,
  "antonette": 0.0002752238,
  "superkristhel": 0.0008440688,
  "hopefulsoul": 0.0005148121,
  "ronimarie82": 0.0007592223,
  "dreamrona": 0.000435448,
  "luthis26": 0.0000913985,
  "izyllah-aeon": 0.0002084257,
  "sethjournals": 0.0009994104,
  "yhanyx87": 0.000069826,
  "saijan19": 0.0004096244,
  "rizz26": 0.0003144264,
  "lj1728": 0.0006923502,
  "lolitaanana001": 0.0002344981,
  "vvodjiu": 0.0009328587,
  "segundolhou29": 0.0004480828,
  "suteru": 0.0008512676,
  "heymariel": 0.00052136,
  "jocabanero4": 0.0006433388,
  "sammify": 0.0008743708,
  "rabino7515": 0.0009636795,
  "arriane001": 0.0006361851,
  "daileen23": 0.0002843386,
  "blueoctopus": 0.0006672724,
  "crstypatata": 0.0004967421,
  "mayt": 0.0009792569,
  "joanna112890": 0.0006180008,
  "hmayak": 0.0009012755,
  "olang23": 0.0006504411,
  "rodavlas": 0.000682828,
  "levieshome": 0.000375772,
  "serram007": 0.0002007046,
  "jovan1978": 0.0003066159,
  "mdsahin111": 0.0009528352
}