{
  "gretelarmfeg": 0.0004793612,
  "anlizapasaje1234": 0.0005466135,
  "honeyjean24": 0.0002062531,
  "jeanieviv84": 0.0001791422,
  "diosarich": 0.0007684999,
  "vinzie1": 0.0004831246,
  "wanderelle": 0.0004438471,
  "krissymayol": 0.0008269835,
  "desyah07": 0.0007680882,
  "gracefulwrites": 0.0008083974,
  "katiekate86": 0.0004103619,
  "celestyne15": 0.0000939799,
  "antonette": 0.0008896834,
  "superkristhel": 0.0008440688,
  "hopefulsoul": 0.0005720944,
  "ronimarie82": 0.0004155546,
  "dreamrona": 0.000042933,
  "luthis26": 0.0000913985,
  "izyllah-aeon": 0.0006939743,
  "sethjournals": 0.0009994104,
  "yhanyx87": 0.0002013515,
  "saijan19": 0.000353284,
  "rizz26": 0.0001490828,
  "lj1728": 0.0006289928,
  "lolitaanana001": 0.0007136636,
  "vvodjiu": 0.0003561712,
  "segundolhou29": 0.0004480828,
  "suteru": 0.0002583813,
  "heymariel": 0.0008007839,
  "jocabanero4": 0.0000514613,
  "sammify": 0.000788039,
  "rabino7515": 0.0004240443,
  "arriane001": 0.0007066315,
  "daileen23": 0.0001458431,
  "blueoctopus": 0.000485553,
  "crstypatata": 0.0007544589,
  "mayt": 0.0006829476,
  "joanna112890": 0.0005694948,
  "hmayak": 0.0003866992
}