{
  "gretelarmfeg": 0.0005733032,
  "anlizapasaje1234": 0.0005466135,
  "honeyjean24": 0.0005374552,
  "jeanieviv84": 0.0000285124,
  "diosarich": 0.0000363389,
  "vinzie1": 0.0006362904,
  "wanderelle": 0.0008435923,
  "krissymayol": 0.0001834858,
  "desyah07": 0.000750681,
  "gracefulwrites": 0.000539621,
  "katiekate86": 0.0004847939,
  "celestyne15": 0.0003800564,
  "antonette": 0.0002752238,
  "superkristhel": 0.0008440688,
  "hopefulsoul": 0.0009796099,
  "ronimarie82": 0.0000894167,
  "dreamrona": 0.0005273469,
  "luthis26": 0.0000913985,
  "izyllah-aeon": 0.0009516313,
  "sethjournals": 0.0009994104,
  "yhanyx87": 0.0009101603,
  "saijan19": 0.0005510786,
  "rizz26": 0.0004853784,
  "lj1728": 0.0007679663,
  "lolitaanana001": 0.0007713981,
  "vvodjiu": 0.0005473537,
  "segundolhou29": 0.0004480828,
  "suteru": 0.0007160016,
  "heymariel": 0.0005891976,
  "jocabanero4": 0.0006433388,
  "sammify": 0.0004903338,
  "rabino7515": 0.0000152238,
  "arriane001": 0.0005592518,
  "daileen23": 0.0003016714,
  "blueoctopus": 0.0006847785,
  "crstypatata": 0.0005537908,
  "mayt": 0.0000301526,
  "joanna112890": 0.0006125842,
  "hmayak": 0.0008951199,
  "olang23": 0.0006504411,
  "rodavlas": 0.000682828,
  "levieshome": 0.000375772,
  "serram007": 0.0002007046,
  "jovan1978": 0.000608708,
  "mdsahin111": 0.0005392161
}