{
  "gretelarmfeg": 0.0004777034,
  "anlizapasaje1234": 0.0005466135,
  "honeyjean24": 0.0001414804,
  "jeanieviv84": 0.0001920185,
  "diosarich": 0.0003620439,
  "vinzie1": 0.0002732514,
  "wanderelle": 0.0001538119,
  "krissymayol": 0.0007479626,
  "desyah07": 0.0004335205,
  "gracefulwrites": 0.0005562101,
  "katiekate86": 0.0001698571,
  "celestyne15": 0.000365217,
  "antonette": 0.0009480467,
  "superkristhel": 0.0008440688,
  "hopefulsoul": 0.0009406357,
  "ronimarie82": 0.0009530156,
  "dreamrona": 0.0009908884,
  "luthis26": 0.0000913985,
  "izyllah-aeon": 0.0004502768,
  "sethjournals": 0.0009994104,
  "yhanyx87": 0.0002324013,
  "saijan19": 0.000707808,
  "rizz26": 0.000700014,
  "lj1728": 0.0008228863,
  "lolitaanana001": 0.0009392488,
  "vvodjiu": 0.000044949,
  "segundolhou29": 0.0004480828,
  "suteru": 0.0001638528,
  "heymariel": 0.0009622607,
  "jocabanero4": 0.0004659088,
  "sammify": 0.0003890906,
  "rabino7515": 0.0003214693,
  "arriane001": 0.0001544109,
  "daileen23": 0.0006639936,
  "blueoctopus": 0.0002325461,
  "crstypatata": 0.0008031769,
  "mayt": 0.0006319482,
  "joanna112890": 0.0001003381,
  "hmayak": 0.0006993577,
  "olang23": 0.0002683012,
  "rodavlas": 0.000682828,
  "levieshome": 0.000375772,
  "serram007": 0.000443337
}