{
  "gretelarmfeg": 0.0006922105,
  "anlizapasaje1234": 0.0005466135,
  "honeyjean24": 0.0002379266,
  "jeanieviv84": 0.0008096597,
  "diosarich": 0.0008624744,
  "vinzie1": 0.0008189685,
  "wanderelle": 0.0004251003,
  "krissymayol": 0.0009040276,
  "desyah07": 0.0005028363,
  "gracefulwrites": 0.0006029061,
  "katiekate86": 0.0002827666,
  "celestyne15": 0.0009567487,
  "antonette": 0.0002752238,
  "superkristhel": 0.0008440688,
  "hopefulsoul": 0.0007067346,
  "ronimarie82": 0.0009552436,
  "dreamrona": 0.0001906869,
  "luthis26": 0.0000913985,
  "izyllah-aeon": 0.0000915879,
  "sethjournals": 0.0009994104,
  "yhanyx87": 0.0002392507,
  "saijan19": 0.0008415307,
  "rizz26": 0.0001588099,
  "lj1728": 0.0002574384,
  "lolitaanana001": 0.0007348564,
  "vvodjiu": 0.0001309853,
  "segundolhou29": 0.0004480828,
  "suteru": 0.0009737069,
  "heymariel": 0.0000935706,
  "jocabanero4": 0.0006433388,
  "sammify": 0.0001015881,
  "rabino7515": 0.0003456175,
  "arriane001": 0.0005177619,
  "daileen23": 0.0005547527,
  "blueoctopus": 0.00055173,
  "crstypatata": 0.0007229645,
  "mayt": 0.0001336243,
  "joanna112890": 0.0005887464,
  "hmayak": 0.0001853911,
  "olang23": 0.0006504411,
  "rodavlas": 0.000682828,
  "levieshome": 0.000375772,
  "serram007": 0.0002007046,
  "jovan1978": 0.000614451,
  "mdsahin111": 0.0002426054
}