{
  "gretelarmfeg": 0.0002375982,
  "anlizapasaje1234": 0.0000324276,
  "honeyjean24": 0.0005030512,
  "jeanieviv84": 0.0009737249,
  "diosarich": 0.0002032396,
  "vinzie1": 0.0005380557,
  "wanderelle": 0.0008812134,
  "krissymayol": 0.0002124773,
  "desyah07": 0.0009033434,
  "gracefulwrites": 0.0004256876,
  "katiekate86": 0.0007472371,
  "celestyne15": 0.0004154984,
  "antonette": 0.0005494775,
  "superkristhel": 0.0002068488,
  "hopefulsoul": 0.0005629097,
  "ronimarie82": 0.0002034934,
  "dreamrona": 0.0005620867,
  "luthis26": 0.0004017819,
  "izyllah-aeon": 0.0002784932,
  "sethjournals": 0.0009994104
}