{
  "gretelarmfeg": 0.0004456789,
  "anlizapasaje1234": 0.0006105875,
  "honeyjean24": 0.0005195618,
  "jeanieviv84": 0.0003627147,
  "diosarich": 0.0005838856,
  "vinzie1": 0.0007773273,
  "wanderelle": 0.0005120549,
  "krissymayol": 0.000512044,
  "desyah07": 0.0000426815,
  "gracefulwrites": 0.0005314165,
  "katiekate86": 0.0001030702,
  "celestyne15": 0.0004997096
}