{
  "gretelarmfeg": 0.0009009319,
  "anlizapasaje1234": 0.0005466135,
  "honeyjean24": 0.000375512,
  "jeanieviv84": 0.0004908301,
  "diosarich": 0.0007828368,
  "vinzie1": 0.0009085151,
  "wanderelle": 0.0007518127,
  "krissymayol": 0.0006042568,
  "desyah07": 0.0006349433,
  "gracefulwrites": 0.0004617122,
  "katiekate86": 0.0000874209,
  "celestyne15": 0.0004735373,
  "antonette": 0.0003214411,
  "superkristhel": 0.0008440688,
  "hopefulsoul": 0.0008258656,
  "ronimarie82": 0.0002190672,
  "dreamrona": 0.0002437479,
  "luthis26": 0.0000913985,
  "izyllah-aeon": 0.0007593731,
  "sethjournals": 0.0009994104,
  "yhanyx87": 0.0004351546,
  "saijan19": 0.0000084194,
  "rizz26": 0.0002975461,
  "lj1728": 0.0002824467,
  "lolitaanana001": 0.0001262273,
  "vvodjiu": 0.0007257053,
  "segundolhou29": 0.0004480828,
  "suteru": 0.0004184764,
  "heymariel": 0.0004563839,
  "jocabanero4": 0.0005673659,
  "sammify": 0.0004088062,
  "rabino7515": 0.0007437243,
  "arriane001": 0.0008688174,
  "daileen23": 0.0008917077,
  "blueoctopus": 0.0006503851,
  "crstypatata": 0.0002703082,
  "mayt": 0.0004495829
}