{
  "gretelarmfeg": 0.0007968767,
  "anlizapasaje1234": 0.0005466135,
  "honeyjean24": 0.0002184482,
  "jeanieviv84": 0.0001357827,
  "diosarich": 0.0001833221,
  "vinzie1": 0.0001521932,
  "wanderelle": 0.0003825819,
  "krissymayol": 0.0001832798,
  "desyah07": 0.0003828776,
  "gracefulwrites": 0.0002789519,
  "katiekate86": 0.0007984395,
  "celestyne15": 0.0005794634,
  "antonette": 0.000215708,
  "superkristhel": 0.0008440688,
  "hopefulsoul": 0.0003563901,
  "ronimarie82": 0.000278577,
  "dreamrona": 0.0000678067,
  "luthis26": 0.0009094522,
  "izyllah-aeon": 0.0007651741,
  "sethjournals": 0.0009994104,
  "yhanyx87": 0.0000053704,
  "saijan19": 0.0008260882,
  "rizz26": 0.0000960895,
  "lj1728": 0.0003896141,
  "lolitaanana001": 0.0005301587,
  "vvodjiu": 0.0000019215,
  "segundolhou29": 0.0000308607
}