{
  "gretelarmfeg": 0.000848471,
  "anlizapasaje1234": 0.0005466135,
  "honeyjean24": 0.0000600415,
  "jeanieviv84": 0.0004871965,
  "diosarich": 0.0004966092,
  "vinzie1": 0.000455866,
  "wanderelle": 0.0007418368,
  "krissymayol": 0.0008608352,
  "desyah07": 0.0009200361,
  "gracefulwrites": 0.0001679583,
  "katiekate86": 0.000271601,
  "celestyne15": 0.0004636702,
  "antonette": 0.0002752238,
  "superkristhel": 0.0008440688,
  "hopefulsoul": 0.0004219383,
  "ronimarie82": 0.0005357939,
  "dreamrona": 0.0007651807,
  "luthis26": 0.0000913985,
  "izyllah-aeon": 0.0009719892,
  "sethjournals": 0.0009994104,
  "yhanyx87": 0.0007237137,
  "saijan19": 0.0005006807,
  "rizz26": 0.0001441783,
  "lj1728": 0.0006427795,
  "lolitaanana001": 0.0008521855,
  "vvodjiu": 0.0008311735,
  "segundolhou29": 0.0004480828,
  "suteru": 0.0003128813,
  "heymariel": 0.0007877112,
  "jocabanero4": 0.0006433388,
  "sammify": 0.000145298,
  "rabino7515": 0.0004901535,
  "arriane001": 0.0002138114,
  "daileen23": 0.0002172494,
  "blueoctopus": 0.0004840786,
  "crstypatata": 0.0002847196,
  "mayt": 0.0008654677,
  "joanna112890": 0.0008092924,
  "hmayak": 0.0000694265,
  "olang23": 0.0006504411,
  "rodavlas": 0.000682828,
  "levieshome": 0.000375772,
  "serram007": 0.0002007046,
  "jovan1978": 0.0008330793
}