{
  "gretelarmfeg": 0.0004958725,
  "anlizapasaje1234": 0.0005466135,
  "honeyjean24": 0.000855392,
  "jeanieviv84": 0.0006581274,
  "diosarich": 0.0004157005,
  "vinzie1": 0.0008927,
  "wanderelle": 0.0003018333,
  "krissymayol": 0.0009074809,
  "desyah07": 0.0006427368,
  "gracefulwrites": 0.0009690331,
  "katiekate86": 0.0004575897,
  "celestyne15": 0.0005160658,
  "antonette": 0.0004639842,
  "superkristhel": 0.0008440688,
  "hopefulsoul": 0.000751458,
  "ronimarie82": 0.0003306029,
  "dreamrona": 0.0006270694,
  "luthis26": 0.0000913985,
  "izyllah-aeon": 0.000494499,
  "sethjournals": 0.0009994104,
  "yhanyx87": 0.000598526,
  "saijan19": 0.0007839657,
  "rizz26": 0.0000351337,
  "lj1728": 0.0002795914,
  "lolitaanana001": 0.0004189756,
  "vvodjiu": 0.0000890744,
  "segundolhou29": 0.0004480828,
  "suteru": 0.0008076959,
  "heymariel": 0.0006272849,
  "jocabanero4": 0.0007332317,
  "sammify": 0.0008706557,
  "rabino7515": 0.000223453,
  "arriane001": 0.0006097726,
  "daileen23": 0.0008372068,
  "blueoctopus": 0.0009114759,
  "crstypatata": 0.0001024203,
  "mayt": 0.0003983216
}