{
  "gretelarmfeg": 0.0008955348,
  "anlizapasaje1234": 0.0005466135,
  "honeyjean24": 0.0006287206,
  "jeanieviv84": 0.0006817283,
  "diosarich": 0.0001934278,
  "vinzie1": 0.0002949828,
  "wanderelle": 0.0000806102,
  "krissymayol": 0.0009854157,
  "desyah07": 0.0002713656,
  "gracefulwrites": 0.0009327363,
  "katiekate86": 0.0009183272,
  "celestyne15": 0.0007331263,
  "antonette": 0.0003877572,
  "superkristhel": 0.0008440688,
  "hopefulsoul": 0.0006637792,
  "ronimarie82": 0.0005944477,
  "dreamrona": 0.0004616108,
  "luthis26": 0.0000913985,
  "izyllah-aeon": 0.0006402943,
  "sethjournals": 0.0009994104,
  "yhanyx87": 0.0009993115,
  "saijan19": 0.0006705325,
  "rizz26": 0.0007866913,
  "lj1728": 0.0008110165,
  "lolitaanana001": 0.0008815559,
  "vvodjiu": 0.0001420045,
  "segundolhou29": 0.0004480828,
  "suteru": 0.0004215677,
  "heymariel": 0.000168581,
  "jocabanero4": 0.0006433388,
  "sammify": 0.0006615562,
  "rabino7515": 0.0001390523,
  "arriane001": 0.000976207,
  "daileen23": 0.0002302114,
  "blueoctopus": 0.0001770126,
  "crstypatata": 0.0003398876,
  "mayt": 0.000021855,
  "joanna112890": 0.0005474436,
  "hmayak": 0.0002700521,
  "olang23": 0.0006504411,
  "rodavlas": 0.000682828,
  "levieshome": 0.000375772,
  "serram007": 0.0002007046
}