{
  "gretelarmfeg": 0.0001729986,
  "anlizapasaje1234": 0.0005466135,
  "honeyjean24": 0.0007164461,
  "jeanieviv84": 0.0000498443,
  "diosarich": 0.000328536,
  "vinzie1": 0.0001651626,
  "wanderelle": 0.0006333386,
  "krissymayol": 0.000987709,
  "desyah07": 0.0008191495,
  "gracefulwrites": 0.0003468654,
  "katiekate86": 0.000828782,
  "celestyne15": 0.0008364643,
  "antonette": 0.0000316803,
  "superkristhel": 0.0008440688,
  "hopefulsoul": 0.000593042,
  "ronimarie82": 0.0004080223,
  "dreamrona": 0.0005724469,
  "luthis26": 0.0000913985,
  "izyllah-aeon": 0.0002852071,
  "sethjournals": 0.0009994104,
  "yhanyx87": 0.0009262915,
  "saijan19": 0.0009480922,
  "rizz26": 0.0007143902,
  "lj1728": 0.0005878273,
  "lolitaanana001": 0.0005709317,
  "vvodjiu": 0.0002000301,
  "segundolhou29": 0.0004480828,
  "suteru": 0.0008201782,
  "heymariel": 0.0005582311,
  "jocabanero4": 0.0009836295,
  "sammify": 0.0007994072,
  "rabino7515": 0.0002174877,
  "arriane001": 0.0006034804,
  "daileen23": 0.0008519415,
  "blueoctopus": 0.0008157671,
  "crstypatata": 0.00044306,
  "mayt": 0.0003851424,
  "joanna112890": 0.0009536571,
  "hmayak": 0.0009817623
}