{
  "gretelarmfeg": 0.0005917685,
  "anlizapasaje1234": 0.0005466135,
  "honeyjean24": 0.0007074579,
  "jeanieviv84": 0.0007032567,
  "diosarich": 0.0006006846,
  "vinzie1": 0.0008675809,
  "wanderelle": 0.0008697765,
  "krissymayol": 0.0007884168,
  "desyah07": 0.0009390494,
  "gracefulwrites": 0.0004393961,
  "katiekate86": 0.0002922596,
  "celestyne15": 0.0006925428,
  "antonette": 0.0005486992,
  "superkristhel": 0.0008440688,
  "hopefulsoul": 0.0003797018,
  "ronimarie82": 0.0004168328,
  "dreamrona": 0.0008390274,
  "luthis26": 0.0000913985,
  "izyllah-aeon": 0.000049248,
  "sethjournals": 0.0009994104,
  "yhanyx87": 0.0008753259,
  "saijan19": 0.0005672573,
  "rizz26": 0.0002134672,
  "lj1728": 0.0004380063,
  "lolitaanana001": 0.0008053874,
  "vvodjiu": 0.0005120827,
  "segundolhou29": 0.0004480828,
  "suteru": 0.0000447769,
  "heymariel": 0.0006409572,
  "jocabanero4": 0.0007010015,
  "sammify": 0.0007922497,
  "rabino7515": 0.0008454631,
  "arriane001": 0.0004193941,
  "daileen23": 0.0004836404,
  "blueoctopus": 0.000697339,
  "crstypatata": 0.0002397205,
  "mayt": 0.0003877133
}