{
  "gretelarmfeg": 0.0005742059,
  "anlizapasaje1234": 0.0005466135,
  "honeyjean24": 0.0001337049,
  "jeanieviv84": 0.0002655347,
  "diosarich": 0.0007339755,
  "vinzie1": 0.0007566656,
  "wanderelle": 0.0008509044,
  "krissymayol": 0.0008619729,
  "desyah07": 0.0006109778,
  "gracefulwrites": 0.0006927895,
  "katiekate86": 0.0004715329,
  "celestyne15": 0.000208406,
  "antonette": 0.000682432,
  "superkristhel": 0.0008440688,
  "hopefulsoul": 0.0004268112,
  "ronimarie82": 0.0007194573,
  "dreamrona": 0.000694485,
  "luthis26": 0.0000913985,
  "izyllah-aeon": 0.000100204,
  "sethjournals": 0.0009994104,
  "yhanyx87": 0.0000377889,
  "saijan19": 0.0005576206,
  "rizz26": 0.0003806231,
  "lj1728": 0.0002854237,
  "lolitaanana001": 0.0007579497,
  "vvodjiu": 0.0006604377,
  "segundolhou29": 0.0004480828,
  "suteru": 0.0009132379,
  "heymariel": 0.0001087434,
  "jocabanero4": 0.0001029102,
  "sammify": 0.0004606091,
  "rabino7515": 0.0001975895,
  "arriane001": 0.0000950488,
  "daileen23": 0.0001984188,
  "blueoctopus": 0.000603184,
  "crstypatata": 0.0006171541,
  "mayt": 0.0007214685
}