{
  "gretelarmfeg": 0.0007433474,
  "anlizapasaje1234": 0.0005466135,
  "honeyjean24": 0.0004722136,
  "jeanieviv84": 0.0001858652,
  "diosarich": 0.000747955,
  "vinzie1": 0.0001063447,
  "wanderelle": 0.0001991012,
  "krissymayol": 0.0005652364,
  "desyah07": 0.0001956925,
  "gracefulwrites": 0.0008851822,
  "katiekate86": 0.0001915061,
  "celestyne15": 0.0001948061,
  "antonette": 0.0009658017,
  "superkristhel": 0.0008440688,
  "hopefulsoul": 0.0001960719,
  "ronimarie82": 0.0004102796,
  "dreamrona": 0.0006374929,
  "luthis26": 0.0005756092,
  "izyllah-aeon": 0.0007154581,
  "sethjournals": 0.0009994104,
  "yhanyx87": 0.0003509144,
  "saijan19": 0.0002331199,
  "rizz26": 0.0001747531,
  "lj1728": 0.0001301912,
  "lolitaanana001": 0.0000856935,
  "vvodjiu": 0.0005995395,
  "segundolhou29": 0.0004480828,
  "suteru": 0.000728165,
  "heymariel": 0.0004306091,
  "jocabanero4": 0.0007450069,
  "sammify": 0.0003554456,
  "rabino7515": 0.0003264896,
  "arriane001": 0.0001623496,
  "daileen23": 0.0008888039
}