{
  "gretelarmfeg": 0.0003948071,
  "anlizapasaje1234": 0.0005466135,
  "honeyjean24": 0.0005964116,
  "jeanieviv84": 0.0009514858,
  "diosarich": 0.000659209,
  "vinzie1": 0.0007236353,
  "wanderelle": 0.0003768275,
  "krissymayol": 0.0007496497,
  "desyah07": 0.0003324114,
  "gracefulwrites": 0.0009817015,
  "katiekate86": 0.0006026845,
  "celestyne15": 0.0001134425,
  "antonette": 0.0008056344,
  "superkristhel": 0.0008440688,
  "hopefulsoul": 0.0001024535,
  "ronimarie82": 0.0003896872,
  "dreamrona": 0.0001864594,
  "luthis26": 0.0000913985,
  "izyllah-aeon": 0.0008466651,
  "sethjournals": 0.0009994104,
  "yhanyx87": 0.0009513991,
  "saijan19": 0.0003197966,
  "rizz26": 0.0003320103,
  "lj1728": 0.0000614168,
  "lolitaanana001": 0.0008860785,
  "vvodjiu": 0.0006124075,
  "segundolhou29": 0.0004480828,
  "suteru": 0.0008075327,
  "heymariel": 0.0008256115,
  "jocabanero4": 0.0002507319,
  "sammify": 0.0009236773,
  "rabino7515": 0.0004617785,
  "arriane001": 0.0007255442,
  "daileen23": 0.0003792519,
  "blueoctopus": 0.0006925822,
  "crstypatata": 0.0008663974,
  "mayt": 0.0007997602,
  "joanna112890": 0.0001973549,
  "hmayak": 0.0008072883
}