{
  "gretelarmfeg": 0.0009382505,
  "anlizapasaje1234": 0.0005466135,
  "honeyjean24": 0.000628287,
  "jeanieviv84": 0.0009474676,
  "diosarich": 0.0009075529,
  "vinzie1": 0.0006538463,
  "wanderelle": 0.00072318,
  "krissymayol": 0.0004298839,
  "desyah07": 0.0006981714,
  "gracefulwrites": 0.0002600048,
  "katiekate86": 0.0003967654,
  "celestyne15": 0.0007077265,
  "antonette": 0.0000521815,
  "superkristhel": 0.0008440688,
  "hopefulsoul": 0.0002867196,
  "ronimarie82": 0.0007311001,
  "dreamrona": 0.0005348246,
  "luthis26": 0.0000913985,
  "izyllah-aeon": 0.0009653742,
  "sethjournals": 0.0009994104,
  "yhanyx87": 0.0006430963,
  "saijan19": 0.0004944197,
  "rizz26": 0.0002318177,
  "lj1728": 0.000089042,
  "lolitaanana001": 0.0006894309,
  "vvodjiu": 0.0005761881,
  "segundolhou29": 0.0004480828,
  "suteru": 0.0009635189,
  "heymariel": 0.0007663808,
  "jocabanero4": 0.0006156699,
  "sammify": 0.0009350816,
  "rabino7515": 0.0002360927,
  "arriane001": 0.0006156458,
  "daileen23": 0.0005392854,
  "blueoctopus": 0.0004124516,
  "crstypatata": 0.0007703723,
  "mayt": 0.0000185184
}