{
  "gretelarmfeg": 0.0006832012,
  "anlizapasaje1234": 0.0005466135,
  "honeyjean24": 0.0009777814,
  "jeanieviv84": 0.0001309078,
  "diosarich": 0.0008556368,
  "vinzie1": 0.0007425153,
  "wanderelle": 0.0002046541,
  "krissymayol": 0.0008869371,
  "desyah07": 0.0003895189,
  "gracefulwrites": 0.000766702,
  "katiekate86": 0.0004801471,
  "celestyne15": 0.0003021145,
  "antonette": 0.0002752238,
  "superkristhel": 0.0008440688,
  "hopefulsoul": 0.000450337,
  "ronimarie82": 0.0006525276,
  "dreamrona": 0.0003249782,
  "luthis26": 0.0000913985,
  "izyllah-aeon": 0.0008231637,
  "sethjournals": 0.0009994104,
  "yhanyx87": 0.0005996202,
  "saijan19": 0.0002308659,
  "rizz26": 0.0007169025,
  "lj1728": 0.0005907494,
  "lolitaanana001": 0.0002107018,
  "vvodjiu": 0.0008116864,
  "segundolhou29": 0.0004480828,
  "suteru": 0.0000252426,
  "heymariel": 0.0003331596,
  "jocabanero4": 0.0006433388,
  "sammify": 0.0005757351,
  "rabino7515": 0.0003307384,
  "arriane001": 0.0004963189,
  "daileen23": 0.0005335168,
  "blueoctopus": 0.000905749,
  "crstypatata": 0.0009741552,
  "mayt": 0.0007698135,
  "joanna112890": 0.00035818,
  "hmayak": 0.0003252732,
  "olang23": 0.0006504411,
  "rodavlas": 0.000682828,
  "levieshome": 0.000375772,
  "serram007": 0.0002007046,
  "jovan1978": 0.0005126297,
  "mdsahin111": 0.0005031039
}