{
  "gretelarmfeg": 0.0003218093,
  "anlizapasaje1234": 0.0005466135,
  "honeyjean24": 0.0003681047,
  "jeanieviv84": 0.000188136,
  "diosarich": 0.0003706603,
  "vinzie1": 0.0007674354,
  "wanderelle": 0.0001351486,
  "krissymayol": 0.0001802692,
  "desyah07": 0.0008940781,
  "gracefulwrites": 0.0006608909,
  "katiekate86": 0.0002869861,
  "celestyne15": 0.0008115233,
  "antonette": 0.000371833,
  "superkristhel": 0.0008440688,
  "hopefulsoul": 0.0006285245,
  "ronimarie82": 0.0006381038,
  "dreamrona": 0.0004795088,
  "luthis26": 0.0000292936,
  "izyllah-aeon": 0.0006133205,
  "sethjournals": 0.0009994104,
  "yhanyx87": 0.00032423,
  "saijan19": 0.0002018407,
  "rizz26": 0.0002499759,
  "lj1728": 0.0000289273,
  "lolitaanana001": 0.000785065,
  "vvodjiu": 0.000990678,
  "segundolhou29": 0.0007203904,
  "suteru": 0.0008246425,
  "heymariel": 0.0002143037
}