{
  "gretelarmfeg": 0.0006375553,
  "anlizapasaje1234": 0.0005466135,
  "honeyjean24": 0.0006769092,
  "jeanieviv84": 0.0009185151,
  "diosarich": 0.0008445094,
  "vinzie1": 0.0008972352,
  "wanderelle": 0.0004034738,
  "krissymayol": 0.0000464196,
  "desyah07": 0.0009154649,
  "gracefulwrites": 0.0004233561,
  "katiekate86": 0.0000585313,
  "celestyne15": 0.000375327,
  "antonette": 0.0006272065,
  "superkristhel": 0.0008440688,
  "hopefulsoul": 0.000935933,
  "ronimarie82": 0.0002130706,
  "dreamrona": 0.00048528,
  "luthis26": 0.0000913985,
  "izyllah-aeon": 0.0001854163,
  "sethjournals": 0.0009994104,
  "yhanyx87": 0.0007348158,
  "saijan19": 0.000834705,
  "rizz26": 0.0004546567,
  "lj1728": 0.0005748298,
  "lolitaanana001": 0.00055282,
  "vvodjiu": 0.0002114719,
  "segundolhou29": 0.0004480828,
  "suteru": 0.0000047384,
  "heymariel": 0.0004671453,
  "jocabanero4": 0.0002699104,
  "sammify": 0.0002287756,
  "rabino7515": 0.0000166405,
  "arriane001": 0.0000062014,
  "daileen23": 0.000074179,
  "blueoctopus": 0.0008813837,
  "crstypatata": 0.0005569116,
  "mayt": 0.0008351872
}