{
  "gretelarmfeg": 0.0000528699,
  "anlizapasaje1234": 0.000546371,
  "honeyjean24": 0.0004372626,
  "jeanieviv84": 0.0006819639,
  "diosarich": 0.0002483837,
  "vinzie1": 0.0004176443,
  "wanderelle": 0.0004423197,
  "krissymayol": 0.0002313856,
  "desyah07": 0.0006701314,
  "gracefulwrites": 0.0002512791,
  "katiekate86": 0.000167266,
  "celestyne15": 0.0003048331,
  "antonette": 0.0000081886,
  "superkristhel": 0.0009398796,
  "hopefulsoul": 0.0003504289,
  "ronimarie82": 0.0009379536,
  "dreamrona": 0.0003499565,
  "luthis26": 0.0008729195,
  "izyllah-aeon": 0.0007212842,
  "sethjournals": 0.0009994104
}