{
  "gretelarmfeg": 0.0004002761,
  "anlizapasaje1234": 0.0005466135,
  "honeyjean24": 0.0007948947,
  "jeanieviv84": 0.0009111012,
  "diosarich": 0.0007429355,
  "vinzie1": 0.0003446865,
  "wanderelle": 0.0009872467,
  "krissymayol": 0.0004830726,
  "desyah07": 0.0000823472,
  "gracefulwrites": 0.000543418,
  "katiekate86": 0.0003649216,
  "celestyne15": 0.0002869192,
  "antonette": 0.0006191407,
  "superkristhel": 0.0008440688,
  "hopefulsoul": 0.0004741804,
  "ronimarie82": 0.0009149195,
  "dreamrona": 0.0005535399,
  "luthis26": 0.0000913985,
  "izyllah-aeon": 0.0009111861,
  "sethjournals": 0.0009994104,
  "yhanyx87": 0.0007836517,
  "saijan19": 0.0001247391,
  "rizz26": 0.0007789613,
  "lj1728": 0.0006806973,
  "lolitaanana001": 0.0006410745,
  "vvodjiu": 0.0009901017,
  "segundolhou29": 0.0004480828,
  "suteru": 0.0009243411,
  "heymariel": 0.0009351071,
  "jocabanero4": 0.000685454,
  "sammify": 0.0000831895,
  "rabino7515": 0.0004173542,
  "arriane001": 0.000202788,
  "daileen23": 0.0002241781,
  "blueoctopus": 0.0008459419,
  "crstypatata": 0.000342616,
  "mayt": 0.0002178518,
  "joanna112890": 0.0004867779,
  "hmayak": 0.0006428659
}