{
  "gretelarmfeg": 0.0001314988,
  "anlizapasaje1234": 0.0005466135,
  "honeyjean24": 0.0004793056,
  "jeanieviv84": 0.0000155812,
  "diosarich": 0.0009459592,
  "vinzie1": 0.0002461764,
  "wanderelle": 0.0005624146,
  "krissymayol": 0.0008324912,
  "desyah07": 0.000258419,
  "gracefulwrites": 0.0009328016,
  "katiekate86": 0.0009200904,
  "celestyne15": 0.0008698099,
  "antonette": 0.0001705158,
  "superkristhel": 0.0008440688,
  "hopefulsoul": 0.0004237101,
  "ronimarie82": 0.0006505984,
  "dreamrona": 0.0002528243,
  "luthis26": 0.0007945829,
  "izyllah-aeon": 0.0004382791,
  "sethjournals": 0.0009994104,
  "yhanyx87": 0.0003964725,
  "saijan19": 0.0004149852,
  "rizz26": 0.0003119975,
  "lj1728": 0.0005112513,
  "lolitaanana001": 0.0009918207,
  "vvodjiu": 0.0004224468,
  "segundolhou29": 0.0004480828,
  "suteru": 0.0007732297,
  "heymariel": 0.0001555783,
  "jocabanero4": 0.0007450069,
  "sammify": 0.0006788367,
  "rabino7515": 0.0001716616,
  "arriane001": 0.0000853602,
  "daileen23": 0.000829344
}