{
  "gretelarmfeg": 0.0005694882,
  "anlizapasaje1234": 0.0005690401,
  "honeyjean24": 0.0005148961,
  "jeanieviv84": 0.0000686778,
  "diosarich": 0.0008389865,
  "vinzie1": 0.0002375708,
  "wanderelle": 0.0002524875,
  "krissymayol": 0.000427204,
  "desyah07": 0.0007925718,
  "gracefulwrites": 0.0003399651,
  "katiekate86": 0.0004541507,
  "celestyne15": 0.0003287343,
  "antonette": 0.0000520766,
  "superkristhel": 0.0008440688,
  "hopefulsoul": 0.0004228925,
  "ronimarie82": 0.0009278304,
  "dreamrona": 0.0007299354,
  "luthis26": 0.0008387453,
  "izyllah-aeon": 0.0006766534,
  "sethjournals": 0.0009994104,
  "yhanyx87": 0.0004525822,
  "saijan19": 0.0002624008,
  "rizz26": 0.000741159
}