{
  "gretelarmfeg": 0.0001492187,
  "anlizapasaje1234": 0.0005466135,
  "honeyjean24": 0.0007220361,
  "jeanieviv84": 0.0007069348,
  "diosarich": 0.0006176704,
  "vinzie1": 0.0000628609,
  "wanderelle": 0.0005277209,
  "krissymayol": 0.0006066285,
  "desyah07": 0.0009400376,
  "gracefulwrites": 0.0004391788,
  "katiekate86": 0.000386638,
  "celestyne15": 0.0006984017,
  "antonette": 0.0004712552,
  "superkristhel": 0.0008440688,
  "hopefulsoul": 0.000833279,
  "ronimarie82": 0.0007436114,
  "dreamrona": 0.0004585112,
  "luthis26": 0.0000913985,
  "izyllah-aeon": 0.0007546791,
  "sethjournals": 0.0009994104,
  "yhanyx87": 0.0008362903,
  "saijan19": 0.0003958816,
  "rizz26": 0.0000637169,
  "lj1728": 0.0002415096,
  "lolitaanana001": 0.0008599459,
  "vvodjiu": 0.000794106,
  "segundolhou29": 0.0004480828,
  "suteru": 0.0009158173,
  "heymariel": 0.0005634521,
  "jocabanero4": 0.0001357874,
  "sammify": 0.0003002344,
  "rabino7515": 0.0005674082,
  "arriane001": 0.0002796582,
  "daileen23": 0.0005494845,
  "blueoctopus": 0.0007135245,
  "crstypatata": 0.0001169182,
  "mayt": 0.0001891745,
  "joanna112890": 0.0002298878
}