{
  "gretelarmfeg": 0.0008113049,
  "anlizapasaje1234": 0.0005466135,
  "honeyjean24": 0.0007506206,
  "jeanieviv84": 0.0002286608,
  "diosarich": 0.0004964447,
  "vinzie1": 0.0005005719,
  "wanderelle": 0.0006959958,
  "krissymayol": 0.0008135283,
  "desyah07": 0.0000405603,
  "gracefulwrites": 0.0005143398,
  "katiekate86": 0.0002529118,
  "celestyne15": 0.0005841664,
  "antonette": 0.0007033023,
  "superkristhel": 0.0008440688,
  "hopefulsoul": 0.0009369383,
  "ronimarie82": 0.0007164272,
  "dreamrona": 0.0006729225,
  "luthis26": 0.0000913985,
  "izyllah-aeon": 0.0003553444,
  "sethjournals": 0.0009994104,
  "yhanyx87": 0.0002619822,
  "saijan19": 0.0004799353,
  "rizz26": 0.00010284,
  "lj1728": 0.0006062089,
  "lolitaanana001": 0.0001315792,
  "vvodjiu": 0.0000428356,
  "segundolhou29": 0.0004480828,
  "suteru": 0.0006077827,
  "heymariel": 0.0004291259,
  "jocabanero4": 0.0008216533,
  "sammify": 0.0000267853,
  "rabino7515": 0.0003847491,
  "arriane001": 0.000188158,
  "daileen23": 0.0003995636,
  "blueoctopus": 0.0007728309,
  "crstypatata": 0.0006150252,
  "mayt": 0.0006690288,
  "joanna112890": 0.0001531552
}