{
  "gretelarmfeg": 0.0003714363,
  "anlizapasaje1234": 0.0005466135,
  "honeyjean24": 0.0006657313,
  "jeanieviv84": 0.0008658562,
  "diosarich": 0.0003270851,
  "vinzie1": 0.0005950715,
  "wanderelle": 0.0005010443,
  "krissymayol": 0.0007466875,
  "desyah07": 0.0000128611,
  "gracefulwrites": 0.0004987793,
  "katiekate86": 0.0008626522,
  "celestyne15": 0.0009646117,
  "antonette": 0.0000688043,
  "superkristhel": 0.0008440688,
  "hopefulsoul": 0.0002437841,
  "ronimarie82": 0.0007354107,
  "dreamrona": 0.0003561333,
  "luthis26": 0.0006964984,
  "izyllah-aeon": 0.0002662966,
  "sethjournals": 0.0009994104,
  "yhanyx87": 0.0000665311,
  "saijan19": 0.0003843531,
  "rizz26": 0.0009007721,
  "lj1728": 0.0006611292,
  "lolitaanana001": 0.0001454108,
  "vvodjiu": 0.0007027881,
  "segundolhou29": 0.0004480828,
  "suteru": 0.0003166069,
  "heymariel": 0.0002630894,
  "jocabanero4": 0.0007450069,
  "sammify": 0.000990482,
  "rabino7515": 0.0003097472,
  "arriane001": 0.000654511,
  "daileen23": 0.0004029536
}