{
  "gretelarmfeg": 0.0001466637,
  "anlizapasaje1234": 0.0005466135,
  "honeyjean24": 0.0002758242,
  "jeanieviv84": 0.0001681962,
  "diosarich": 0.000171654,
  "vinzie1": 0.0008345184,
  "wanderelle": 0.0007199374,
  "krissymayol": 0.0008979808,
  "desyah07": 0.0007620478,
  "gracefulwrites": 0.000799114,
  "katiekate86": 0.0001428038,
  "celestyne15": 0.0001494719,
  "antonette": 0.0002752238,
  "superkristhel": 0.0008440688,
  "hopefulsoul": 0.0008500375,
  "ronimarie82": 0.0000755307,
  "dreamrona": 0.0002120718,
  "luthis26": 0.0000913985,
  "izyllah-aeon": 0.0009676716,
  "sethjournals": 0.0009994104,
  "yhanyx87": 0.000603909,
  "saijan19": 0.0004896027,
  "rizz26": 0.000475343,
  "lj1728": 0.0006204884,
  "lolitaanana001": 0.0005764546,
  "vvodjiu": 0.0007919766,
  "segundolhou29": 0.0004480828,
  "suteru": 0.0004614596,
  "heymariel": 0.0004428002,
  "jocabanero4": 0.0006433388,
  "sammify": 0.0005427728,
  "rabino7515": 0.0000713567,
  "arriane001": 0.0002124016,
  "daileen23": 0.0005043268,
  "blueoctopus": 0.0006482418,
  "crstypatata": 0.000238347,
  "mayt": 0.0007911927,
  "joanna112890": 0.0003889681,
  "hmayak": 0.000111005,
  "olang23": 0.0006504411,
  "rodavlas": 0.000682828,
  "levieshome": 0.000375772,
  "serram007": 0.0002007046,
  "jovan1978": 0.0005504531
}