{
  "gretelarmfeg": 0.0007747914,
  "anlizapasaje1234": 0.0005466135,
  "honeyjean24": 0.0008443061,
  "jeanieviv84": 0.000786621,
  "diosarich": 0.0008331925,
  "vinzie1": 0.0007724197,
  "wanderelle": 0.0001360093,
  "krissymayol": 0.0007741364,
  "desyah07": 0.0009444574,
  "gracefulwrites": 0.0002011087,
  "katiekate86": 0.000913001,
  "celestyne15": 0.0008717904,
  "antonette": 0.0007007203,
  "superkristhel": 0.0008440688,
  "hopefulsoul": 0.0003423443,
  "ronimarie82": 0.0005855327,
  "dreamrona": 0.0000269789,
  "luthis26": 0.0004185975,
  "izyllah-aeon": 0.0008354119,
  "sethjournals": 0.0009994104,
  "yhanyx87": 0.0005418709,
  "saijan19": 0.0002031549,
  "rizz26": 0.000169929,
  "lj1728": 0.0001144126,
  "lolitaanana001": 0.0003279268,
  "vvodjiu": 0.0002030987
}