{
  "gretelarmfeg": 0.0007601421,
  "anlizapasaje1234": 0.0005466135,
  "honeyjean24": 0.0002645187,
  "jeanieviv84": 0.0003478634,
  "diosarich": 0.0009135093,
  "vinzie1": 0.0001838333,
  "wanderelle": 0.0000502603,
  "krissymayol": 0.0007541171,
  "desyah07": 0.0008864341,
  "gracefulwrites": 0.0008952393,
  "katiekate86": 0.0000422025,
  "celestyne15": 0.0002500015,
  "antonette": 0.0000256276,
  "superkristhel": 0.0008440688,
  "hopefulsoul": 0.0000302011,
  "ronimarie82": 0.0005035473,
  "dreamrona": 0.000642808,
  "luthis26": 0.0000913985,
  "izyllah-aeon": 0.0003733056,
  "sethjournals": 0.0009994104,
  "yhanyx87": 0.0001639635,
  "saijan19": 0.0001557939,
  "rizz26": 0.0009366843,
  "lj1728": 0.0005740272,
  "lolitaanana001": 0.0005380232,
  "vvodjiu": 0.0004277733,
  "segundolhou29": 0.0004480828,
  "suteru": 0.0009776257,
  "heymariel": 0.0007899809,
  "jocabanero4": 0.0006433388,
  "sammify": 0.0008558017,
  "rabino7515": 0.0000119087,
  "arriane001": 0.0004991457,
  "daileen23": 0.0003637208,
  "blueoctopus": 0.0009169272,
  "crstypatata": 0.0007961413,
  "mayt": 0.0005730697,
  "joanna112890": 0.0003315437,
  "hmayak": 0.0004987223,
  "olang23": 0.0006504411,
  "rodavlas": 0.000682828,
  "levieshome": 0.000375772,
  "serram007": 0.0002007046
}