{
  "gretelarmfeg": 0.0008181759,
  "anlizapasaje1234": 0.0005466135,
  "honeyjean24": 0.0000363551,
  "jeanieviv84": 0.0009138931,
  "diosarich": 0.0003502809,
  "vinzie1": 0.0002608099,
  "wanderelle": 0.0009539836,
  "krissymayol": 0.0009254704,
  "desyah07": 0.0008780528,
  "gracefulwrites": 0.0001373529,
  "katiekate86": 0.0008754169,
  "celestyne15": 0.0003273462,
  "antonette": 0.0002752238,
  "superkristhel": 0.0008440688,
  "hopefulsoul": 0.0006501811,
  "ronimarie82": 0.0009218175,
  "dreamrona": 0.0004222047,
  "luthis26": 0.0000913985,
  "izyllah-aeon": 0.0006282327,
  "sethjournals": 0.0009994104,
  "yhanyx87": 0.0005452668,
  "saijan19": 0.0006070744,
  "rizz26": 0.0009290928,
  "lj1728": 0.0006225464,
  "lolitaanana001": 0.0008490668,
  "vvodjiu": 0.0002675373,
  "segundolhou29": 0.0004480828,
  "suteru": 0.0000622474,
  "heymariel": 0.0007281161,
  "jocabanero4": 0.0006433388,
  "sammify": 0.0001796711,
  "rabino7515": 0.0006151463,
  "arriane001": 0.0007943401,
  "daileen23": 0.0000462509,
  "blueoctopus": 0.0005394129,
  "crstypatata": 0.0000562958,
  "mayt": 0.0007067521,
  "joanna112890": 0.0008833412,
  "hmayak": 0.0004809528,
  "olang23": 0.0006504411,
  "rodavlas": 0.000682828,
  "levieshome": 0.000375772,
  "serram007": 0.0002007046
}