{
  "gretelarmfeg": 0.0002475834,
  "anlizapasaje1234": 0.0003116673,
  "honeyjean24": 0.0002616317,
  "jeanieviv84": 0.0002248016,
  "diosarich": 0.000304335,
  "vinzie1": 0.0000264548,
  "wanderelle": 0.0002595703,
  "krissymayol": 0.0002595673,
  "desyah07": 0.0000367605,
  "gracefulwrites": 0.0007774071,
  "katiekate86": 0.0005909034
}