{
  "gretelarmfeg": 0.0005948517,
  "anlizapasaje1234": 0.0005466135,
  "honeyjean24": 0.0006166928,
  "jeanieviv84": 0.0002114366,
  "diosarich": 0.0002401391,
  "vinzie1": 0.0008248991,
  "wanderelle": 0.0003950044,
  "krissymayol": 0.0004855345,
  "desyah07": 0.0001568239,
  "gracefulwrites": 0.0008457194,
  "katiekate86": 0.000993181,
  "celestyne15": 0.000436464,
  "antonette": 0.0002752238,
  "superkristhel": 0.0008440688,
  "hopefulsoul": 0.0003222055,
  "ronimarie82": 0.0002216211,
  "dreamrona": 0.000619923,
  "luthis26": 0.0000913985,
  "izyllah-aeon": 0.0009916988,
  "sethjournals": 0.0009994104,
  "yhanyx87": 0.0005135848,
  "saijan19": 0.0003273264,
  "rizz26": 0.0007878831,
  "lj1728": 0.0002949269,
  "lolitaanana001": 0.0001989279,
  "vvodjiu": 0.0006415365,
  "segundolhou29": 0.0004480828,
  "suteru": 0.0006494036,
  "heymariel": 0.000775313,
  "jocabanero4": 0.0006433388,
  "sammify": 0.0002393284,
  "rabino7515": 0.0005133789,
  "arriane001": 0.0005179411,
  "daileen23": 0.0000609063,
  "blueoctopus": 0.0002613369,
  "crstypatata": 0.0004318324,
  "mayt": 0.0000260334,
  "joanna112890": 0.0002619121,
  "hmayak": 0.0007100696,
  "olang23": 0.0006504411,
  "rodavlas": 0.000682828,
  "levieshome": 0.000375772,
  "serram007": 0.0002007046,
  "jovan1978": 0.0003085051
}