{
  "gretelarmfeg": 0.0009163461,
  "anlizapasaje1234": 0.0005466135,
  "honeyjean24": 0.0009625838,
  "jeanieviv84": 0.0007524043,
  "diosarich": 0.0003665299,
  "vinzie1": 0.0007135484,
  "wanderelle": 0.000852562,
  "krissymayol": 0.0002720627,
  "desyah07": 0.0004227213,
  "gracefulwrites": 0.0007931752,
  "katiekate86": 0.0004588881,
  "celestyne15": 0.0009756881,
  "antonette": 0.0002752238,
  "superkristhel": 0.0008440688,
  "hopefulsoul": 0.0001513382,
  "ronimarie82": 0.0005266125,
  "dreamrona": 0.0006488844,
  "luthis26": 0.0000913985,
  "izyllah-aeon": 0.0005465939,
  "sethjournals": 0.0009994104,
  "yhanyx87": 0.0002758131,
  "saijan19": 0.0005553906,
  "rizz26": 0.0003537191,
  "lj1728": 0.0007899516,
  "lolitaanana001": 0.000523557,
  "vvodjiu": 0.0002824204,
  "segundolhou29": 0.0004480828,
  "suteru": 0.0007038791,
  "heymariel": 0.000143421,
  "jocabanero4": 0.0006433388,
  "sammify": 0.0005981393,
  "rabino7515": 0.0004698312,
  "arriane001": 0.0002283541,
  "daileen23": 0.0000913239,
  "blueoctopus": 0.0006286192,
  "crstypatata": 0.0001815203,
  "mayt": 0.0006202628,
  "joanna112890": 0.0009213076,
  "hmayak": 0.0000853786,
  "olang23": 0.0006504411,
  "rodavlas": 0.000682828,
  "levieshome": 0.000375772,
  "serram007": 0.0002007046,
  "jovan1978": 0.0005951512,
  "mdsahin111": 0.0005682437
}