{
  "gretelarmfeg": 0.0002562578,
  "anlizapasaje1234": 0.0003940829,
  "honeyjean24": 0.0006768773,
  "jeanieviv84": 0.000405824,
  "diosarich": 0.0003789288,
  "vinzie1": 0.0009166524,
  "wanderelle": 0.0007467363,
  "krissymayol": 0.0006341782,
  "desyah07": 0.0005432499,
  "gracefulwrites": 0.0009046915,
  "katiekate86": 0.0003413437,
  "celestyne15": 0.0007244604,
  "antonette": 0.0000720159,
  "superkristhel": 0.0008440688,
  "hopefulsoul": 0.0001644601,
  "ronimarie82": 0.0009553179,
  "dreamrona": 0.0001629883,
  "luthis26": 0.0009013288,
  "izyllah-aeon": 0.0007342582,
  "sethjournals": 0.0009994104,
  "yhanyx87": 0.0007859096,
  "saijan19": 0.0005101493
}