{
  "gretelarmfeg": 0.0000804174,
  "anlizapasaje1234": 0.0007492494,
  "honeyjean24": 0.0006463921,
  "jeanieviv84": 0.0005211925,
  "diosarich": 0.0006044043,
  "vinzie1": 0.0008365398,
  "wanderelle": 0.0006038869,
  "krissymayol": 0.000766632,
  "desyah07": 0.0003228376,
  "gracefulwrites": 0.0007377361,
  "katiekate86": 0.0007802527,
  "celestyne15": 0.0005947168,
  "antonette": 0.0003837105,
  "superkristhel": 0.0008440688,
  "hopefulsoul": 0.0001165291,
  "ronimarie82": 0.0005943773,
  "dreamrona": 0.0000964855,
  "luthis26": 0.0001721563,
  "izyllah-aeon": 0.000401822,
  "sethjournals": 0.0009994104,
  "yhanyx87": 0.0008411169,
  "saijan19": 0.0009381265,
  "rizz26": 0.0001500996
}