{
  "gretelarmfeg": 0.000859954,
  "anlizapasaje1234": 0.0001323529,
  "honeyjean24": 0.000794378,
  "jeanieviv84": 0.0003006555,
  "diosarich": 0.0009532088,
  "vinzie1": 0.0007164853,
  "wanderelle": 0.000300775,
  "krissymayol": 0.0007207461,
  "desyah07": 0.0008227759,
  "gracefulwrites": 0.000111152,
  "katiekate86": 0.0000206989,
  "celestyne15": 0.0008264315,
  "antonette": 0.0005052959,
  "superkristhel": 0.0008440688,
  "hopefulsoul": 0.0004419712,
  "ronimarie82": 0.0004118654,
  "dreamrona": 0.0004678362,
  "luthis26": 0.0002555574,
  "izyllah-aeon": 0.0007948278,
  "sethjournals": 0.0009994104,
  "yhanyx87": 0.0009528886,
  "saijan19": 0.0002860117,
  "rizz26": 0.0002835173
}