{
  "gretelarmfeg": 0.0000272167,
  "anlizapasaje1234": 0.0005466135,
  "honeyjean24": 0.0000021674,
  "jeanieviv84": 0.0009144822,
  "diosarich": 0.000253031,
  "vinzie1": 0.0006791841,
  "wanderelle": 0.0005185929,
  "krissymayol": 0.0005352256,
  "desyah07": 0.0000828377,
  "gracefulwrites": 0.0002966512,
  "katiekate86": 0.0005254473,
  "celestyne15": 0.0005136732,
  "antonette": 0.0003593074,
  "superkristhel": 0.0008440688,
  "hopefulsoul": 0.0008642938,
  "ronimarie82": 0.0006807121,
  "dreamrona": 0.0005116568,
  "luthis26": 0.0000913985,
  "izyllah-aeon": 0.0001098943,
  "sethjournals": 0.0009994104,
  "yhanyx87": 0.0002515726,
  "saijan19": 0.0008914528,
  "rizz26": 0.0009792932,
  "lj1728": 0.0001590748,
  "lolitaanana001": 0.0002964703,
  "vvodjiu": 0.0001608297,
  "segundolhou29": 0.0004480828,
  "suteru": 0.0008711632,
  "heymariel": 0.0004111163,
  "jocabanero4": 0.0003109426,
  "sammify": 0.0000058487,
  "rabino7515": 0.0004929997,
  "arriane001": 0.0002427293,
  "daileen23": 0.0007698558,
  "blueoctopus": 0.0007545645,
  "crstypatata": 0.0001882999,
  "mayt": 0.0002899849
}