{
  "gretelarmfeg": 0.000981286,
  "anlizapasaje1234": 0.000309986,
  "honeyjean24": 0.0007342831,
  "jeanieviv84": 0.0005942626,
  "diosarich": 0.000310838,
  "vinzie1": 0.0000707877,
  "wanderelle": 0.0001113661,
  "krissymayol": 0.0004955779,
  "desyah07": 0.0008231578,
  "gracefulwrites": 0.0001154629,
  "katiekate86": 0.0000462507,
  "celestyne15": 0.0008743911,
  "antonette": 0.0008418854,
  "superkristhel": 0.0003524251,
  "hopefulsoul": 0.0004791838,
  "ronimarie82": 0.0003488256,
  "dreamrona": 0.0004783009,
  "luthis26": 0.0006920677,
  "izyllah-aeon": 0.0000963974,
  "sethjournals": 0.0009994104,
  "yhanyx87": 0.0001184223
}