{
  "gretelarmfeg": 0.0001162692,
  "anlizapasaje1234": 0.0005466135,
  "honeyjean24": 0.0007630669,
  "jeanieviv84": 0.0005789123,
  "diosarich": 0.0009712735,
  "vinzie1": 0.000049446,
  "wanderelle": 0.0002795465,
  "krissymayol": 0.0009033075,
  "desyah07": 0.0009092756,
  "gracefulwrites": 0.0004128494,
  "katiekate86": 0.0002843939,
  "celestyne15": 0.0002760094,
  "antonette": 0.0001226699,
  "superkristhel": 0.0008440688,
  "hopefulsoul": 0.0004138948,
  "ronimarie82": 0.0009272754,
  "dreamrona": 0.0008866946,
  "luthis26": 0.0000913985,
  "izyllah-aeon": 0.000074426,
  "sethjournals": 0.0009994104,
  "yhanyx87": 0.0006916396,
  "saijan19": 0.0007706111,
  "rizz26": 0.0005290261,
  "lj1728": 0.000591789,
  "lolitaanana001": 0.0002772575,
  "vvodjiu": 0.0007519043,
  "segundolhou29": 0.0004480828,
  "suteru": 0.0001456561,
  "heymariel": 0.0008576511,
  "jocabanero4": 0.0006433388,
  "sammify": 0.0006121955,
  "rabino7515": 0.000179807,
  "arriane001": 0.0005834489,
  "daileen23": 0.0003480823,
  "blueoctopus": 0.0007190783,
  "crstypatata": 0.0004151525,
  "mayt": 0.0002299312,
  "joanna112890": 0.0009103561,
  "hmayak": 0.0002335832,
  "olang23": 0.0006504411,
  "rodavlas": 0.000682828,
  "levieshome": 0.000375772,
  "serram007": 0.0002007046
}