{
  "gretelarmfeg": 0.000735337,
  "anlizapasaje1234": 0.0002604868,
  "honeyjean24": 0.0007803586,
  "jeanieviv84": 0.0005469293,
  "diosarich": 0.000430758,
  "vinzie1": 0.0005938793,
  "wanderelle": 0.0004423197,
  "krissymayol": 0.0006840433,
  "desyah07": 0.0000463126,
  "gracefulwrites": 0.0002834785,
  "katiekate86": 0.0006081068,
  "celestyne15": 0.000993677,
  "antonette": 0.0004539348,
  "superkristhel": 0.0006632188,
  "hopefulsoul": 0.000729239,
  "ronimarie82": 0.000661474,
  "dreamrona": 0.0007288111,
  "luthis26": 0.0003202416,
  "izyllah-aeon": 0.0004066213,
  "sethjournals": 0.0007264374
}