{
  "gretelarmfeg": 0.0007617699,
  "anlizapasaje1234": 0.0005466135,
  "honeyjean24": 0.0006114717,
  "jeanieviv84": 0.0004108812,
  "diosarich": 0.0005781417,
  "vinzie1": 0.0003424826,
  "wanderelle": 0.0007698772,
  "krissymayol": 0.0004059968,
  "desyah07": 0.0006561566,
  "gracefulwrites": 0.0002289157,
  "katiekate86": 0.0002396099,
  "celestyne15": 0.0000935873,
  "antonette": 0.0009823394,
  "superkristhel": 0.0008440688,
  "hopefulsoul": 0.0007702846,
  "ronimarie82": 0.0003120891,
  "dreamrona": 0.0002812407,
  "luthis26": 0.0000913985,
  "izyllah-aeon": 0.0003590577,
  "sethjournals": 0.0009994104,
  "yhanyx87": 0.0002457352,
  "saijan19": 0.0005179215,
  "rizz26": 0.0002665853,
  "lj1728": 0.0007813213,
  "lolitaanana001": 0.0000458907,
  "vvodjiu": 0.0008346017,
  "segundolhou29": 0.0004480828,
  "suteru": 0.0005507987,
  "heymariel": 0.0001889563,
  "jocabanero4": 0.0000661799,
  "sammify": 0.000333062,
  "rabino7515": 0.0007469934,
  "arriane001": 0.000371408,
  "daileen23": 0.0009195175,
  "blueoctopus": 0.000839919,
  "crstypatata": 0.0000417544,
  "mayt": 0.0003232558
}