{
  "gretelarmfeg": 0.0006272558,
  "anlizapasaje1234": 0.0005466135,
  "honeyjean24": 0.0005161075,
  "jeanieviv84": 0.0006204527,
  "diosarich": 0.0007047753,
  "vinzie1": 0.0008806324,
  "wanderelle": 0.0009035606,
  "krissymayol": 0.00015362,
  "desyah07": 0.0006974219,
  "gracefulwrites": 0.000500214,
  "katiekate86": 0.0003783477,
  "celestyne15": 0.000871418,
  "antonette": 0.0002752238,
  "superkristhel": 0.0008440688,
  "hopefulsoul": 0.000596072,
  "ronimarie82": 0.0008296581,
  "dreamrona": 0.0000513818,
  "luthis26": 0.0000913985,
  "izyllah-aeon": 0.0006349961,
  "sethjournals": 0.0009994104,
  "yhanyx87": 0.0003135939,
  "saijan19": 0.0005812579,
  "rizz26": 0.0009157173,
  "lj1728": 0.000219171,
  "lolitaanana001": 0.0007821087,
  "vvodjiu": 0.0002990051,
  "segundolhou29": 0.0004480828,
  "suteru": 0.0006773056,
  "heymariel": 0.0001272868,
  "jocabanero4": 0.0006433388,
  "sammify": 0.0005424045,
  "rabino7515": 0.0006657265,
  "arriane001": 0.0000961711,
  "daileen23": 0.0007857621,
  "blueoctopus": 0.0006007584,
  "crstypatata": 0.0001724433,
  "mayt": 0.0006912571,
  "joanna112890": 0.0009517937,
  "hmayak": 0.0001388152,
  "olang23": 0.0006504411,
  "rodavlas": 0.000682828,
  "levieshome": 0.000375772,
  "serram007": 0.0002007046,
  "jovan1978": 0.0005305846,
  "mdsahin111": 0.000417442
}