{
  "gretelarmfeg": 0.0002390602,
  "anlizapasaje1234": 0.0002469038,
  "honeyjean24": 0.0009115351,
  "jeanieviv84": 0.0008405599,
  "diosarich": 0.0007366176,
  "vinzie1": 0.000430527,
  "wanderelle": 0.0002555372,
  "krissymayol": 0.0007467353,
  "desyah07": 0.0002659274,
  "gracefulwrites": 0.0004430897,
  "katiekate86": 0.0001259747,
  "celestyne15": 0.0000429523,
  "antonette": 0.0005776586,
  "superkristhel": 0.0008440688,
  "hopefulsoul": 0.000293519,
  "ronimarie82": 0.0003284119,
  "dreamrona": 0.0003324557,
  "luthis26": 0.0003173469,
  "izyllah-aeon": 0.0002246575,
  "sethjournals": 0.0009994104,
  "yhanyx87": 0.0004904894,
  "saijan19": 0.0007632381,
  "rizz26": 0.0005489984,
  "lj1728": 0.0009815791
}