{
  "gretelarmfeg": 0.0002780159,
  "anlizapasaje1234": 0.0005466135,
  "honeyjean24": 0.0000774303,
  "jeanieviv84": 0.0005430831,
  "diosarich": 0.0001424194,
  "vinzie1": 0.0000361355,
  "wanderelle": 0.0009294962,
  "krissymayol": 0.0007154447,
  "desyah07": 0.0001087172,
  "gracefulwrites": 0.0003114609,
  "katiekate86": 0.0002405814,
  "celestyne15": 0.000768006,
  "antonette": 0.0000404023,
  "superkristhel": 0.0008440688,
  "hopefulsoul": 0.0005415373,
  "ronimarie82": 0.0007281576,
  "dreamrona": 0.0006899661,
  "luthis26": 0.0000913985,
  "izyllah-aeon": 0.0005447273,
  "sethjournals": 0.0009994104,
  "yhanyx87": 0.0000715907,
  "saijan19": 0.0120952337,
  "rizz26": 0.0072763124,
  "lj1728": 0.1408405991,
  "lolitaanana001": 0.047810054,
  "vvodjiu": 0.1424820085,
  "segundolhou29": 0.0004480828,
  "suteru": 0.2478197418,
  "heymariel": 0.0122652851,
  "jocabanero4": 0.0006433388,
  "sammify": 0.0046535824,
  "rabino7515": 0.0123844877,
  "arriane001": 0.0123944378,
  "daileen23": 0.0073015625,
  "blueoctopus": 0.0713129262,
  "crstypatata": 0.024251029,
  "mayt": 0.023989164,
  "joanna112890": 0.0042116745,
  "hmayak": 0.0030694334,
  "olang23": 0.0006504411,
  "rodavlas": 0.000682828,
  "levieshome": 0.000375772,
  "serram007": 0.0002007046
}