{
  "gretelarmfeg": 0.0004833393,
  "anlizapasaje1234": 0.0005466135,
  "honeyjean24": 0.0008924339,
  "jeanieviv84": 0.0009992711,
  "diosarich": 0.0000543081,
  "vinzie1": 0.0008780278,
  "wanderelle": 0.000565304,
  "krissymayol": 0.0008631394,
  "desyah07": 0.0005433224,
  "gracefulwrites": 0.0008903332,
  "katiekate86": 0.0003795557,
  "celestyne15": 0.0000928043,
  "antonette": 0.0008703027,
  "superkristhel": 0.0008440688,
  "hopefulsoul": 0.000580027,
  "ronimarie82": 0.0007152147,
  "dreamrona": 0.0002571155,
  "luthis26": 0.0000913985,
  "izyllah-aeon": 0.0009027623,
  "sethjournals": 0.0009994104,
  "yhanyx87": 0.0005936439,
  "saijan19": 0.0009141977,
  "rizz26": 0.0003106064,
  "lj1728": 0.0007564647,
  "lolitaanana001": 0.0008153075,
  "vvodjiu": 0.000745333,
  "segundolhou29": 0.0004480828,
  "suteru": 0.0000035675,
  "heymariel": 0.000843978,
  "jocabanero4": 0.0003752097,
  "sammify": 0.0000990027,
  "rabino7515": 0.0005739795,
  "arriane001": 0.0007819762,
  "daileen23": 0.0007248606,
  "blueoctopus": 0.0005491936,
  "crstypatata": 0.0003559472,
  "mayt": 0.0003247459,
  "joanna112890": 0.0009512647,
  "hmayak": 0.000324549
}