{
  "gretelarmfeg": 0.6636212739,
  "anlizapasaje1234": 0.0005466135,
  "honeyjean24": 0.0066106796,
  "jeanieviv84": 0.2436837743,
  "diosarich": 0.5963076465,
  "vinzie1": 0.4843324897,
  "wanderelle": 0.0610370671,
  "krissymayol": 0.0618969084,
  "desyah07": 0.0252152845,
  "gracefulwrites": 0.0188909445,
  "katiekate86": 0.3029998813,
  "celestyne15": 0.0309422859,
  "antonette": 0.0612699752,
  "superkristhel": 0.0008440688,
  "hopefulsoul": 0.1158325725,
  "ronimarie82": 0.0918546192,
  "dreamrona": 0.2999123851,
  "luthis26": 0.0000913985,
  "izyllah-aeon": 0.0569140311,
  "sethjournals": 0.0009994104,
  "yhanyx87": 0.0091907319,
  "saijan19": 0.0306488587,
  "rizz26": 0.0187868522,
  "lj1728": 0.3576049607,
  "lolitaanana001": 0.1200171879,
  "vvodjiu": 0.3600269448,
  "segundolhou29": 0.0004480828,
  "suteru": 0.6271450692,
  "heymariel": 0.0304011291,
  "jocabanero4": 0.0006433388,
  "sammify": 0.0111744834,
  "rabino7515": 0.0304278661,
  "arriane001": 0.0307086948,
  "daileen23": 0.0414504434,
  "blueoctopus": 0.4119174346,
  "crstypatata": 0.1380765054,
  "mayt": 0.1377797213,
  "joanna112890": 0.0212061927,
  "hmayak": 0.0143846719,
  "olang23": 0.0006504411,
  "rodavlas": 0.000682828,
  "levieshome": 0.000375772,
  "serram007": 0.0002007046
}