{
  "gretelarmfeg": 0.0000561326,
  "anlizapasaje1234": 0.0005466135,
  "honeyjean24": 0.0003776484,
  "jeanieviv84": 0.0001876042,
  "diosarich": 0.0007640502,
  "vinzie1": 0.0003556327,
  "wanderelle": 0.0003474115,
  "krissymayol": 0.0003541516,
  "desyah07": 0.0009459807,
  "gracefulwrites": 0.0007000473,
  "katiekate86": 0.0003109102,
  "celestyne15": 0.0001147729,
  "antonette": 0.0005207271,
  "superkristhel": 0.0008440688,
  "hopefulsoul": 0.0003076827,
  "ronimarie82": 0.0002343265,
  "dreamrona": 0.0007718754,
  "luthis26": 0.0001838852,
  "izyllah-aeon": 0.000364305,
  "sethjournals": 0.0009994104,
  "yhanyx87": 0.0009518269,
  "saijan19": 0.0003080555,
  "rizz26": 0.0003249423,
  "lj1728": 0.0005730242,
  "lolitaanana001": 0.0009077095,
  "vvodjiu": 0.00044686,
  "segundolhou29": 0.000835229,
  "suteru": 0.0005999854,
  "heymariel": 0.0005375171
}