{
  "gretelarmfeg": 0.0005913379,
  "anlizapasaje1234": 0.0007540175,
  "honeyjean24": 0.0005893912,
  "jeanieviv84": 0.000556388,
  "diosarich": 0.0001450414,
  "vinzie1": 0.00002604,
  "wanderelle": 0.000093496,
  "krissymayol": 0.000236655,
  "desyah07": 0.0001018396,
  "gracefulwrites": 0.0005721047,
  "katiekate86": 0.0002284735,
  "celestyne15": 0.0004856078,
  "antonette": 0.0008409817,
  "superkristhel": 0.0008440688,
  "hopefulsoul": 0.0008906795,
  "ronimarie82": 0.0003242072,
  "dreamrona": 0.0006108821,
  "luthis26": 0.0006323349,
  "izyllah-aeon": 0.000227561,
  "sethjournals": 0.0009994104,
  "yhanyx87": 0.0005685804,
  "saijan19": 0.0006829736,
  "rizz26": 0.0000027424
}