{
  "gretelarmfeg": 0.0002175887,
  "anlizapasaje1234": 0.0005466135,
  "honeyjean24": 0.0006718172,
  "jeanieviv84": 0.0009552045,
  "diosarich": 0.0003917201,
  "vinzie1": 0.0000859943,
  "wanderelle": 0.0004783847,
  "krissymayol": 0.0004229402,
  "desyah07": 0.0001448987,
  "gracefulwrites": 0.0005996076,
  "katiekate86": 0.0001456272,
  "celestyne15": 0.0009996333,
  "antonette": 0.0005490293,
  "superkristhel": 0.0008440688,
  "hopefulsoul": 0.0003344803,
  "ronimarie82": 0.0003809281,
  "dreamrona": 0.0009815478,
  "luthis26": 0.0002214184,
  "izyllah-aeon": 0.000848986,
  "sethjournals": 0.0009994104,
  "yhanyx87": 0.0003867285,
  "saijan19": 0.0008736772,
  "rizz26": 0.0002825226,
  "lj1728": 0.00024164,
  "lolitaanana001": 0.000831406,
  "vvodjiu": 0.0006943286,
  "segundolhou29": 0.0005787046,
  "suteru": 0.0002497389,
  "heymariel": 0.0004547233
}