{
  "gretelarmfeg": 0.0003809829,
  "anlizapasaje1234": 0.0005466135,
  "honeyjean24": 0.0004960708,
  "jeanieviv84": 0.0007348002,
  "diosarich": 0.0006332296,
  "vinzie1": 0.0009302794,
  "wanderelle": 0.0007936366,
  "krissymayol": 0.0003713542,
  "desyah07": 0.0002154417,
  "gracefulwrites": 0.0008987289,
  "katiekate86": 0.0003448187,
  "celestyne15": 0.0009054124,
  "antonette": 0.0009096733,
  "superkristhel": 0.0008440688,
  "hopefulsoul": 0.0002421213,
  "ronimarie82": 0.0002704865,
  "dreamrona": 0.0008690747,
  "luthis26": 0.0004880726,
  "izyllah-aeon": 0.0002891801,
  "sethjournals": 0.0009994104,
  "yhanyx87": 0.0005058358,
  "saijan19": 0.000029928,
  "rizz26": 0.0009908887,
  "lj1728": 0.0006592093,
  "lolitaanana001": 0.0002187301,
  "vvodjiu": 0.0001660353,
  "segundolhou29": 0.0004480828,
  "suteru": 0.0003346076,
  "heymariel": 0.0000311595,
  "jocabanero4": 0.0004343941,
  "sammify": 0.0001141946,
  "rabino7515": 0.0006622776,
  "arriane001": 0.0008293084,
  "daileen23": 0.0009296611,
  "blueoctopus": 0.0008186683,
  "crstypatata": 0.0000788278,
  "mayt": 0.0003879277
}