{
  "gretelarmfeg": 0.000936688,
  "anlizapasaje1234": 0.0007196771,
  "honeyjean24": 0.0008973168,
  "jeanieviv84": 0.000828912,
  "diosarich": 0.0008990196,
  "vinzie1": 0.0000392673,
  "wanderelle": 0.0001028501,
  "krissymayol": 0.0009404487,
  "desyah07": 0.0004428363,
  "gracefulwrites": 0.0005796793,
  "katiekate86": 0.0005921311,
  "celestyne15": 0.0001777908,
  "antonette": 0.0003458351,
  "superkristhel": 0.000100416,
  "hopefulsoul": 0.0000763901,
  "ronimarie82": 0.0000952671,
  "dreamrona": 0.0000751272,
  "luthis26": 0.0001825471,
  "izyllah-aeon": 0.0002176842,
  "sethjournals": 0.0009994104,
  "yhanyx87": 0.0009130124,
  "saijan19": 0.0006883144
}