{
  "gretelarmfeg": 0.0007093069,
  "anlizapasaje1234": 0.0005466135,
  "honeyjean24": 0.0003623225,
  "jeanieviv84": 0.0005281012,
  "diosarich": 0.000594645,
  "vinzie1": 0.0004764183,
  "wanderelle": 0.0008898751,
  "krissymayol": 0.0006392071,
  "desyah07": 0.0002613831,
  "gracefulwrites": 0.0001761792,
  "katiekate86": 0.0009148748,
  "celestyne15": 0.0004362531,
  "antonette": 0.0009403251,
  "superkristhel": 0.0008440688,
  "hopefulsoul": 0.0003710854,
  "ronimarie82": 0.000433784,
  "dreamrona": 0.0001079677,
  "luthis26": 0.0000913985,
  "izyllah-aeon": 0.0008352074,
  "sethjournals": 0.0009994104,
  "yhanyx87": 0.0000840213,
  "saijan19": 0.0005755026,
  "rizz26": 0.0001751947,
  "lj1728": 0.000976933,
  "lolitaanana001": 0.0001779995,
  "vvodjiu": 0.0002494091,
  "segundolhou29": 0.0004480828,
  "suteru": 0.0004517076,
  "heymariel": 0.0009525784,
  "jocabanero4": 0.0006433388,
  "sammify": 0.0004847949,
  "rabino7515": 0.0001176008,
  "arriane001": 0.0004888547,
  "daileen23": 0.0003796588,
  "blueoctopus": 0.0005320896,
  "crstypatata": 0.0008467283,
  "mayt": 0.0006021667,
  "joanna112890": 0.0007903268,
  "hmayak": 0.0004623574,
  "olang23": 0.0006504411,
  "rodavlas": 0.000682828,
  "levieshome": 0.000375772,
  "serram007": 0.0002007046
}