{
  "gretelarmfeg": 0.0000340428,
  "anlizapasaje1234": 0.0009176083,
  "honeyjean24": 0.0003736156,
  "jeanieviv84": 0.0003480702,
  "diosarich": 0.0002518724,
  "vinzie1": 0.0004121511,
  "wanderelle": 0.0006918115,
  "krissymayol": 0.0002436326,
  "desyah07": 0.0000925656,
  "gracefulwrites": 0.0008127059,
  "katiekate86": 0.0003001985,
  "celestyne15": 0.0009519693,
  "antonette": 0.0001140255,
  "superkristhel": 0.0008440688,
  "hopefulsoul": 0.0009333313,
  "ronimarie82": 0.0005439863,
  "dreamrona": 0.0006920073,
  "luthis26": 0.0008447146,
  "izyllah-aeon": 0.0003287282,
  "sethjournals": 0.0009994104,
  "yhanyx87": 0.0007149162,
  "saijan19": 0.0009812435,
  "rizz26": 0.0008620518,
  "lj1728": 0.0007890603,
  "lolitaanana001": 0.0009485005
}