{
  "gretelarmfeg": 0.0006101491,
  "anlizapasaje1234": 0.0005466135,
  "honeyjean24": 0.0000757496,
  "jeanieviv84": 0.0008142611,
  "diosarich": 0.0002952484,
  "vinzie1": 0.0003157312,
  "wanderelle": 0.0004069269,
  "krissymayol": 0.0000593507,
  "desyah07": 0.0008651179,
  "gracefulwrites": 0.0008915186,
  "katiekate86": 0.0001448642,
  "celestyne15": 0.0003311061,
  "antonette": 0.0009952427,
  "superkristhel": 0.0008440688,
  "hopefulsoul": 0.0003869765,
  "ronimarie82": 0.0008884181,
  "dreamrona": 0.0002798029,
  "luthis26": 0.0007109976,
  "izyllah-aeon": 0.0003237867,
  "sethjournals": 0.0009994104,
  "yhanyx87": 0.000660589,
  "saijan19": 0.0003385826,
  "rizz26": 0.0008469997,
  "lj1728": 0.0004090125,
  "lolitaanana001": 0.0005442523,
  "vvodjiu": 0.0001481579
}