{
  "gretelarmfeg": 0.0002809735,
  "anlizapasaje1234": 0.0005466135,
  "honeyjean24": 0.0006994611,
  "jeanieviv84": 0.0003146878,
  "diosarich": 0.0009039433,
  "vinzie1": 0.0009103866,
  "wanderelle": 0.0008571866,
  "krissymayol": 0.000096639,
  "desyah07": 0.0001499946,
  "gracefulwrites": 0.0006016665,
  "katiekate86": 0.0009599357,
  "celestyne15": 0.0001744783,
  "antonette": 0.0004147251,
  "superkristhel": 0.0008440688,
  "hopefulsoul": 0.0009550854,
  "ronimarie82": 0.0003144383,
  "dreamrona": 0.0001256936,
  "luthis26": 0.0000433382,
  "izyllah-aeon": 0.0003545419,
  "sethjournals": 0.0009994104,
  "yhanyx87": 0.0007160491,
  "saijan19": 0.0005624377,
  "rizz26": 0.0000094355,
  "lj1728": 0.0000707969,
  "lolitaanana001": 0.000370173,
  "vvodjiu": 0.0003313582,
  "segundolhou29": 0.0004480828,
  "suteru": 0.00067796,
  "heymariel": 0.0004761762,
  "jocabanero4": 0.0007450069,
  "sammify": 0.0000345466,
  "rabino7515": 0.0005305809,
  "arriane001": 0.0002649552,
  "daileen23": 0.0000145276
}