{
  "gretelarmfeg": 0.0002761197,
  "anlizapasaje1234": 0.0005466135,
  "honeyjean24": 0.0005569256,
  "jeanieviv84": 0.0008533649,
  "diosarich": 0.0007188724,
  "vinzie1": 0.0008444124,
  "wanderelle": 0.0003424918,
  "krissymayol": 0.0009398201,
  "desyah07": 0.0004518467,
  "gracefulwrites": 0.0000759153,
  "katiekate86": 0.0000862891,
  "celestyne15": 0.0000791215,
  "antonette": 0.0004909071,
  "superkristhel": 0.0008440688,
  "hopefulsoul": 0.0001752458,
  "ronimarie82": 0.0009518115,
  "dreamrona": 0.0007853529,
  "luthis26": 0.0000913985,
  "izyllah-aeon": 0.0005189519,
  "sethjournals": 0.0009994104,
  "yhanyx87": 0.0007837587,
  "saijan19": 0.000304313,
  "rizz26": 0.0001497779,
  "lj1728": 0.0000317791,
  "lolitaanana001": 0.0000146429,
  "vvodjiu": 0.0009431426,
  "segundolhou29": 0.0004480828,
  "suteru": 0.0002892203,
  "heymariel": 0.0001946679,
  "jocabanero4": 0.0009854751,
  "sammify": 0.000560318,
  "rabino7515": 0.0008012462,
  "arriane001": 0.000398706,
  "daileen23": 0.0009925682,
  "blueoctopus": 0.0002678919,
  "crstypatata": 0.0002874229,
  "mayt": 0.0005872555
}