{
  "gretelarmfeg": 0.0001891254,
  "anlizapasaje1234": 0.0000032214,
  "honeyjean24": 0.000823276,
  "jeanieviv84": 0.0002785395,
  "diosarich": 0.0001186988,
  "vinzie1": 0.0002645001,
  "wanderelle": 0.0007452087,
  "krissymayol": 0.0001141095,
  "desyah07": 0.000956635,
  "gracefulwrites": 0.0002118517,
  "katiekate86": 0.0003572129,
  "celestyne15": 0.0008969854,
  "antonette": 0.000865409,
  "superkristhel": 0.0008440688,
  "hopefulsoul": 0.000112143,
  "ronimarie82": 0.0004482037,
  "dreamrona": 0.0009769031,
  "luthis26": 0.0006232517,
  "izyllah-aeon": 0.0003341305,
  "sethjournals": 0.0009994104,
  "yhanyx87": 0.0008122886,
  "saijan19": 0.0005083396,
  "rizz26": 0.0004318669
}