{
  "gretelarmfeg": 0.0003507753,
  "anlizapasaje1234": 0.0005466135,
  "honeyjean24": 0.0007427424,
  "jeanieviv84": 0.0009263506,
  "diosarich": 0.0005964832,
  "vinzie1": 0.0002910652,
  "wanderelle": 0.0009435099,
  "krissymayol": 0.0006253193,
  "desyah07": 0.0001648972,
  "gracefulwrites": 0.000610198,
  "katiekate86": 0.0007714075,
  "celestyne15": 0.0004457466,
  "antonette": 0.0002314089,
  "superkristhel": 0.0008440688,
  "hopefulsoul": 0.0007446035,
  "ronimarie82": 0.0007418006,
  "dreamrona": 0.0002058,
  "luthis26": 0.0000913985,
  "izyllah-aeon": 0.0001296209,
  "sethjournals": 0.0009994104,
  "yhanyx87": 0.0002125674,
  "saijan19": 0.0001046387,
  "rizz26": 0.000605238,
  "lj1728": 0.000491686,
  "lolitaanana001": 0.0003717039,
  "vvodjiu": 0.0003823633,
  "segundolhou29": 0.0004480828,
  "suteru": 0.0003834792,
  "heymariel": 0.0005173499,
  "jocabanero4": 0.000522275,
  "sammify": 0.0000216026,
  "rabino7515": 0.0000182134,
  "arriane001": 0.0000068162,
  "daileen23": 0.0000345483,
  "blueoctopus": 0.0006763207,
  "crstypatata": 0.000422639,
  "mayt": 0.0006825492
}