{
  "gretelarmfeg": 0.0009795012,
  "anlizapasaje1234": 0.0005466135,
  "honeyjean24": 0.00009505,
  "jeanieviv84": 0.0002605016,
  "diosarich": 0.0000968199,
  "vinzie1": 0.0007814718,
  "wanderelle": 0.0003232006,
  "krissymayol": 0.0000521158,
  "desyah07": 0.0005572787,
  "gracefulwrites": 0.0006542024,
  "katiekate86": 0.0002610778,
  "celestyne15": 0.0008936617,
  "antonette": 0.0006888745,
  "superkristhel": 0.0008440688,
  "hopefulsoul": 0.0009025105,
  "ronimarie82": 0.0004703477,
  "dreamrona": 0.0005293732,
  "luthis26": 0.0000913985,
  "izyllah-aeon": 0.0009387715,
  "sethjournals": 0.0009994104,
  "yhanyx87": 0.000488326,
  "saijan19": 0.0007943818,
  "rizz26": 0.0006052917,
  "lj1728": 0.0004785896,
  "lolitaanana001": 0.0008772964,
  "vvodjiu": 0.0004023002,
  "segundolhou29": 0.0004480828,
  "suteru": 0.0000937526,
  "heymariel": 0.0009407626,
  "jocabanero4": 0.0003400142,
  "sammify": 0.00010343,
  "rabino7515": 0.0003826804,
  "arriane001": 0.0001888415,
  "daileen23": 0.0008040487,
  "blueoctopus": 0.0008780083,
  "crstypatata": 0.00098501,
  "mayt": 0.0002226597
}