{
  "gretelarmfeg": 0.0003747903,
  "anlizapasaje1234": 0.0005466135,
  "honeyjean24": 0.0005123592,
  "jeanieviv84": 0.0003798035,
  "diosarich": 0.0003078126,
  "vinzie1": 0.0003604314,
  "wanderelle": 0.0001727932,
  "krissymayol": 0.0009935629,
  "desyah07": 0.0008359781,
  "gracefulwrites": 0.0006066984,
  "katiekate86": 0.0006764601,
  "celestyne15": 0.0007108163,
  "antonette": 0.0003411915,
  "superkristhel": 0.0008440688,
  "hopefulsoul": 0.0004090147,
  "ronimarie82": 0.0008410392,
  "dreamrona": 0.0005166448,
  "luthis26": 0.0000913985,
  "izyllah-aeon": 0.0006702029,
  "sethjournals": 0.0009994104,
  "yhanyx87": 0.0006675756,
  "saijan19": 0.0002168066,
  "rizz26": 0.0005390608,
  "lj1728": 0.0002878278,
  "lolitaanana001": 0.0009694316,
  "vvodjiu": 0.0001820355,
  "segundolhou29": 0.0004480828,
  "suteru": 0.0003925034,
  "heymariel": 0.0001899828,
  "jocabanero4": 0.0006433388,
  "sammify": 0.0003238528,
  "rabino7515": 0.0002656119,
  "arriane001": 0.0009319709,
  "daileen23": 0.0233938827,
  "blueoctopus": 0.2318194104,
  "crstypatata": 0.0778901517,
  "mayt": 0.0776118314,
  "joanna112890": 0.0122201721,
  "hmayak": 0.0084016269,
  "olang23": 0.0006504411,
  "rodavlas": 0.000682828,
  "levieshome": 0.000375772,
  "serram007": 0.0002007046
}