{
  "gretelarmfeg": 0.0009411414,
  "anlizapasaje1234": 0.0005466135,
  "honeyjean24": 0.0005848678,
  "jeanieviv84": 0.0009849111,
  "diosarich": 0.0006390435,
  "vinzie1": 0.0000996218,
  "wanderelle": 0.000598541,
  "krissymayol": 0.0001891255,
  "desyah07": 0.0002083457,
  "gracefulwrites": 0.0008873503,
  "katiekate86": 0.0005758615,
  "celestyne15": 0.0006058971,
  "antonette": 0.0003868878,
  "superkristhel": 0.0008440688,
  "hopefulsoul": 0.0004055699,
  "ronimarie82": 0.0006459241,
  "dreamrona": 0.0006641113,
  "luthis26": 0.0000913985,
  "izyllah-aeon": 0.0003167283,
  "sethjournals": 0.0009994104,
  "yhanyx87": 0.0004544664,
  "saijan19": 0.0009301803,
  "rizz26": 0.0000344815,
  "lj1728": 0.000460196,
  "lolitaanana001": 0.0000526307,
  "vvodjiu": 0.0002007889,
  "segundolhou29": 0.0004480828,
  "suteru": 0.0009582038,
  "heymariel": 0.0002047958,
  "jocabanero4": 0.0002799654,
  "sammify": 0.0003987199,
  "rabino7515": 0.0005684669,
  "arriane001": 0.0007779255,
  "daileen23": 0.0000159153,
  "blueoctopus": 0.0007944413,
  "crstypatata": 0.0003097819,
  "mayt": 0.0001402384,
  "joanna112890": 0.0002801561,
  "hmayak": 0.0001532666,
  "olang23": 0.0005448839,
  "rodavlas": 0.000682828,
  "levieshome": 0.000375772
}