{
  "gretelarmfeg": 0.0004118582,
  "anlizapasaje1234": 0.0005466135,
  "honeyjean24": 0.0002348487,
  "jeanieviv84": 0.0003823838,
  "diosarich": 0.0001338027,
  "vinzie1": 0.0005218681,
  "wanderelle": 0.0001192903,
  "krissymayol": 0.000374471,
  "desyah07": 0.0009282389,
  "gracefulwrites": 0.0009292757,
  "katiekate86": 0.0003306631,
  "celestyne15": 0.0000888677,
  "antonette": 0.0003538631,
  "superkristhel": 0.0008440688,
  "hopefulsoul": 0.0005712074,
  "ronimarie82": 0.0003549629,
  "dreamrona": 0.0003441248,
  "luthis26": 0.0000913985,
  "izyllah-aeon": 0.0005009259,
  "sethjournals": 0.0009994104,
  "yhanyx87": 0.0002888461,
  "saijan19": 0.0006912835,
  "rizz26": 0.0003893468,
  "lj1728": 0.0009093164,
  "lolitaanana001": 0.0003594877,
  "vvodjiu": 0.0009245343,
  "segundolhou29": 0.0004480828,
  "suteru": 0.0000549351,
  "heymariel": 0.0008622285,
  "jocabanero4": 0.0000304536,
  "sammify": 0.0002532825,
  "rabino7515": 0.0006456059,
  "arriane001": 0.0003179779,
  "daileen23": 0.0000123692,
  "blueoctopus": 0.0000676727,
  "crstypatata": 0.0006500243,
  "mayt": 0.0006389802,
  "joanna112890": 0.0001411542,
  "hmayak": 0.000792811
}