{
  "gretelarmfeg": 0.0001275963,
  "anlizapasaje1234": 0.0005466135,
  "honeyjean24": 0.0001936345,
  "jeanieviv84": 0.0002440688,
  "diosarich": 0.0008231015,
  "vinzie1": 0.0009589062,
  "wanderelle": 0.0003710234,
  "krissymayol": 0.0004081038,
  "desyah07": 0.0008413924,
  "gracefulwrites": 0.0008654449,
  "katiekate86": 0.000742003,
  "celestyne15": 0.0003348722,
  "antonette": 0.0002454983,
  "superkristhel": 0.0008440688,
  "hopefulsoul": 0.0002695304,
  "ronimarie82": 0.0003113425,
  "dreamrona": 0.0003858175,
  "luthis26": 0.0000913985,
  "izyllah-aeon": 0.000544282,
  "sethjournals": 0.0009994104,
  "yhanyx87": 0.0007120423,
  "saijan19": 0.0008176237,
  "rizz26": 0.0005290088,
  "lj1728": 0.0004677749,
  "lolitaanana001": 0.0006742286,
  "vvodjiu": 0.0001714845,
  "segundolhou29": 0.0004480828,
  "suteru": 0.0007534019,
  "heymariel": 0.0002216793,
  "jocabanero4": 0.0008484431,
  "sammify": 0.0006843682,
  "rabino7515": 0.0002779757,
  "arriane001": 0.0001351269,
  "daileen23": 0.0002194936,
  "blueoctopus": 0.0007832667,
  "crstypatata": 0.0006859509,
  "mayt": 0.0007779731
}