{
  "gretelarmfeg": 0.0002599381,
  "anlizapasaje1234": 0.0005466135,
  "honeyjean24": 0.0002436261,
  "jeanieviv84": 0.0009699859,
  "diosarich": 0.0005663715,
  "vinzie1": 0.0008800507,
  "wanderelle": 0.000440918,
  "krissymayol": 0.0006192716,
  "desyah07": 0.0009908279,
  "gracefulwrites": 0.0009766769,
  "katiekate86": 0.0008673979,
  "celestyne15": 0.0006442568,
  "antonette": 0.000548644,
  "superkristhel": 0.0008440688,
  "hopefulsoul": 0.0006120628,
  "ronimarie82": 0.000393539,
  "dreamrona": 0.0008757188,
  "luthis26": 0.0000913985,
  "izyllah-aeon": 0.000907808,
  "sethjournals": 0.0009994104,
  "yhanyx87": 0.0005296306,
  "saijan19": 0.0008522642,
  "rizz26": 0.0005084295,
  "lj1728": 0.0003257405,
  "lolitaanana001": 0.0004645904,
  "vvodjiu": 0.000059699,
  "segundolhou29": 0.0004480828,
  "suteru": 0.0001981859,
  "heymariel": 0.0004575797,
  "jocabanero4": 0.0003355968,
  "sammify": 0.0009175178,
  "rabino7515": 0.0003370946,
  "arriane001": 0.0006640618,
  "daileen23": 0.0005074718,
  "blueoctopus": 0.0002514433,
  "crstypatata": 0.0003046567,
  "mayt": 0.0003299184,
  "joanna112890": 0.0004718014
}