{
  "gretelarmfeg": 0.0002163369,
  "anlizapasaje1234": 0.0005466135,
  "honeyjean24": 0.0009928635,
  "jeanieviv84": 0.0002387745,
  "diosarich": 0.0008354622,
  "vinzie1": 0.0008879125,
  "wanderelle": 0.0001506364,
  "krissymayol": 0.0009434821,
  "desyah07": 0.0004833474,
  "gracefulwrites": 0.0006043512,
  "katiekate86": 0.0005463699,
  "celestyne15": 0.0001302556,
  "antonette": 0.0009707979,
  "superkristhel": 0.0008440688,
  "hopefulsoul": 0.0003056221,
  "ronimarie82": 0.0009874996,
  "dreamrona": 0.0008457988,
  "luthis26": 0.0006657078,
  "izyllah-aeon": 0.0004618036,
  "sethjournals": 0.0009994104,
  "yhanyx87": 0.0002924643,
  "saijan19": 0.0007101325,
  "rizz26": 0.0004288152,
  "lj1728": 0.0002255584,
  "lolitaanana001": 0.0003128774,
  "vvodjiu": 0.0000474166,
  "segundolhou29": 0.000599281
}