{
  "gretelarmfeg": 0.0004046456,
  "anlizapasaje1234": 0.0003504499,
  "honeyjean24": 0.0002679051,
  "jeanieviv84": 0.0003337183,
  "diosarich": 0.0003276221,
  "vinzie1": 0.0002236189,
  "wanderelle": 0.0002614873,
  "krissymayol": 0.000261478,
  "desyah07": 0.0000412147,
  "gracefulwrites": 0.0007804026,
  "katiekate86": 0.0005999303
}