{
  "gretelarmfeg": 0.0002254333,
  "anlizapasaje1234": 0.0005466135,
  "honeyjean24": 0.0000161596,
  "jeanieviv84": 0.0000961469,
  "diosarich": 0.000138987,
  "vinzie1": 0.0002423385,
  "wanderelle": 0.0004262793,
  "krissymayol": 0.0008333093,
  "desyah07": 0.000641485,
  "gracefulwrites": 0.0009573225,
  "katiekate86": 0.0009651673,
  "celestyne15": 0.0003265945,
  "antonette": 0.0002752238,
  "superkristhel": 0.0008440688,
  "hopefulsoul": 0.0003111605,
  "ronimarie82": 0.0004774606,
  "dreamrona": 0.0005870155,
  "luthis26": 0.0000913985,
  "izyllah-aeon": 0.0005950365,
  "sethjournals": 0.0009994104,
  "yhanyx87": 0.0005554447,
  "saijan19": 0.0008422763,
  "rizz26": 0.0008657722,
  "lj1728": 0.0007436778,
  "lolitaanana001": 0.000656559,
  "vvodjiu": 0.0009871244,
  "segundolhou29": 0.0004480828,
  "suteru": 0.0006608694,
  "heymariel": 0.0005008141,
  "jocabanero4": 0.0006433388,
  "sammify": 0.0001349021,
  "rabino7515": 0.0008428294,
  "arriane001": 0.0007244034,
  "daileen23": 0.0003281425,
  "blueoctopus": 0.0001460451,
  "crstypatata": 0.000971612,
  "mayt": 0.0004162476,
  "joanna112890": 0.0000532051,
  "hmayak": 0.0001757473,
  "olang23": 0.0006504411,
  "rodavlas": 0.000682828,
  "levieshome": 0.000375772,
  "serram007": 0.0002007046,
  "jovan1978": 0.0007281839,
  "mdsahin111": 0.0006538547
}