{
  "gretelarmfeg": 0.0007852532,
  "anlizapasaje1234": 0.0005466135,
  "honeyjean24": 0.0001182882,
  "jeanieviv84": 0.0003386644,
  "diosarich": 0.0007677329,
  "vinzie1": 0.0006864885,
  "wanderelle": 0.0007468238,
  "krissymayol": 0.0003984883,
  "desyah07": 0.0003201803,
  "gracefulwrites": 0.0004708611,
  "katiekate86": 0.0001939106,
  "celestyne15": 0.0008663379,
  "antonette": 0.000636018,
  "superkristhel": 0.0008440688,
  "hopefulsoul": 0.0008456312,
  "ronimarie82": 0.0009262026,
  "dreamrona": 0.0007053574,
  "luthis26": 0.0000913985,
  "izyllah-aeon": 0.0002419318,
  "sethjournals": 0.0009994104,
  "yhanyx87": 0.0007785996,
  "saijan19": 0.000504189,
  "rizz26": 0.000561003,
  "lj1728": 0.000942073,
  "lolitaanana001": 0.0004086338,
  "vvodjiu": 0.0007413898,
  "segundolhou29": 0.0004480828,
  "suteru": 0.0007518754,
  "heymariel": 0.0004334654,
  "jocabanero4": 0.0006433388,
  "sammify": 0.0003613618,
  "rabino7515": 0.0007207042,
  "arriane001": 0.0003537742,
  "daileen23": 0.0002434884,
  "blueoctopus": 0.0003392071,
  "crstypatata": 0.0003982812,
  "mayt": 0.0001998738,
  "joanna112890": 0.0003278786,
  "hmayak": 0.0005064786,
  "olang23": 0.0006504411,
  "rodavlas": 0.000682828,
  "levieshome": 0.000375772,
  "serram007": 0.0002007046
}