{
  "gretelarmfeg": 0.0007144288,
  "anlizapasaje1234": 0.0005466135,
  "honeyjean24": 0.0008284105,
  "jeanieviv84": 0.0008621233,
  "diosarich": 0.0004527568,
  "vinzie1": 0.0009728159,
  "wanderelle": 0.0006553523,
  "krissymayol": 0.0003558992,
  "desyah07": 0.0007855029,
  "gracefulwrites": 0.0003135808,
  "katiekate86": 0.0001940496,
  "celestyne15": 0.0004336627,
  "antonette": 0.0002752238,
  "superkristhel": 0.0008440688,
  "hopefulsoul": 0.0004044977,
  "ronimarie82": 0.0001963671,
  "dreamrona": 0.0004976495,
  "luthis26": 0.0000913985,
  "izyllah-aeon": 0.0001140579,
  "sethjournals": 0.0009994104,
  "yhanyx87": 0.0005837267,
  "saijan19": 0.0004561753,
  "rizz26": 0.000399724,
  "lj1728": 0.0007267188,
  "lolitaanana001": 0.0001121664,
  "vvodjiu": 0.0006743391,
  "segundolhou29": 0.0004480828,
  "suteru": 0.0009975722,
  "heymariel": 0.0004552077,
  "jocabanero4": 0.0006433388,
  "sammify": 0.0006478078,
  "rabino7515": 0.0004299321,
  "arriane001": 0.0004152985,
  "daileen23": 0.0009739651,
  "blueoctopus": 0.0000916632,
  "crstypatata": 0.0001079631,
  "mayt": 0.0003474397,
  "joanna112890": 0.0005586501,
  "hmayak": 0.0001220174,
  "olang23": 0.0006504411,
  "rodavlas": 0.000682828,
  "levieshome": 0.000375772,
  "serram007": 0.0002007046,
  "jovan1978": 0.0009632641,
  "mdsahin111": 0.0000304972
}