{
  "gretelarmfeg": 0.0000821226,
  "anlizapasaje1234": 0.0005466135,
  "honeyjean24": 0.0006113253,
  "jeanieviv84": 0.0001723519,
  "diosarich": 0.0005699792,
  "vinzie1": 0.0002912017,
  "wanderelle": 0.0001854183,
  "krissymayol": 0.0003271696,
  "desyah07": 0.0001170334,
  "gracefulwrites": 0.0008155702,
  "katiekate86": 0.000326027,
  "celestyne15": 0.0000686047,
  "antonette": 0.0002752238,
  "superkristhel": 0.0008440688,
  "hopefulsoul": 0.0006374658,
  "ronimarie82": 0.0005364629,
  "dreamrona": 0.0001147068,
  "luthis26": 0.0000913985,
  "izyllah-aeon": 0.0007249095,
  "sethjournals": 0.0009994104,
  "yhanyx87": 0.0006870718,
  "saijan19": 0.000222422,
  "rizz26": 0.0004021994,
  "lj1728": 0.0007221354,
  "lolitaanana001": 0.0001085817,
  "vvodjiu": 0.0003825496,
  "segundolhou29": 0.0004480828,
  "suteru": 0.0002947367,
  "heymariel": 0.0003808106,
  "jocabanero4": 0.0006433388,
  "sammify": 0.0004640329,
  "rabino7515": 0.0000547812,
  "arriane001": 0.0005539303,
  "daileen23": 0.0007322714,
  "blueoctopus": 0.0003620075,
  "crstypatata": 0.0003335223,
  "mayt": 0.0009035183,
  "joanna112890": 0.0000421939,
  "hmayak": 0.0005535811,
  "olang23": 0.0006504411,
  "rodavlas": 0.000682828,
  "levieshome": 0.000375772,
  "serram007": 0.0002007046,
  "jovan1978": 0.0008355281
}