{
  "gretelarmfeg": 0.0008846453,
  "anlizapasaje1234": 0.0005466135,
  "honeyjean24": 0.000957822,
  "jeanieviv84": 0.0008574746,
  "diosarich": 0.0009165227,
  "vinzie1": 0.000144653,
  "wanderelle": 0.0007780784,
  "krissymayol": 0.000563777,
  "desyah07": 0.0009880565,
  "gracefulwrites": 0.0002269462,
  "katiekate86": 0.0006318217,
  "celestyne15": 0.000829468,
  "antonette": 0.0002375055,
  "superkristhel": 0.0008440688,
  "hopefulsoul": 0.0006491385,
  "ronimarie82": 0.0007416226,
  "dreamrona": 0.0009137881,
  "luthis26": 0.0000913985,
  "izyllah-aeon": 0.0006786927,
  "sethjournals": 0.0009994104,
  "yhanyx87": 0.0008751452,
  "saijan19": 0.0000216974,
  "rizz26": 0.0001250554,
  "lj1728": 0.0008558572,
  "lolitaanana001": 0.0006326235,
  "vvodjiu": 0.0008165706,
  "segundolhou29": 0.0004480828,
  "suteru": 0.000305455,
  "heymariel": 0.0008470327,
  "jocabanero4": 0.0001296867,
  "sammify": 0.0008727994,
  "rabino7515": 0.0002178949,
  "arriane001": 0.0001061978,
  "daileen23": 0.0000458942,
  "blueoctopus": 0.0009100564,
  "crstypatata": 0.0004546572,
  "mayt": 0.0006654733
}