{
  "gretelarmfeg": 0.0004823743,
  "anlizapasaje1234": 0.0005466135,
  "honeyjean24": 0.0005820386,
  "jeanieviv84": 0.0008169677,
  "diosarich": 0.00052372,
  "vinzie1": 0.0008995601,
  "wanderelle": 0.0008553792,
  "krissymayol": 0.0007096622,
  "desyah07": 0.0008180731,
  "gracefulwrites": 0.0003550281,
  "katiekate86": 0.0003535492,
  "celestyne15": 0.0002932585,
  "antonette": 0.0007769779,
  "superkristhel": 0.0008440688,
  "hopefulsoul": 0.0009475258,
  "ronimarie82": 0.0000998824,
  "dreamrona": 0.0004727884,
  "luthis26": 0.0004627676,
  "izyllah-aeon": 0.0009012241,
  "sethjournals": 0.0009994104,
  "yhanyx87": 0.0006945217,
  "saijan19": 0.0005623705,
  "rizz26": 0.0001221696,
  "lj1728": 0.0003991206,
  "lolitaanana001": 0.0008370858,
  "vvodjiu": 0.0007572557,
  "segundolhou29": 0.0006243582
}