{
  "gretelarmfeg": 0.0004097214,
  "anlizapasaje1234": 0.0008987654,
  "honeyjean24": 0.0007024943,
  "jeanieviv84": 0.0008721968,
  "diosarich": 0.0009210287,
  "vinzie1": 0.0002787202,
  "wanderelle": 0.0006177556,
  "krissymayol": 0.0009602547,
  "desyah07": 0.0004829516,
  "gracefulwrites": 0.0008567469,
  "katiekate86": 0.000173969,
  "celestyne15": 0.0006620173,
  "antonette": 0.0006943649,
  "superkristhel": 0.0008440688,
  "hopefulsoul": 0.0001013886,
  "ronimarie82": 0.0009481395,
  "dreamrona": 0.000882863,
  "luthis26": 0.0004561269,
  "izyllah-aeon": 0.0004173611,
  "sethjournals": 0.0009994104,
  "yhanyx87": 0.0000529869,
  "saijan19": 0.0009446704,
  "rizz26": 0.0001013955
}