{
  "gretelarmfeg": 0.0008727461,
  "anlizapasaje1234": 0.0004351102,
  "honeyjean24": 0.0000270522,
  "jeanieviv84": 0.0004913742,
  "diosarich": 0.0005561044,
  "vinzie1": 0.000002984,
  "wanderelle": 0.0000139791,
  "krissymayol": 0.0002263199,
  "desyah07": 0.0000462716,
  "gracefulwrites": 0.0000336682,
  "katiekate86": 0.0001093513,
  "celestyne15": 0.0004962724,
  "antonette": 0.0009722124,
  "superkristhel": 0.0009239759,
  "hopefulsoul": 0.0007383267,
  "ronimarie82": 0.0009228606,
  "dreamrona": 0.0007380532,
  "luthis26": 0.0008439912,
  "izyllah-aeon": 0.0006703845
}