{
  "gretelarmfeg": 0.0004570674,
  "anlizapasaje1234": 0.0005466135,
  "honeyjean24": 0.0004628453,
  "jeanieviv84": 0.0005914299,
  "diosarich": 0.0007813219,
  "vinzie1": 0.000738945,
  "wanderelle": 0.0008487484,
  "krissymayol": 0.0002847845,
  "desyah07": 0.0007755359,
  "gracefulwrites": 0.0005636668,
  "katiekate86": 0.0007298216,
  "celestyne15": 0.0000247444,
  "antonette": 0.0003819254,
  "superkristhel": 0.0008440688,
  "hopefulsoul": 0.0008454925,
  "ronimarie82": 0.0006399785,
  "dreamrona": 0.000398569,
  "luthis26": 0.0000913985,
  "izyllah-aeon": 0.0008431965,
  "sethjournals": 0.0009994104,
  "yhanyx87": 0.0007409595,
  "saijan19": 0.0005556198,
  "rizz26": 0.0008549957,
  "lj1728": 0.0003472882,
  "lolitaanana001": 0.0008905479,
  "vvodjiu": 0.0002254895,
  "segundolhou29": 0.0004480828,
  "suteru": 0.0008265156,
  "heymariel": 0.0007040325,
  "jocabanero4": 0.000090607,
  "sammify": 0.0004788436,
  "rabino7515": 0.0002610974,
  "arriane001": 0.000124924,
  "daileen23": 0.0005928463,
  "blueoctopus": 0.0005460762,
  "crstypatata": 0.0002415156,
  "mayt": 0.000145006,
  "joanna112890": 0.0007357805,
  "hmayak": 0.0004872185
}