{
  "gretelarmfeg": 0.0002204362,
  "anlizapasaje1234": 0.0005466135,
  "honeyjean24": 0.0001796906,
  "jeanieviv84": 0.0002249291,
  "diosarich": 0.0001545652,
  "vinzie1": 0.0009448184,
  "wanderelle": 0.0000899481,
  "krissymayol": 0.0008450335,
  "desyah07": 0.0008864808,
  "gracefulwrites": 0.0009009475,
  "katiekate86": 0.0007565944,
  "celestyne15": 0.000142629,
  "antonette": 0.0004988306,
  "superkristhel": 0.0008440688,
  "hopefulsoul": 0.0002129381,
  "ronimarie82": 0.0004310296,
  "dreamrona": 0.0008207512,
  "luthis26": 0.0000913985,
  "izyllah-aeon": 0.0006107554,
  "sethjournals": 0.0009994104,
  "yhanyx87": 0.0001971161,
  "saijan19": 0.0001776987,
  "rizz26": 0.0008276195,
  "lj1728": 0.0000272448,
  "lolitaanana001": 0.0005001602,
  "vvodjiu": 0.0005251142,
  "segundolhou29": 0.0004480828,
  "suteru": 0.0003797441,
  "heymariel": 0.0001761173,
  "jocabanero4": 0.0004613656,
  "sammify": 0.000371157,
  "rabino7515": 0.0005852873,
  "arriane001": 0.0002900293,
  "daileen23": 0.0008982906,
  "blueoctopus": 0.0005461126,
  "crstypatata": 0.0002976882,
  "mayt": 0.0005229709
}