{
  "gretelarmfeg": 0.0006726156,
  "anlizapasaje1234": 0.0005466135,
  "honeyjean24": 0.0005023735,
  "jeanieviv84": 0.0009982756,
  "diosarich": 0.0008396111,
  "vinzie1": 0.0008462145,
  "wanderelle": 0.0001826863,
  "krissymayol": 0.0003247716,
  "desyah07": 0.0003964708,
  "gracefulwrites": 0.0000371057,
  "katiekate86": 0.000566345,
  "celestyne15": 0.0008372937,
  "antonette": 0.0005794656,
  "superkristhel": 0.0008440688,
  "hopefulsoul": 0.0000756894,
  "ronimarie82": 0.0005075059,
  "dreamrona": 0.0006775005,
  "luthis26": 0.0002225322,
  "izyllah-aeon": 0.0001942475,
  "sethjournals": 0.0009994104,
  "yhanyx87": 0.000476241,
  "saijan19": 0.0007253989,
  "rizz26": 0.0005357205,
  "lj1728": 0.0002381208,
  "lolitaanana001": 0.0009144882,
  "vvodjiu": 0.0002635995,
  "segundolhou29": 0.0004480828,
  "suteru": 0.0005139179,
  "heymariel": 0.0001896375,
  "jocabanero4": 0.0000452321
}