{
  "gretelarmfeg": 0.4849015532,
  "anlizapasaje1234": 0.0005466135,
  "honeyjean24": 0.0058744184,
  "jeanieviv84": 0.1947601861,
  "diosarich": 0.1615984533,
  "vinzie1": 0.387634004,
  "wanderelle": 0.0496369605,
  "krissymayol": 0.0495379655,
  "desyah07": 0.0199708808,
  "gracefulwrites": 0.0152193546,
  "katiekate86": 0.2421654885,
  "celestyne15": 0.024302592,
  "antonette": 0.0496357002,
  "superkristhel": 0.0008440688,
  "hopefulsoul": 0.0256187304,
  "ronimarie82": 0.0729340449,
  "dreamrona": 0.0491952399,
  "luthis26": 0.0493145542,
  "izyllah-aeon": 0.0451576702,
  "sethjournals": 0.0009994104,
  "yhanyx87": 0.0068865237,
  "saijan19": 0.0249530597,
  "rizz26": 0.0149429033,
  "lj1728": 0.0487767494,
  "lolitaanana001": 0.0050800597,
  "vvodjiu": 0.0439379086,
  "segundolhou29": 0.0100925566
}