{
  "gretelarmfeg": 0.4198113967,
  "anlizapasaje1234": 0.0005466135,
  "honeyjean24": 0.0043689327,
  "jeanieviv84": 0.1542450623,
  "diosarich": 0.3772176854,
  "vinzie1": 0.3064240182,
  "wanderelle": 0.0386633169,
  "krissymayol": 0.0395087954,
  "desyah07": 0.0162534342,
  "gracefulwrites": 0.0121696427,
  "katiekate86": 0.1918655775,
  "celestyne15": 0.0198291763,
  "antonette": 0.0388725111,
  "superkristhel": 0.0008440688,
  "hopefulsoul": 0.0734027909,
  "ronimarie82": 0.0583979627,
  "dreamrona": 0.1898542989,
  "luthis26": 0.0000913985,
  "izyllah-aeon": 0.03623876,
  "sethjournals": 0.0009994104,
  "yhanyx87": 0.0060576136,
  "saijan19": 0.0194620148,
  "rizz26": 0.0120789511,
  "lj1728": 0.2262549295,
  "lolitaanana001": 0.0762991085,
  "vvodjiu": 0.2277477012,
  "segundolhou29": 0.0004480828,
  "suteru": 0.396750382,
  "heymariel": 0.0192954903,
  "jocabanero4": 0.0006433388,
  "sammify": 0.0071857839,
  "rabino7515": 0.0193402001,
  "arriane001": 0.01976275,
  "daileen23": 0.0348128389,
  "blueoctopus": 0.3457132733,
  "crstypatata": 0.1159519591,
  "mayt": 0.1156619623,
  "joanna112890": 0.0179029252,
  "hmayak": 0.0121853003,
  "olang23": 0.0006504411,
  "rodavlas": 0.000682828,
  "levieshome": 0.000375772,
  "serram007": 0.0002007046
}