{
  "gretelarmfeg": 0.0006020761,
  "anlizapasaje1234": 0.0005466135,
  "honeyjean24": 0.0003886463,
  "jeanieviv84": 0.0006166719,
  "diosarich": 0.0000561875,
  "vinzie1": 0.0005033851,
  "wanderelle": 0.0008903541,
  "krissymayol": 0.000383061,
  "desyah07": 0.0001007866,
  "gracefulwrites": 0.0000512864,
  "katiekate86": 0.0009044112,
  "celestyne15": 0.0006186054,
  "antonette": 0.0002752238,
  "superkristhel": 0.0008440688,
  "hopefulsoul": 0.0004136355,
  "ronimarie82": 0.0000533772,
  "dreamrona": 0.0002244219,
  "luthis26": 0.0000913985,
  "izyllah-aeon": 0.0009273302,
  "sethjournals": 0.0009994104,
  "yhanyx87": 0.0002451473,
  "saijan19": 0.0005741277,
  "rizz26": 0.0002723625,
  "lj1728": 0.0002739415,
  "lolitaanana001": 0.0002278936,
  "vvodjiu": 0.0004664706,
  "segundolhou29": 0.0004480828,
  "suteru": 0.0000131124,
  "heymariel": 0.0007482598,
  "jocabanero4": 0.0006433388,
  "sammify": 0.0009283247,
  "rabino7515": 0.0009830637,
  "arriane001": 0.0000192416,
  "daileen23": 0.0009228342,
  "blueoctopus": 0.000067641,
  "crstypatata": 0.0009491334,
  "mayt": 0.0003532816,
  "joanna112890": 0.0007578833,
  "hmayak": 0.0002954562,
  "olang23": 0.0006504411,
  "rodavlas": 0.000682828,
  "levieshome": 0.000375772,
  "serram007": 0.0002007046,
  "jovan1978": 0.0005170494,
  "mdsahin111": 0.0001364662
}