{
  "gretelarmfeg": 0.000580003,
  "anlizapasaje1234": 0.0005466135,
  "honeyjean24": 0.00028599,
  "jeanieviv84": 0.00070578,
  "diosarich": 0.0004299401,
  "vinzie1": 0.0009737539,
  "wanderelle": 0.0002765988,
  "krissymayol": 0.0003340072,
  "desyah07": 0.0005612242,
  "gracefulwrites": 0.000411177,
  "katiekate86": 0.0003658944,
  "celestyne15": 0.0003191397,
  "antonette": 0.0005335712,
  "superkristhel": 0.0008440688,
  "hopefulsoul": 0.0005809654,
  "ronimarie82": 0.0002613305,
  "dreamrona": 0.0006487266,
  "luthis26": 0.0001892077,
  "izyllah-aeon": 0.0003016682,
  "sethjournals": 0.0009994104,
  "yhanyx87": 0.0000047117,
  "saijan19": 0.0007725391,
  "rizz26": 0.0009887972,
  "lj1728": 0.0000641386,
  "lolitaanana001": 0.0001301687,
  "vvodjiu": 0.0001330951,
  "segundolhou29": 0.0005255056,
  "suteru": 0.000181115,
  "heymariel": 0.0007155285
}