{
  "gretelarmfeg": 0.0006118758,
  "anlizapasaje1234": 0.0005466135,
  "honeyjean24": 0.0005867918,
  "jeanieviv84": 0.0001193031,
  "diosarich": 0.0007865138,
  "vinzie1": 0.0003997082,
  "wanderelle": 0.0003567585,
  "krissymayol": 0.0003904663,
  "desyah07": 0.0007729084,
  "gracefulwrites": 0.0003200819,
  "katiekate86": 0.000978634,
  "celestyne15": 0.000980943,
  "antonette": 0.0005745996,
  "superkristhel": 0.0008440688,
  "hopefulsoul": 0.0000968942,
  "ronimarie82": 0.0000531332,
  "dreamrona": 0.0000283159,
  "luthis26": 0.0002337544,
  "izyllah-aeon": 0.0001845577,
  "sethjournals": 0.0009994104,
  "yhanyx87": 0.000834625,
  "saijan19": 0.0003126704,
  "rizz26": 0.0009198153,
  "lj1728": 0.0003492108,
  "lolitaanana001": 0.0007493756,
  "vvodjiu": 0.0000689701,
  "segundolhou29": 0.000186237,
  "suteru": 0.0001344431,
  "heymariel": 0.0003896598
}