{
  "gretelarmfeg": 0.000586788,
  "anlizapasaje1234": 0.0005466135,
  "honeyjean24": 0.0007573723,
  "jeanieviv84": 0.000634748,
  "diosarich": 0.0001191472,
  "vinzie1": 0.0009907768,
  "wanderelle": 0.000869608,
  "krissymayol": 0.0002952327,
  "desyah07": 0.0003150489,
  "gracefulwrites": 0.0007243439,
  "katiekate86": 0.0005020112,
  "celestyne15": 0.0002245282,
  "antonette": 0.0007345296,
  "superkristhel": 0.0008440688,
  "hopefulsoul": 0.0009372566,
  "ronimarie82": 0.0009854083,
  "dreamrona": 0.0004281286,
  "luthis26": 0.0003355062,
  "izyllah-aeon": 0.0003509833,
  "sethjournals": 0.0009994104,
  "yhanyx87": 0.0003280712,
  "saijan19": 0.0005682441,
  "rizz26": 0.0009584096,
  "lj1728": 0.0007687055,
  "lolitaanana001": 0.0009722798,
  "vvodjiu": 0.00047077,
  "segundolhou29": 0.0004480828,
  "suteru": 0.0007464822,
  "heymariel": 0.0004293873,
  "jocabanero4": 0.0004038554,
  "sammify": 0.0008763598,
  "rabino7515": 0.0002508258,
  "arriane001": 0.0001242547,
  "daileen23": 0.0008398529
}