{
  "gretelarmfeg": 0.0002498754,
  "anlizapasaje1234": 0.0005466135,
  "honeyjean24": 0.0006913227,
  "jeanieviv84": 0.0005510649,
  "diosarich": 0.0004802259,
  "vinzie1": 0.0009479107,
  "wanderelle": 0.0001539586,
  "krissymayol": 0.0009118055,
  "desyah07": 0.0005743382,
  "gracefulwrites": 0.0001608446,
  "katiekate86": 0.0007998817,
  "celestyne15": 0.0000245636,
  "antonette": 0.0002184672,
  "superkristhel": 0.0008440688,
  "hopefulsoul": 0.000525213,
  "ronimarie82": 0.0002682723,
  "dreamrona": 0.0003549484,
  "luthis26": 0.0000913985,
  "izyllah-aeon": 0.0000923623,
  "sethjournals": 0.0009994104,
  "yhanyx87": 0.0009414633,
  "saijan19": 0.0002075259,
  "rizz26": 0.0001519156,
  "lj1728": 0.0008466584,
  "lolitaanana001": 0.0001370936,
  "vvodjiu": 0.00067001,
  "segundolhou29": 0.0004480828,
  "suteru": 0.0000391972,
  "heymariel": 0.0005364599,
  "jocabanero4": 0.0006433388,
  "sammify": 0.0008494608,
  "rabino7515": 0.0006908273,
  "arriane001": 0.000978063,
  "daileen23": 0.000314705,
  "blueoctopus": 0.0007806517,
  "crstypatata": 0.0009630734,
  "mayt": 0.000714488,
  "joanna112890": 0.0007486403,
  "hmayak": 0.0007662357,
  "olang23": 0.0006504411,
  "rodavlas": 0.000682828,
  "levieshome": 0.000375772,
  "serram007": 0.0002007046
}