{
  "gretelarmfeg": 0.0004061565,
  "anlizapasaje1234": 0.0007879187,
  "honeyjean24": 0.0006068042,
  "jeanieviv84": 0.0000155182,
  "diosarich": 0.0006882443,
  "vinzie1": 0.0004915227,
  "wanderelle": 0.0001643853,
  "krissymayol": 0.0000129365,
  "desyah07": 0.0002768683,
  "gracefulwrites": 0.0007051378,
  "katiekate86": 0.0006768108,
  "celestyne15": 0.0005940295,
  "antonette": 0.0004254538,
  "superkristhel": 0.0006397445,
  "hopefulsoul": 0.0009077097,
  "ronimarie82": 0.0006344085,
  "dreamrona": 0.0009064009,
  "luthis26": 0.0002605399,
  "izyllah-aeon": 0.0003362626,
  "sethjournals": 0.0009994104,
  "yhanyx87": 0.0003022323,
  "saijan19": 0.0002190582
}