{
  "gretelarmfeg": 0.0006238437,
  "anlizapasaje1234": 0.0005466135,
  "honeyjean24": 0.0001509181,
  "jeanieviv84": 0.000889929,
  "diosarich": 0.0006685771,
  "vinzie1": 0.0003533944,
  "wanderelle": 0.0006326577,
  "krissymayol": 0.0007719757,
  "desyah07": 0.0006339579,
  "gracefulwrites": 0.0007092578,
  "katiekate86": 0.0008222065,
  "celestyne15": 0.0004406094,
  "antonette": 0.0006759335,
  "superkristhel": 0.0008440688,
  "hopefulsoul": 0.0002947298,
  "ronimarie82": 0.0004637193,
  "dreamrona": 0.0007550773,
  "luthis26": 0.0000913985,
  "izyllah-aeon": 0.0007157412,
  "sethjournals": 0.0009994104,
  "yhanyx87": 0.0000143182,
  "saijan19": 0.000448219,
  "rizz26": 0.0002774315,
  "lj1728": 0.0000105056,
  "lolitaanana001": 0.0005625091,
  "vvodjiu": 0.0002234719,
  "segundolhou29": 0.0004480828,
  "suteru": 0.0001594534,
  "heymariel": 0.000274237,
  "jocabanero4": 0.0005351557,
  "sammify": 0.0000768729,
  "rabino7515": 0.000202599,
  "arriane001": 0.0005969866,
  "daileen23": 0.0004675288,
  "blueoctopus": 0.000925752,
  "crstypatata": 0.0001736928,
  "mayt": 0.0002174014,
  "joanna112890": 0.0004940507
}