{
  "gretelarmfeg": 0.0003939943,
  "anlizapasaje1234": 0.0005466135,
  "honeyjean24": 0.0001067175,
  "jeanieviv84": 0.0009968779,
  "diosarich": 0.0003341826,
  "vinzie1": 0.0004443426,
  "wanderelle": 0.0006280146,
  "krissymayol": 0.0002662751,
  "desyah07": 0.0009210091,
  "gracefulwrites": 0.0001655829,
  "katiekate86": 0.000007648,
  "celestyne15": 0.0002398895,
  "antonette": 0.0002752238,
  "superkristhel": 0.0008440688,
  "hopefulsoul": 0.0004009796,
  "ronimarie82": 0.0001062381,
  "dreamrona": 0.0008071835,
  "luthis26": 0.0000913985,
  "izyllah-aeon": 0.0004524459,
  "sethjournals": 0.0009994104,
  "yhanyx87": 0.0009964592,
  "saijan19": 0.0009426418,
  "rizz26": 0.0000429659,
  "lj1728": 0.0005912052,
  "lolitaanana001": 0.000811923,
  "vvodjiu": 0.0009655609,
  "segundolhou29": 0.0004480828,
  "suteru": 0.0008542498,
  "heymariel": 0.0002938333,
  "jocabanero4": 0.0006433388,
  "sammify": 0.0003501758,
  "rabino7515": 0.0003464995,
  "arriane001": 0.0009464622,
  "daileen23": 0.0001889341,
  "blueoctopus": 0.0009867544,
  "crstypatata": 0.000161338,
  "mayt": 0.0007468018,
  "joanna112890": 0.0002335033,
  "hmayak": 0.0005840917,
  "olang23": 0.0006504411,
  "rodavlas": 0.000682828,
  "levieshome": 0.000375772,
  "serram007": 0.0002007046,
  "jovan1978": 0.0006812896,
  "mdsahin111": 0.0006616776
}