{
  "gretelarmfeg": 0.000555433,
  "anlizapasaje1234": 0.0005466135,
  "honeyjean24": 0.0005057524,
  "jeanieviv84": 0.0009028354,
  "diosarich": 0.0003884551,
  "vinzie1": 0.0000059945,
  "wanderelle": 0.0005251197,
  "krissymayol": 0.0005513858,
  "desyah07": 0.000093732,
  "gracefulwrites": 0.0008047643,
  "katiekate86": 0.0000654728,
  "celestyne15": 0.0009674606,
  "antonette": 0.0003817396,
  "superkristhel": 0.0008440688,
  "hopefulsoul": 0.0003228066,
  "ronimarie82": 0.0001207683,
  "dreamrona": 0.0002093961,
  "luthis26": 0.0000913985,
  "izyllah-aeon": 0.0009772168,
  "sethjournals": 0.0009994104,
  "yhanyx87": 0.0003530184,
  "saijan19": 0.0003946953,
  "rizz26": 0.0004784181,
  "lj1728": 0.0004474611,
  "lolitaanana001": 0.0000793664,
  "vvodjiu": 0.0003848496,
  "segundolhou29": 0.0004480828,
  "suteru": 0.0006916834,
  "heymariel": 0.0008598928,
  "jocabanero4": 0.0001782494,
  "sammify": 0.0006811502,
  "rabino7515": 0.0009297215,
  "arriane001": 0.0009610476,
  "daileen23": 0.0002218314,
  "blueoctopus": 0.0004490617,
  "crstypatata": 0.0000276806,
  "mayt": 0.0001248132
}