{
  "gretelarmfeg": 0.0008427924,
  "anlizapasaje1234": 0.0005466135,
  "honeyjean24": 0.0006231486,
  "jeanieviv84": 0.0008407143,
  "diosarich": 0.0000396657,
  "vinzie1": 0.0000219771,
  "wanderelle": 0.0009079857,
  "krissymayol": 0.0008511973,
  "desyah07": 0.0002353404,
  "gracefulwrites": 0.0009054877,
  "katiekate86": 0.0000912942,
  "celestyne15": 0.0004495654,
  "antonette": 0.0002752238,
  "superkristhel": 0.0008440688,
  "hopefulsoul": 0.0001209536,
  "ronimarie82": 0.0000574985,
  "dreamrona": 0.0007567736,
  "luthis26": 0.0000913985,
  "izyllah-aeon": 0.0009259392,
  "sethjournals": 0.0009994104,
  "yhanyx87": 0.0003772653,
  "saijan19": 0.0005841369,
  "rizz26": 0.000723609,
  "lj1728": 0.0000408092,
  "lolitaanana001": 0.0007836368,
  "vvodjiu": 0.0008565097,
  "segundolhou29": 0.0004480828,
  "suteru": 0.0004966266,
  "heymariel": 0.0008650428,
  "jocabanero4": 0.0006433388,
  "sammify": 0.000327333,
  "rabino7515": 0.000787455,
  "arriane001": 0.0002456476,
  "daileen23": 0.0009791562,
  "blueoctopus": 0.0002068437,
  "crstypatata": 0.0005008923,
  "mayt": 0.0001647104,
  "joanna112890": 0.0003803762,
  "hmayak": 0.0001511684,
  "olang23": 0.0006504411,
  "rodavlas": 0.000682828,
  "levieshome": 0.000375772,
  "serram007": 0.0002007046
}