{
  "gretelarmfeg": 0.0003306694,
  "anlizapasaje1234": 0.0009848106,
  "honeyjean24": 0.0003150292,
  "jeanieviv84": 0.0001621767,
  "diosarich": 0.0000845402,
  "vinzie1": 0.0007771856,
  "wanderelle": 0.0000573038,
  "krissymayol": 0.0009680551,
  "desyah07": 0.0000875202,
  "gracefulwrites": 0.0008127549,
  "katiekate86": 0.0007011677,
  "celestyne15": 0.0009949413,
  "antonette": 0.0004210688,
  "superkristhel": 0.0008440688,
  "hopefulsoul": 0.0007029578,
  "ronimarie82": 0.0001284229,
  "dreamrona": 0.0007013883,
  "luthis26": 0.0002469216,
  "izyllah-aeon": 0.0007485532,
  "sethjournals": 0.0009994104,
  "yhanyx87": 0.0008706766,
  "saijan19": 0.0006653824
}