{
  "gretelarmfeg": 0.0003556398,
  "anlizapasaje1234": 0.0005466135,
  "honeyjean24": 0.0006456848,
  "jeanieviv84": 0.0004449382,
  "diosarich": 0.0000704068,
  "vinzie1": 0.0002421061,
  "wanderelle": 0.0002922544,
  "krissymayol": 0.0001976851,
  "desyah07": 0.0006966819,
  "gracefulwrites": 0.0002576994,
  "katiekate86": 0.0000801329,
  "celestyne15": 0.0004716251,
  "antonette": 0.0009493671,
  "superkristhel": 0.0008440688,
  "hopefulsoul": 0.0003563034,
  "ronimarie82": 0.0006461716,
  "dreamrona": 0.000547782,
  "luthis26": 0.0000913985,
  "izyllah-aeon": 0.0000338463,
  "sethjournals": 0.0009994104,
  "yhanyx87": 0.0009937432,
  "saijan19": 0.000278525,
  "rizz26": 0.0000440955,
  "lj1728": 0.0008753207,
  "lolitaanana001": 0.0005069485,
  "vvodjiu": 0.0004690865,
  "segundolhou29": 0.0004480828,
  "suteru": 0.0009764021,
  "heymariel": 0.0004269106,
  "jocabanero4": 0.000344478,
  "sammify": 0.0001237743,
  "rabino7515": 0.0006479464,
  "arriane001": 0.0003206941,
  "daileen23": 0.0003789216,
  "blueoctopus": 0.0009791116,
  "crstypatata": 0.0008913956,
  "mayt": 0.0000456308
}