{
  "gretelarmfeg": 0.0007105774,
  "anlizapasaje1234": 0.0005466135,
  "honeyjean24": 0.0000359661,
  "jeanieviv84": 0.0002725269,
  "diosarich": 0.0005379416,
  "vinzie1": 0.0008459658,
  "wanderelle": 0.000290359,
  "krissymayol": 0.0004930099,
  "desyah07": 0.000151497,
  "gracefulwrites": 0.0003470335,
  "katiekate86": 0.0008721464,
  "celestyne15": 0.0004441891,
  "antonette": 0.0004382016,
  "superkristhel": 0.0008440688,
  "hopefulsoul": 0.000390084,
  "ronimarie82": 0.0009918176,
  "dreamrona": 0.0006122947,
  "luthis26": 0.0000913985,
  "izyllah-aeon": 0.0008839495,
  "sethjournals": 0.0009994104,
  "yhanyx87": 0.0008298944,
  "saijan19": 0.0007769319,
  "rizz26": 0.0008561161,
  "lj1728": 0.0006218228,
  "lolitaanana001": 0.0007499902,
  "vvodjiu": 0.0009460701,
  "segundolhou29": 0.0004480828,
  "suteru": 0.0005530946,
  "heymariel": 0.0002448736,
  "jocabanero4": 0.0005577319,
  "sammify": 0.0006651595,
  "rabino7515": 0.0000939841,
  "arriane001": 0.0000423991,
  "daileen23": 0.0007362385,
  "blueoctopus": 0.0001468628,
  "crstypatata": 0.0007325221,
  "mayt": 0.0007463018,
  "joanna112890": 0.0000599049
}