{
  "gretelarmfeg": 0.0003929177,
  "anlizapasaje1234": 0.0005466135,
  "honeyjean24": 0.0003836796,
  "jeanieviv84": 0.0008046796,
  "diosarich": 0.0004336644,
  "vinzie1": 0.0001409752,
  "wanderelle": 0.0005071852,
  "krissymayol": 0.0007953541,
  "desyah07": 0.0005117628,
  "gracefulwrites": 0.0003667213,
  "katiekate86": 0.0005832637,
  "celestyne15": 0.000613391,
  "antonette": 0.0007962238,
  "superkristhel": 0.0008440688,
  "hopefulsoul": 0.0000236747,
  "ronimarie82": 0.0001980102,
  "dreamrona": 0.0004057066,
  "luthis26": 0.0000913985,
  "izyllah-aeon": 0.0009877643,
  "sethjournals": 0.0009994104,
  "yhanyx87": 0.0004849734,
  "saijan19": 0.0003851593,
  "rizz26": 0.0007960136,
  "lj1728": 0.0009166162,
  "lolitaanana001": 0.0009815883,
  "vvodjiu": 0.000393338,
  "segundolhou29": 0.0004480828,
  "suteru": 0.0006714066,
  "heymariel": 0.0003695928,
  "jocabanero4": 0.0005666599,
  "sammify": 0.0004145036,
  "rabino7515": 0.0001116904,
  "arriane001": 0.0000508744,
  "daileen23": 0.0002575792,
  "blueoctopus": 0.0007526075,
  "crstypatata": 0.0004655491,
  "mayt": 0.0004389159,
  "joanna112890": 0.0007280793,
  "hmayak": 0.0008443144
}