{
  "gretelarmfeg": 0.0004304353,
  "anlizapasaje1234": 0.0003015848,
  "honeyjean24": 0.000837986,
  "jeanieviv84": 0.0001124144,
  "diosarich": 0.0007699391,
  "vinzie1": 0.0007798935,
  "wanderelle": 0.0005604845,
  "krissymayol": 0.0000383974,
  "desyah07": 0.0009764827,
  "gracefulwrites": 0.0002260856,
  "katiekate86": 0.0004028485,
  "celestyne15": 0.0008991728,
  "antonette": 0.0008606713,
  "superkristhel": 0.0008440688,
  "hopefulsoul": 0.0004455697,
  "ronimarie82": 0.0003820009,
  "dreamrona": 0.0006542162,
  "luthis26": 0.0006023317,
  "izyllah-aeon": 0.0006994824,
  "sethjournals": 0.0009994104,
  "yhanyx87": 0.0005924482,
  "saijan19": 0.0004157406,
  "rizz26": 0.0003443897,
  "lj1728": 0.0008600504
}