{
  "gretelarmfeg": 0.000915313,
  "anlizapasaje1234": 0.0005466135,
  "honeyjean24": 0.0007148669,
  "jeanieviv84": 0.000792615,
  "diosarich": 0.0000280199,
  "vinzie1": 0.0001786332,
  "wanderelle": 0.0009047173,
  "krissymayol": 0.0008362189,
  "desyah07": 0.000964085,
  "gracefulwrites": 0.0004580959,
  "katiekate86": 0.0008092906,
  "celestyne15": 0.0006439587,
  "antonette": 0.0006048749,
  "superkristhel": 0.0008440688,
  "hopefulsoul": 0.0003741442,
  "ronimarie82": 0.0003761434,
  "dreamrona": 0.0005141655,
  "luthis26": 0.0000913985,
  "izyllah-aeon": 0.0005632579,
  "sethjournals": 0.0009994104,
  "yhanyx87": 0.000680928,
  "saijan19": 0.0005846997,
  "rizz26": 0.000220167,
  "lj1728": 0.0001948252,
  "lolitaanana001": 0.0005686038,
  "vvodjiu": 0.000209194,
  "segundolhou29": 0.0004480828,
  "suteru": 0.0007323441,
  "heymariel": 0.0005856832,
  "jocabanero4": 0.0002307265,
  "sammify": 0.000363996,
  "rabino7515": 0.000774095,
  "arriane001": 0.0003836532,
  "daileen23": 0.0004273919,
  "blueoctopus": 0.0003419217,
  "crstypatata": 0.0000515076,
  "mayt": 0.0001934225
}