{
  "gretelarmfeg": 0.0006502924,
  "anlizapasaje1234": 0.0005466135,
  "honeyjean24": 0.000404899,
  "jeanieviv84": 0.0000445717,
  "diosarich": 0.0007369344,
  "vinzie1": 0.0004099102,
  "wanderelle": 0.0009280966,
  "krissymayol": 0.0008191707,
  "desyah07": 0.0007386739,
  "gracefulwrites": 0.0005392792,
  "katiekate86": 0.0009934762,
  "celestyne15": 0.0003632801,
  "antonette": 0.0005615056,
  "superkristhel": 0.0008440688,
  "hopefulsoul": 0.0009447129,
  "ronimarie82": 0.0002038592,
  "dreamrona": 0.000934947,
  "luthis26": 0.0000913985,
  "izyllah-aeon": 0.0003674394,
  "sethjournals": 0.0009994104,
  "yhanyx87": 0.0008619681,
  "saijan19": 0.0000964773,
  "rizz26": 0.0003390704,
  "lj1728": 0.0006590412,
  "lolitaanana001": 0.0004619999,
  "vvodjiu": 0.0009943011,
  "segundolhou29": 0.0004480828,
  "suteru": 0.0001898664,
  "heymariel": 0.0003260332,
  "jocabanero4": 0.000265436,
  "sammify": 0.0001367849,
  "rabino7515": 0.0005650341,
  "arriane001": 0.0007793014,
  "daileen23": 0.0007441629,
  "blueoctopus": 0.0007255392,
  "crstypatata": 0.0007763349,
  "mayt": 0.0009373545
}