{
  "gretelarmfeg": 1.1671633185,
  "anlizapasaje1234": 0.0005466135,
  "honeyjean24": 0.0112405733,
  "jeanieviv84": 0.4284020983,
  "diosarich": 1.0487954957,
  "vinzie1": 0.8517679541,
  "wanderelle": 0.1072457115,
  "krissymayol": 0.1081352163,
  "desyah07": 0.0437242493,
  "gracefulwrites": 0.0327724906,
  "katiekate86": 0.532526245,
  "celestyne15": 0.0538942598,
  "antonette": 0.107527596,
  "superkristhel": 0.0008440688,
  "hopefulsoul": 0.2034630624,
  "ronimarie82": 0.1609528583,
  "dreamrona": 0.52721603,
  "luthis26": 0.0000913985,
  "izyllah-aeon": 0.0996147962,
  "sethjournals": 0.0009994104,
  "yhanyx87": 0.0156615806,
  "saijan19": 0.0537531164,
  "rizz26": 0.0326407216,
  "lj1728": 0.628882991,
  "lolitaanana001": 0.2103084072,
  "vvodjiu": 0.6332240832,
  "segundolhou29": 0.0004480828,
  "suteru": 1.1029806389,
  "heymariel": 0.0533376733,
  "jocabanero4": 0.0006433388,
  "sammify": 0.0194123692,
  "rabino7515": 0.0533272911,
  "arriane001": 0.0533154222,
  "daileen23": 0.055159129,
  "blueoctopus": 0.5486492976,
  "crstypatata": 0.1837704674,
  "mayt": 0.1834596654,
  "joanna112890": 0.0280284516,
  "hmayak": 0.0189270476,
  "olang23": 0.0006504411,
  "rodavlas": 0.000682828,
  "levieshome": 0.000375772,
  "serram007": 0.0002007046
}