{
  "gretelarmfeg": 0.000756182,
  "anlizapasaje1234": 0.0005466135,
  "honeyjean24": 0.0009025048,
  "jeanieviv84": 0.0003387075,
  "diosarich": 0.0003184852,
  "vinzie1": 0.0009079277,
  "wanderelle": 0.000275773,
  "krissymayol": 0.0007018121,
  "desyah07": 0.0005377495,
  "gracefulwrites": 0.0008853868,
  "katiekate86": 0.0003761476,
  "celestyne15": 0.0002896003,
  "antonette": 0.0007924443,
  "superkristhel": 0.0008440688,
  "hopefulsoul": 0.0003127615,
  "ronimarie82": 0.0003528816,
  "dreamrona": 0.0007939831,
  "luthis26": 0.0000913985,
  "izyllah-aeon": 0.0004524267,
  "sethjournals": 0.0009994104,
  "yhanyx87": 0.0005601908,
  "saijan19": 0.0007691538,
  "rizz26": 0.0001860432,
  "lj1728": 0.0004780986,
  "lolitaanana001": 0.0005496446,
  "vvodjiu": 0.0009497971,
  "segundolhou29": 0.0004480828,
  "suteru": 0.0004631093,
  "heymariel": 0.0009740884,
  "jocabanero4": 0.0007757337,
  "sammify": 0.000702558,
  "rabino7515": 0.000543663,
  "arriane001": 0.000266251,
  "daileen23": 0.0009728228,
  "blueoctopus": 0.0007307063,
  "crstypatata": 0.0008419956,
  "mayt": 0.0007502102,
  "joanna112890": 0.0004365815,
  "hmayak": 0.0009563728
}