{
  "gretelarmfeg": 0.0000790353,
  "anlizapasaje1234": 0.0005466135,
  "honeyjean24": 0.0000644994,
  "jeanieviv84": 0.0000031542,
  "diosarich": 0.0004035342,
  "vinzie1": 0.0001784501,
  "wanderelle": 0.0001481507,
  "krissymayol": 0.0008053615,
  "desyah07": 0.0007453585,
  "gracefulwrites": 0.0000337317,
  "katiekate86": 0.0001754901,
  "celestyne15": 0.0009026307,
  "antonette": 0.0002752238,
  "superkristhel": 0.0008440688,
  "hopefulsoul": 0.0003832318,
  "ronimarie82": 0.0002492647,
  "dreamrona": 0.0003311388,
  "luthis26": 0.0000913985,
  "izyllah-aeon": 0.0007315927,
  "sethjournals": 0.0009994104,
  "yhanyx87": 0.0001303249,
  "saijan19": 0.0007026687,
  "rizz26": 0.0005784156,
  "lj1728": 0.0001444828,
  "lolitaanana001": 0.0003964898,
  "vvodjiu": 0.0007167744,
  "segundolhou29": 0.0004480828,
  "suteru": 0.0008391631,
  "heymariel": 0.0009467173,
  "jocabanero4": 0.0006433388,
  "sammify": 0.0006129034,
  "rabino7515": 0.0009756701,
  "arriane001": 0.0003886446,
  "daileen23": 0.0009466518,
  "blueoctopus": 0.0003371463,
  "crstypatata": 0.0003526721,
  "mayt": 0.0005334445,
  "joanna112890": 0.0005918655,
  "hmayak": 0.0004859632,
  "olang23": 0.0006504411,
  "rodavlas": 0.000682828,
  "levieshome": 0.000375772,
  "serram007": 0.0002007046,
  "jovan1978": 0.0006751112,
  "mdsahin111": 0.0002762989
}