{
  "gretelarmfeg": 0.0003038956,
  "anlizapasaje1234": 0.0005466135,
  "honeyjean24": 0.0002283742,
  "jeanieviv84": 0.0001024631,
  "diosarich": 0.0002978396,
  "vinzie1": 0.000107816,
  "wanderelle": 0.0002940856,
  "krissymayol": 0.0007990957,
  "desyah07": 0.0008129801,
  "gracefulwrites": 0.0008413377,
  "katiekate86": 0.0004294757,
  "celestyne15": 0.0003931695,
  "antonette": 0.0009411434,
  "superkristhel": 0.0008440688,
  "hopefulsoul": 0.0006057987,
  "ronimarie82": 0.0003086953,
  "dreamrona": 0.0009299094,
  "luthis26": 0.0000913985,
  "izyllah-aeon": 0.0001319368,
  "sethjournals": 0.0009994104,
  "yhanyx87": 0.0007871164,
  "saijan19": 0.0002781386,
  "rizz26": 0.0000683119,
  "lj1728": 0.0008205639,
  "lolitaanana001": 0.0007347096,
  "vvodjiu": 0.0005034211,
  "segundolhou29": 0.0004480828,
  "suteru": 0.0002496507,
  "heymariel": 0.0000365802,
  "jocabanero4": 0.0007551754,
  "sammify": 0.0006337535,
  "rabino7515": 0.0005073346,
  "arriane001": 0.0007477376,
  "daileen23": 0.0004685778,
  "blueoctopus": 0.0001559162,
  "crstypatata": 0.0004901021,
  "mayt": 0.0003609978,
  "joanna112890": 0.0005990441,
  "hmayak": 0.0000492486
}