{
  "gretelarmfeg": 0.000329693,
  "anlizapasaje1234": 0.0004351102,
  "honeyjean24": 0.0008305859,
  "jeanieviv84": 0.0005697591,
  "diosarich": 0.0006288872,
  "vinzie1": 0.000233952,
  "wanderelle": 0.0008195426,
  "krissymayol": 0.0008195264,
  "desyah07": 0.0002700231,
  "gracefulwrites": 0.0004516426,
  "katiekate86": 0.0001697125,
  "celestyne15": 0.0001100562,
  "antonette": 0.0000449975,
  "superkristhel": 0.0009615489,
  "hopefulsoul": 0.0009687367,
  "ronimarie82": 0.0009608927,
  "dreamrona": 0.0009685757,
  "luthis26": 0.0009207675,
  "izyllah-aeon": 0.0007101502
}