{
  "gretelarmfeg": 0.0004243497,
  "anlizapasaje1234": 0.0005466135,
  "honeyjean24": 0.0003626572,
  "jeanieviv84": 0.0007933115,
  "diosarich": 0.0006266063,
  "vinzie1": 0.0005115815,
  "wanderelle": 0.0003450909,
  "krissymayol": 0.0009603955,
  "desyah07": 0.0006683437,
  "gracefulwrites": 0.0004881805,
  "katiekate86": 0.0001800636,
  "celestyne15": 0.0009880975,
  "antonette": 0.0005231861,
  "superkristhel": 0.0008440688,
  "hopefulsoul": 0.0002796274,
  "ronimarie82": 0.0008255847,
  "dreamrona": 0.0006242415,
  "luthis26": 0.0000913985,
  "izyllah-aeon": 0.000395764,
  "sethjournals": 0.0009994104,
  "yhanyx87": 0.0007051155,
  "saijan19": 0.0003055735,
  "rizz26": 0.0005452709,
  "lj1728": 0.000622532,
  "lolitaanana001": 0.0008531517,
  "vvodjiu": 0.0004042059,
  "segundolhou29": 0.0004480828,
  "suteru": 0.0009924776,
  "heymariel": 0.0000942935,
  "jocabanero4": 0.0006565099,
  "sammify": 0.0005525054,
  "rabino7515": 0.0006783774,
  "arriane001": 0.0003371921,
  "daileen23": 0.0003000793,
  "blueoctopus": 0.0006786551,
  "crstypatata": 0.0009781227,
  "mayt": 0.0002694605
}