{
  "gretelarmfeg": 0.0008432926,
  "anlizapasaje1234": 0.0005394315,
  "honeyjean24": 0.0001824344,
  "jeanieviv84": 0.0001138446,
  "diosarich": 0.0006790344,
  "vinzie1": 0.0006575923,
  "wanderelle": 0.0009928602,
  "krissymayol": 0.0001462258,
  "desyah07": 0.0004703617,
  "gracefulwrites": 0.0003484352,
  "katiekate86": 0.0001494057,
  "celestyne15": 0.0006691445,
  "antonette": 0.0007571976,
  "superkristhel": 0.0008440688,
  "hopefulsoul": 0.0008250691,
  "ronimarie82": 0.0002816928,
  "dreamrona": 0.0004973292,
  "luthis26": 0.0005470357,
  "izyllah-aeon": 0.0001350671,
  "sethjournals": 0.0009994104,
  "yhanyx87": 0.0007950551,
  "saijan19": 0.0006326335,
  "rizz26": 0.00076955
}