{
  "gretelarmfeg": 0.0000188494,
  "anlizapasaje1234": 0.0005466135,
  "honeyjean24": 0.0007780169,
  "jeanieviv84": 0.0008660178,
  "diosarich": 0.0007806043,
  "vinzie1": 0.0003205021,
  "wanderelle": 0.0003702488,
  "krissymayol": 0.0000133263,
  "desyah07": 0.0009621665,
  "gracefulwrites": 0.0004524021,
  "katiekate86": 0.000750139,
  "celestyne15": 0.0002221525,
  "antonette": 0.0002452652,
  "superkristhel": 0.0008440688,
  "hopefulsoul": 0.0004781738,
  "ronimarie82": 0.0009234999,
  "dreamrona": 0.000905023,
  "luthis26": 0.0000913985,
  "izyllah-aeon": 0.0008808251,
  "sethjournals": 0.0009994104,
  "yhanyx87": 0.0009054048,
  "saijan19": 0.0008159202,
  "rizz26": 0.0005505559,
  "lj1728": 0.0005186526,
  "lolitaanana001": 0.000210392,
  "vvodjiu": 0.000655711,
  "segundolhou29": 0.0004480828,
  "suteru": 0.0000059999,
  "heymariel": 0.0007937466,
  "jocabanero4": 0.0006433388,
  "sammify": 0.0009766414,
  "rabino7515": 0.0000917308,
  "arriane001": 0.0000393254,
  "daileen23": 0.0002750694,
  "blueoctopus": 0.0007577815,
  "crstypatata": 0.0001706976,
  "mayt": 0.0009763481,
  "joanna112890": 0.0003529568,
  "hmayak": 0.0001915422,
  "olang23": 0.0006504411,
  "rodavlas": 0.000682828,
  "levieshome": 0.000375772,
  "serram007": 0.0002007046
}