{
  "gretelarmfeg": 0.0005888915,
  "anlizapasaje1234": 0.0007689351,
  "honeyjean24": 0.000621538,
  "jeanieviv84": 0.0008293668,
  "diosarich": 0.0003401523,
  "vinzie1": 0.0000081104,
  "wanderelle": 0.0009798995,
  "krissymayol": 0.0009374633,
  "desyah07": 0.0002968115,
  "gracefulwrites": 0.0007194435,
  "katiekate86": 0.0007226853,
  "celestyne15": 0.0005962648,
  "antonette": 0.000420955,
  "superkristhel": 0.0008440688,
  "hopefulsoul": 0.000900656,
  "ronimarie82": 0.0006255114,
  "dreamrona": 0.0007321698,
  "luthis26": 0.0002398588,
  "izyllah-aeon": 0.0009030923,
  "sethjournals": 0.0009994104,
  "yhanyx87": 0.0000824256,
  "saijan19": 0.0001265786,
  "rizz26": 0.000323246
}