{
  "gretelarmfeg": 0.0003933186,
  "anlizapasaje1234": 0.0005466135,
  "honeyjean24": 0.0006238609,
  "jeanieviv84": 0.0006054105,
  "diosarich": 0.0003624486,
  "vinzie1": 0.0008947939,
  "wanderelle": 0.0002694621,
  "krissymayol": 0.0001106835,
  "desyah07": 0.0006323529,
  "gracefulwrites": 0.0002098365,
  "katiekate86": 0.0002495486,
  "celestyne15": 0.0007900007,
  "antonette": 0.000820561,
  "superkristhel": 0.0008440688,
  "hopefulsoul": 0.0006721783,
  "ronimarie82": 0.0000767802,
  "dreamrona": 0.0003828758,
  "luthis26": 0.0000913985,
  "izyllah-aeon": 0.0006041763,
  "sethjournals": 0.0009994104,
  "yhanyx87": 0.0009870056,
  "saijan19": 0.0002672685,
  "rizz26": 0.0000561415,
  "lj1728": 0.0003168526,
  "lolitaanana001": 0.0008809815,
  "vvodjiu": 0.0003603501,
  "segundolhou29": 0.0004480828,
  "suteru": 0.0000450809,
  "heymariel": 0.0007786849,
  "jocabanero4": 0.0009273392,
  "sammify": 0.0002921251,
  "rabino7515": 0.0000800688,
  "arriane001": 0.0005370393,
  "daileen23": 0.0007052312,
  "blueoctopus": 0.0000567968,
  "crstypatata": 0.00098268,
  "mayt": 0.0001672582
}