{
  "gretelarmfeg": 0.0003989679,
  "anlizapasaje1234": 0.0005466135,
  "honeyjean24": 0.0009639094,
  "jeanieviv84": 0.0002010315,
  "diosarich": 0.0006185127,
  "vinzie1": 0.0003349587,
  "wanderelle": 0.0009666301,
  "krissymayol": 0.0003674348,
  "desyah07": 0.0007923939,
  "gracefulwrites": 0.000076521,
  "katiekate86": 0.0001208064,
  "celestyne15": 0.0007646297,
  "antonette": 0.0004416378,
  "superkristhel": 0.0008440688,
  "hopefulsoul": 0.0007665484,
  "ronimarie82": 0.0005718333,
  "dreamrona": 0.0004294823,
  "luthis26": 0.0000913985,
  "izyllah-aeon": 0.000127395,
  "sethjournals": 0.0009994104,
  "yhanyx87": 0.000055517,
  "saijan19": 0.0001146372,
  "rizz26": 0.0004007216,
  "lj1728": 0.0006955663,
  "lolitaanana001": 0.0008262957,
  "vvodjiu": 0.0001411745,
  "segundolhou29": 0.0004480828,
  "suteru": 0.0006754632,
  "heymariel": 0.0004622436,
  "jocabanero4": 0.0001180895,
  "sammify": 0.0006946868,
  "rabino7515": 0.0000633951,
  "arriane001": 0.0005262287,
  "daileen23": 0.0003110075,
  "blueoctopus": 0.0009468694,
  "crstypatata": 0.0009706869,
  "mayt": 0.0008908263,
  "joanna112890": 0.0006329672,
  "hmayak": 0.000092228
}