{
  "gretelarmfeg": 0.0004377035,
  "anlizapasaje1234": 0.0005466135,
  "honeyjean24": 0.0003752073,
  "jeanieviv84": 0.000339508,
  "diosarich": 0.0004209429,
  "vinzie1": 0.0009986475,
  "wanderelle": 0.0007508345,
  "krissymayol": 0.0009167008,
  "desyah07": 0.0001639358,
  "gracefulwrites": 0.0001006028,
  "katiekate86": 0.0009199747,
  "celestyne15": 0.0007274609,
  "antonette": 0.0002752238,
  "superkristhel": 0.0008440688,
  "hopefulsoul": 0.0008768598,
  "ronimarie82": 0.0007100241,
  "dreamrona": 0.0009016906,
  "luthis26": 0.0000913985,
  "izyllah-aeon": 0.0004385877,
  "sethjournals": 0.0009994104,
  "yhanyx87": 0.000947562,
  "saijan19": 0.0000050777,
  "rizz26": 0.0003518908,
  "lj1728": 0.0002581897,
  "lolitaanana001": 0.0005110213,
  "vvodjiu": 0.0008690048,
  "segundolhou29": 0.0004480828,
  "suteru": 0.0001262797,
  "heymariel": 0.0000271233,
  "jocabanero4": 0.0006433388,
  "sammify": 0.0001610397,
  "rabino7515": 0.0006709176,
  "arriane001": 0.0009321177,
  "daileen23": 0.0008767766,
  "blueoctopus": 0.0005184677,
  "crstypatata": 0.0004805263,
  "mayt": 0.0000391265,
  "joanna112890": 0.0005883638,
  "hmayak": 0.0002463151,
  "olang23": 0.0006504411,
  "rodavlas": 0.000682828,
  "levieshome": 0.000375772,
  "serram007": 0.0002007046,
  "jovan1978": 0.0009156959
}