{
  "gretelarmfeg": 0.0000245498,
  "anlizapasaje1234": 0.0005466135,
  "honeyjean24": 0.0003601863,
  "jeanieviv84": 0.0002749694,
  "diosarich": 0.0007383379,
  "vinzie1": 0.0009678195,
  "wanderelle": 0.0005673045,
  "krissymayol": 0.000072643,
  "desyah07": 0.0009824284,
  "gracefulwrites": 0.0009624422,
  "katiekate86": 0.000643242,
  "celestyne15": 0.0003922064,
  "antonette": 0.0002752238,
  "superkristhel": 0.0008440688,
  "hopefulsoul": 0.0007291817,
  "ronimarie82": 0.0004773658,
  "dreamrona": 0.0007580919,
  "luthis26": 0.0000913985,
  "izyllah-aeon": 0.0001105262,
  "sethjournals": 0.0009994104,
  "yhanyx87": 6.18e-7,
  "saijan19": 0.0004125755,
  "rizz26": 0.0009601586,
  "lj1728": 0.0006294364,
  "lolitaanana001": 0.0002659122,
  "vvodjiu": 0.0006107822,
  "segundolhou29": 0.0004480828,
  "suteru": 0.0006373838,
  "heymariel": 0.0005152904,
  "jocabanero4": 0.0006433388,
  "sammify": 0.0004362499,
  "rabino7515": 0.0007342879,
  "arriane001": 0.0006458269,
  "daileen23": 0.000760381,
  "blueoctopus": 0.0002919434,
  "crstypatata": 0.0004069174,
  "mayt": 0.0001957476,
  "joanna112890": 0.0006629945,
  "hmayak": 0.0002297285,
  "olang23": 0.0006504411,
  "rodavlas": 0.000682828,
  "levieshome": 0.000375772,
  "serram007": 0.0002007046,
  "jovan1978": 0.0005113355,
  "mdsahin111": 0.0005400848
}