{
  "gretelarmfeg": 0.0002911502,
  "anlizapasaje1234": 0.0005466135,
  "honeyjean24": 0.0005749412,
  "jeanieviv84": 0.0002460352,
  "diosarich": 0.0001227142,
  "vinzie1": 0.0003335287,
  "wanderelle": 0.0004866173,
  "krissymayol": 0.0001102047,
  "desyah07": 0.0008721982,
  "gracefulwrites": 0.0003970013,
  "katiekate86": 0.0001163918,
  "celestyne15": 0.0003366926,
  "antonette": 0.0000273223,
  "superkristhel": 0.0008440688,
  "hopefulsoul": 0.0007701361,
  "ronimarie82": 0.0007166944,
  "dreamrona": 0.0003959879,
  "luthis26": 0.0007473578,
  "izyllah-aeon": 0.0001857906,
  "sethjournals": 0.0009994104,
  "yhanyx87": 0.0003701529,
  "saijan19": 0.0008784905,
  "rizz26": 0.0003793874,
  "lj1728": 0.0005938828,
  "lolitaanana001": 0.0000739368,
  "vvodjiu": 0.0009190909
}