{
  "gretelarmfeg": 0.0001657509,
  "anlizapasaje1234": 0.0005466135,
  "honeyjean24": 0.0005372634,
  "jeanieviv84": 0.0006468551,
  "diosarich": 0.0008922691,
  "vinzie1": 0.0002456668,
  "wanderelle": 0.0006338077,
  "krissymayol": 0.0000708361,
  "desyah07": 0.0004305346,
  "gracefulwrites": 0.00006089,
  "katiekate86": 0.0007398772,
  "celestyne15": 0.0000480601,
  "antonette": 0.0005175576,
  "superkristhel": 0.0008440688,
  "hopefulsoul": 0.0006254452,
  "ronimarie82": 0.0005491593,
  "dreamrona": 0.000851025,
  "luthis26": 0.0001168413,
  "izyllah-aeon": 0.000766633,
  "sethjournals": 0.0009994104,
  "yhanyx87": 0.000815689,
  "saijan19": 0.0004503192,
  "rizz26": 0.0002843158,
  "lj1728": 0.0001529149,
  "lolitaanana001": 0.0007683738,
  "vvodjiu": 0.0005352582,
  "segundolhou29": 0.0004480828,
  "suteru": 0.0009149907,
  "heymariel": 0.0002469875,
  "jocabanero4": 0.0004733706,
  "sammify": 0.0000432878,
  "rabino7515": 0.0000541561,
  "arriane001": 0.0005258694,
  "daileen23": 0.0002393866,
  "blueoctopus": 0.0001513036
}