{
  "gretelarmfeg": 0.0006329482,
  "anlizapasaje1234": 0.0007835218,
  "honeyjean24": 0.0009134863,
  "jeanieviv84": 0.0008896639,
  "diosarich": 0.000680471,
  "vinzie1": 0.0006534908,
  "wanderelle": 0.0009716971,
  "krissymayol": 0.0009055036,
  "desyah07": 0.0004731021,
  "gracefulwrites": 0.0006018035,
  "katiekate86": 0.0006642801,
  "celestyne15": 0.0001860961,
  "antonette": 0.0003735277,
  "superkristhel": 0.0008440688,
  "hopefulsoul": 0.0000828301,
  "ronimarie82": 0.0001032464,
  "dreamrona": 0.0005549092,
  "luthis26": 0.0001959581,
  "izyllah-aeon": 0.0001071697,
  "sethjournals": 0.0009994104,
  "yhanyx87": 0.0008999651,
  "saijan19": 0.000622529,
  "rizz26": 0.0002277721
}