{
  "gretelarmfeg": 0.0005876995,
  "anlizapasaje1234": 0.0005466135,
  "honeyjean24": 0.0009194111,
  "jeanieviv84": 0.0004209578,
  "diosarich": 0.0000818062,
  "vinzie1": 0.0001815593,
  "wanderelle": 0.0008714867,
  "krissymayol": 0.0008432562,
  "desyah07": 0.0001255403,
  "gracefulwrites": 0.0003349261,
  "katiekate86": 0.0007195286,
  "celestyne15": 0.0000564157,
  "antonette": 0.0009870635,
  "superkristhel": 0.0008440688,
  "hopefulsoul": 0.0005237058,
  "ronimarie82": 0.000773584,
  "dreamrona": 0.0003402084,
  "luthis26": 0.0006554128,
  "izyllah-aeon": 0.0000238613,
  "sethjournals": 0.0009994104,
  "yhanyx87": 0.0003232659,
  "saijan19": 0.0000701691,
  "rizz26": 0.0009924496,
  "lj1728": 0.0003994517,
  "lolitaanana001": 0.0000502224,
  "vvodjiu": 0.0006601164,
  "segundolhou29": 0.000005999,
  "suteru": 0.0009717787,
  "heymariel": 0.0004973501
}