{
  "gretelarmfeg": 0.0002421216,
  "anlizapasaje1234": 0.0005466135,
  "honeyjean24": 0.0009913412,
  "jeanieviv84": 0.0004057397,
  "diosarich": 0.0002958194,
  "vinzie1": 0.0007036437,
  "wanderelle": 0.0008026468,
  "krissymayol": 0.0000044954,
  "desyah07": 0.0006156011,
  "gracefulwrites": 0.0009391366,
  "katiekate86": 0.0003390632,
  "celestyne15": 0.0005685662,
  "antonette": 0.0002752238,
  "superkristhel": 0.0008440688,
  "hopefulsoul": 0.000174022,
  "ronimarie82": 0.0005272748,
  "dreamrona": 0.0006245862,
  "luthis26": 0.0000913985,
  "izyllah-aeon": 0.0002352871,
  "sethjournals": 0.0009994104,
  "yhanyx87": 0.0007968031,
  "saijan19": 0.0000309057,
  "rizz26": 0.0000401878,
  "lj1728": 0.0003227063,
  "lolitaanana001": 0.0000356901,
  "vvodjiu": 0.0003274697,
  "segundolhou29": 0.0004480828,
  "suteru": 0.0003223082,
  "heymariel": 0.0008495121,
  "jocabanero4": 0.0006433388,
  "sammify": 0.0001537246,
  "rabino7515": 0.0004482802,
  "arriane001": 0.0003544336,
  "daileen23": 0.0005056277,
  "blueoctopus": 0.0003763676,
  "crstypatata": 0.0009080207,
  "mayt": 0.0004496171,
  "joanna112890": 0.0008638711,
  "hmayak": 0.0007562882,
  "olang23": 0.0006504411,
  "rodavlas": 0.000682828,
  "levieshome": 0.000375772,
  "serram007": 0.0002007046,
  "jovan1978": 0.0003854452,
  "mdsahin111": 0.0008425516
}