{
  "gretelarmfeg": 0.0005018891,
  "anlizapasaje1234": 0.0004351102,
  "honeyjean24": 0.0004565679,
  "jeanieviv84": 0.0000772235,
  "diosarich": 0.0000915491,
  "vinzie1": 0.000447341,
  "wanderelle": 0.0004423197,
  "krissymayol": 0.000489662,
  "desyah07": 0.0007587668,
  "gracefulwrites": 0.0003179465,
  "katiekate86": 0.0003900205,
  "celestyne15": 0.0003514153,
  "antonette": 0.0002456888,
  "superkristhel": 0.0000600307,
  "hopefulsoul": 0.000446967,
  "ronimarie82": 0.0000586496,
  "dreamrona": 0.0004466283,
  "luthis26": 0.0001151569,
  "izyllah-aeon": 0.0008051699,
  "sethjournals": 0.0001306473
}