{
  "gretelarmfeg": 0.0006225981,
  "anlizapasaje1234": 0.0009243636,
  "honeyjean24": 0.0001663911,
  "jeanieviv84": 0.0001860119,
  "diosarich": 0.0008399082,
  "vinzie1": 0.0003213302,
  "wanderelle": 0.000534817,
  "krissymayol": 0.0004574299,
  "desyah07": 0.000488725,
  "gracefulwrites": 0.0003635876,
  "katiekate86": 0.0002037463,
  "celestyne15": 0.0006947019,
  "antonette": 0.0009181663,
  "superkristhel": 0.0008440688,
  "hopefulsoul": 0.0001012251,
  "ronimarie82": 0.0003762483,
  "dreamrona": 0.0000996059,
  "luthis26": 0.0007422583,
  "izyllah-aeon": 0.0001358846,
  "sethjournals": 0.0009994104,
  "yhanyx87": 0.0004581836,
  "saijan19": 0.0009041133
}