{
  "gretelarmfeg": 0.000514106,
  "anlizapasaje1234": 0.0005466135,
  "honeyjean24": 0.0006203483,
  "jeanieviv84": 0.0002398553,
  "diosarich": 0.0000995421,
  "vinzie1": 0.0003701382,
  "wanderelle": 0.0003265206,
  "krissymayol": 0.0008089301,
  "desyah07": 0.0007466419,
  "gracefulwrites": 0.000297699,
  "katiekate86": 0.0008828624,
  "celestyne15": 0.0001613452,
  "antonette": 0.0002851975,
  "superkristhel": 0.0008440688,
  "hopefulsoul": 0.0006877435,
  "ronimarie82": 0.0002597259,
  "dreamrona": 0.0008166011,
  "luthis26": 0.0008777447,
  "izyllah-aeon": 0.000092785,
  "sethjournals": 0.0009994104,
  "yhanyx87": 0.0007151753,
  "saijan19": 0.000796577,
  "rizz26": 0.0004787834,
  "lj1728": 0.0001489953,
  "lolitaanana001": 0.0007724693,
  "vvodjiu": 0.0008900877,
  "segundolhou29": 0.0004480828,
  "suteru": 0.0009783641,
  "heymariel": 0.0003366674,
  "jocabanero4": 0.0001966284,
  "sammify": 0.0006460919,
  "rabino7515": 0.0000870488,
  "arriane001": 0.0000421152,
  "daileen23": 0.0007473509,
  "blueoctopus": 0.0000360747
}