{
  "gretelarmfeg": 0.0007326852,
  "anlizapasaje1234": 0.0005466135,
  "honeyjean24": 0.0001223298,
  "jeanieviv84": 0.000332136,
  "diosarich": 0.0008058271,
  "vinzie1": 0.0004759747,
  "wanderelle": 0.0006182935,
  "krissymayol": 0.0003543061,
  "desyah07": 0.0000215407,
  "gracefulwrites": 0.0000083359,
  "katiekate86": 0.000441588,
  "celestyne15": 0.0004033855,
  "antonette": 0.0003446198,
  "superkristhel": 0.0008440688,
  "hopefulsoul": 0.0008956179,
  "ronimarie82": 0.0006003872,
  "dreamrona": 0.0003853821,
  "luthis26": 0.0000479664,
  "izyllah-aeon": 0.0006502979,
  "sethjournals": 0.0009994104,
  "yhanyx87": 0.0008947972,
  "saijan19": 0.0004440844,
  "rizz26": 0.0008858266,
  "lj1728": 0.0001845878,
  "lolitaanana001": 0.0005024418,
  "vvodjiu": 0.0007609293
}