{
  "gretelarmfeg": 0.0009193514,
  "anlizapasaje1234": 0.0005466135,
  "honeyjean24": 0.0000901676,
  "jeanieviv84": 0.0001735488,
  "diosarich": 0.0000998998,
  "vinzie1": 0.0006543941,
  "wanderelle": 0.0009450007,
  "krissymayol": 0.0000962269,
  "desyah07": 0.0000290136,
  "gracefulwrites": 0.0002494987,
  "katiekate86": 0.0006394368,
  "celestyne15": 0.0003997341,
  "antonette": 0.0002752238,
  "superkristhel": 0.0008440688,
  "hopefulsoul": 0.000627671,
  "ronimarie82": 0.0006072501,
  "dreamrona": 0.0007181542,
  "luthis26": 0.0000913985,
  "izyllah-aeon": 0.0003640342,
  "sethjournals": 0.0009994104,
  "yhanyx87": 0.0007539367,
  "saijan19": 0.0006021926,
  "rizz26": 0.0001695371,
  "lj1728": 0.0003715167,
  "lolitaanana001": 0.000948655,
  "vvodjiu": 0.0006449165,
  "segundolhou29": 0.0004480828,
  "suteru": 0.0002821928,
  "heymariel": 0.0007070116,
  "jocabanero4": 0.0006433388,
  "sammify": 0.0000953101,
  "rabino7515": 0.0003691258,
  "arriane001": 0.0007747839,
  "daileen23": 0.0001109862,
  "blueoctopus": 0.0000357666,
  "crstypatata": 0.0009287091,
  "mayt": 0.0004942277,
  "joanna112890": 0.0002213033,
  "hmayak": 0.0000044691,
  "olang23": 0.0006504411,
  "rodavlas": 0.000682828,
  "levieshome": 0.000375772,
  "serram007": 0.0002007046,
  "jovan1978": 0.0003321923
}